"","season","site","region","nest_ID","FirstFound","LastPresent","LastChecked","first_found2","last_alive2","last_checked2","status","level","nest_hab","Fate","hum_a","veh_a","dog_a","don_a","dof_a","hof_a","pbd_a","gul_a","hum_m","veh_m","dog_m","don_m","dof_m","hof_m","pbd_m","gul_m","hum_b","veh_b","dog_b","don_b","dof_b","pbd_b","gul_b","hof_b","hum_p","veh_p","dog_p","hof_p","fox_p","n_surveys","days_active","fundays","uncertain_days","halfway"
"1","200910","Bashams Beach","FP","200910_Bashams Beach_1",75,75,77,2009-09-17,2009-09-17,2009-09-19,"N","L0","beach","1",3,0,1,1,0,0,0,0,6,0,2,2,0,0,0,0,"1","0","1","1","0","0","0","0",-Inf,-Inf,1,-Inf,"0",2,1,1,2,1
"2","200910","Bashams Beach","FP","200910_Bashams Beach_2",110,116,120,2009-10-22,2009-10-28,2009-11-01,"Y","L3","beach","1",7.5,0,5.5,1.5,4,0,0,0,10,0,7,2,6,0,0,0,"1","0","1","1","1","0","0","0",3,-Inf,3,-Inf,"0",2,8,2,4,2
"3","200910","Inman River Outlet","FP","200910_Inman River Outlet_1",137,151,151,2009-11-18,2009-12-02,2009-12-02,"N","L1","beach","0",3,0,1,1,0,0,0,0,3,0,1,1,0,0,0,0,"1","0","1","1","0","0","0","0",1,-Inf,1,-Inf,"0",1,14,0,0,0
"4","200910","Maslin Beach","FP","200910_Maslin Beach_2",152,173,173,2009-12-03,2009-12-24,2009-12-24,"Y","L2","dune","0",3,0,1,0,1,0,0,0,3,0,1,0,1,0,0,0,"1","0","1","0","1","0","0","0",2,-Inf,2,-Inf,"0",1,21,1,0,0
"5","200910","Parsons Beach","FP","200910_Parsons Beach_1",170,170,178,2009-12-21,2009-12-21,2009-12-29,"N","L0","beach","1",7,0,0,0,0,0,0.5,7,10,0,0,0,0,0,1,13,"1","0","0","0","0","1","1","0",2,-Inf,-Inf,-Inf,"0",2,4,9,8,4
"6","200910","Port Willunga","FP","200910_Port Willunga_1",92,92,92,2009-10-04,2009-10-04,2009-10-04,"N","L0","foredune/face","0",10,0,3,0,3,0,0,0,10,0,3,0,3,0,0,0,"1","0","1","0","1","0","0","0",2,-Inf,2,-Inf,"0",1,0,1,0,0
"7","201011","Bashams Beach","FP","201011_Bashams Beach_2",144,154,154,2010-11-25,2010-12-05,2010-12-05,"Y","L3","beach","0",0,0,0,0,0,0,0,0,0,0,0,0,0,0,0,0,"1","0","1","0","0","0","0","0",1,-Inf,1,-Inf,"0",1,10,1,0,0
"8","201011","Inman River Outlet","FP","201011_Inman River Outlet_2",177,204,204,2010-12-28,2011-01-24,2011-01-24,"Y","L2","beach","0",2,0,2,1,1,0,0,0,2,0,2,1,1,0,0,0,"1","0","1","1","1","0","0","0",1,-Inf,1,-Inf,"0",1,27,1,0,0
"9","201011","Maslin Beach","FP","201011_Maslin Beach_1",48,67,67,2010-08-21,2010-09-09,2010-09-09,"Y","L2","dune","0",4,0,6,2,4,0,0,0,4,0,6,2,4,0,0,0,"1","0","1","1","1","0","0","0",2,-Inf,2,-Inf,"0",1,19,0,0,0
"10","201011","Maslin Beach","FP","201011_Maslin Beach_2",106,129,129,2010-10-18,2010-11-10,2010-11-10,"Y","L3","dune","0",1,0,0,0,0,0,0,0,1,0,0,0,0,0,0,0,"1","0","1","0","0","0","0","0",1,-Inf,1,-Inf,"0",1,23,0,0,0
"11","201011","Maslin Beach","FP","201011_Maslin Beach_3",179,179,179,2010-12-30,2010-12-30,2010-12-30,"Y","L3","beach","0",13,0,4,1,3,0,0,0,13,0,4,1,3,0,0,0,"1","0","1","1","1","0","0","0",3,-Inf,2,-Inf,"0",1,0,1,0,0
"12","201011","Port Willunga","FP","201011_Port Willunga_1",164,184,184,2010-12-15,2011-01-04,2011-01-04,"Y","L3","beach","0",16,0,3,0,3,0,0,2,16,0,3,0,3,0,0,2,"1","0","1","0","1","0","1","0",3,-Inf,2,-Inf,"0",1,20,1,0,0
"13","201011","Watsons Gap","FP","201011_Watsons Gap_1",92,92,94,2010-10-04,2010-10-04,2010-10-06,"N","L0","beach","1",2.5,0,1,0,1,0,0.5,6,4,0,2,0,2,0,1,6,"1","0","1","0","1","1","1","0",3,-Inf,3,-Inf,"0",2,1,3,2,1
"14","201011","Carrickalinga North","FP","201011_Carrickalinga North_1",114,115,119,2010-10-26,2010-10-27,2010-10-31,"Y","L2","beach","1",2.5,0,0.5,0.5,0,0,0,0,4,0,1,1,0,0,0,0,"1","1","1","1","0","0","0","0",2,1,2,-Inf,"0",2,3,2,4,2
"15","201011","Carrickalinga Rotunda","FP","201011_Carrickalinga Rotunda_1",115,115,121,2010-10-27,2010-10-27,2010-11-02,"Y","L2","beach","1",2,0,1,1,0,0,0,0,2,0,2,2,0,0,0,0,"1","1","1","1","0","0","0","0",2,1,2,-Inf,"0",2,3,2,6,3
"16","201011","Carrickalinga Rotunda","FP","201011_Carrickalinga Rotunda_3",190,209,209,2011-01-10,2011-01-29,2011-01-29,"Y","L3","beach","0",38,0,0,0,0,0,0,0,38,0,0,0,0,0,0,0,"1","0","1","0","0","0","0","0",3,-Inf,2,-Inf,"0",1,19,1,0,0
"17","201011","Hindmarsh River Mouth","FP","201011_Hindmarsh River Mouth_1",74,76,80,2010-09-16,2010-09-18,2010-09-22,"N","L0","beach","1",1.5,0,0.5,0,0.5,0,1.5,4,3,0,1,0,1,0,3,5,"1","0","1","0","1","1","1","0",3,-Inf,2,-Inf,"0",2,4,2,4,2
"18","201011","Hindmarsh River Mouth","FP","201011_Hindmarsh River Mouth_2",98,110,114,2010-10-10,2010-10-22,2010-10-26,"N","L0","dune","1",6,0,2,0,2,0,1,0,8,0,2,0,2,0,2,0,"1","0","1","0","1","1","0","0",3,-Inf,2,-Inf,"0",2,14,2,4,2
"19","201011","Hindmarsh River Mouth","FP","201011_Hindmarsh River Mouth_3",131,143,143,2010-11-12,2010-11-24,2010-11-24,"Y","L3","foredune/face","0",9,0,4,3,1,0,1,3,9,0,4,3,1,0,1,3,"1","0","1","1","1","1","1","0",3,-Inf,2,-Inf,"0",1,12,0,0,0
"20","201011","Hindmarsh River Mouth","FP","201011_Hindmarsh River Mouth_4",164,164,169,2010-12-15,2010-12-15,2010-12-20,"Y","L3","foredune/face","1",0,0,0,0,0,0,0,5,0,0,0,0,0,0,0,5,"1","0","1","0","0","0","1","0",1,-Inf,1,-Inf,"0",1,2.5,6,5,2.5
"21","201011","Hindmarsh River Mouth","FP","201011_Hindmarsh River Mouth_6",208,208,209,2011-01-28,2011-01-28,2011-01-29,"Y","L3","beach","1",14.5,0,6.5,2,4.5,0,0,4,15,0,7,2,5,0,0,8,"1","0","1","1","1","0","1","0",3,-Inf,3,-Inf,"0",2,0.5,2,1,0.5
"22","201011","Myponga Beach","FP","201011_Myponga Beach_2",154,158,158,2010-12-05,2010-12-09,2010-12-09,"Y","L3","estuary/spit","0",0,0,0,0,0,0,0,1,0,0,0,0,0,0,0,1,"1","0","1","0","0","0","1","1",1,-Inf,1,2,"0",1,4,0,0,0
"23","201011","Normanville North","FP","201011_Normanville North_1",106,114,114,2010-10-18,2010-10-26,2010-10-26,"Y","L3","beach","1",2,0,0,0,0,0,2,0,2,0,0,0,0,0,2,0,"1","0","1","0","0","1","0","0",1,-Inf,1,-Inf,"0",1,8,0,0,0
"24","201011","Normanville North","FP","201011_Normanville North_3",147,163,167,2010-11-28,2010-12-14,2010-12-18,"Y","L3","estuary/spit","1",0,0,0,0,0,0,0,1,0,0,0,0,0,0,0,1,"1","0","1","0","0","0","1","0",1,-Inf,1,-Inf,"0",2,18,5,4,2
"25","201011","Shelley Beach (lady bay)","FP","201011_Shelley Beach (lady bay)_1",226,230,230,2011-02-15,2011-02-19,2011-02-19,"Y","L3","dune","0",0,0,0,0,0,0,0,0,0,0,0,0,0,0,0,0,"1","0","1","0","0","0","0","0",1,-Inf,1,-Inf,"0",1,4,1,0,0
"26","201011","Tunkalilla East","FP","201011_Tunkalilla East_1",207,207,210,2011-01-27,2011-01-27,2011-01-30,"N","L0","dune","1",0,0,0,0,0,0,0,0,0,0,0,0,0,0,0,0,"1","0","1","0","0","0","0","0",1,-Inf,1,-Inf,"1",1,1.5,4,3,1.5
"27","201011","Tunkalilla West","FP","201011_Tunkalilla West_1",140,140,140,2010-11-21,2010-11-21,2010-11-21,"N","L0","beach","0",2,0,3,3,0,0,0,0,2,0,3,3,0,0,0,0,"1","1","1","1","0","0","0","0",1,1,1,-Inf,"1",1,0,1,0,0
"28","201112","Bashams Beach","FP","201112_Bashams Beach_1",120,131,137,2011-11-01,2011-11-12,2011-11-18,"Y","L2","dune","1",0,0,4,0,4,0,0,0,0,0,4,0,4,0,0,0,"1","0","1","0","1","0","0","0",2,-Inf,2,-Inf,"0",1,14,2,6,3
"29","201112","Inman River Outlet","FP","201112_Inman River Outlet_1",94,104,104,2011-10-06,2011-10-16,2011-10-16,"Y","L3","beach","0",0,0,0,0,0,0,0,10,0,0,0,0,0,0,0,10,"1","0","1","0","0","0","1","0",1,-Inf,1,-Inf,"0",1,10,1,0,0
"30","201112","Inman River Outlet","FP","201112_Inman River Outlet_2",155,181,181,2011-12-06,2012-01-01,2012-01-01,"Y","L2","beach","0",28,0,2,1,1,0,0,0,28,0,2,1,1,0,0,0,"1","0","1","1","1","0","0","0",2,-Inf,1,-Inf,"0",1,26,1,0,0
"31","201112","Inman River Outlet","FP","201112_Inman River Outlet_3",198,198,200,2012-01-18,2012-01-18,2012-01-20,"Y","L2","beach","1",1.5,0,0.5,0,0.5,0,0.5,12.5,3,0,1,0,1,0,1,14,"1","0","1","0","1","1","1","0",3,-Inf,1,-Inf,"0",2,1,3,2,1
"32","201112","Maslin Beach","FP","201112_Maslin Beach_3",118,139,139,2011-10-30,2011-11-20,2011-11-20,"Y","L3","foredune/face","0",3,0,1,0,1,0,0,0,3,0,1,0,1,0,0,0,"1","0","1","0","1","0","0","0",1,-Inf,1,-Inf,"0",1,21,1,0,0
"33","201112","Port Willunga","FP","201112_Port Willunga_1",44,64,64,2011-08-17,2011-09-06,2011-09-06,"Y","L3","beach","0",3,0,0,0,0,0,0,0,3,0,0,0,0,0,0,0,"1","0","1","0","0","0","0","0",2,-Inf,1,-Inf,"0",1,20,0,0,0
"34","201112","Port Willunga","FP","201112_Port Willunga_2",134,165,165,2011-11-15,2011-12-16,2011-12-16,"Y","L3","beach","0",6,0,3,3,0,0,0,0,6,0,3,3,0,0,0,0,"1","0","1","1","0","0","0","0",2,-Inf,1,-Inf,"0",1,31,0,0,0
"35","201112","Carrickalinga North","FP","201112_Carrickalinga North_1",63,63,64,2011-09-05,2011-09-05,2011-09-06,"Y","L2","foredune/face","1",5,0,0,0,0,0,2,1,8,0,0,0,0,0,4,2,"1","0","1","0","0","1","1","0",2,-Inf,2,-Inf,"0",2,0.5,0,1,0.5
"36","201112","Shelley Beach (lady bay)","FP","201112_Shelley Beach (lady bay)_1",61,61,63,2011-09-03,2011-09-03,2011-09-05,"N","L0","foredune/face","1",1.5,0,2,0,2,0,0,0,2,0,2,0,2,0,0,0,"1","1","1","0","1","0","0","0",1,1,1,-Inf,"0",2,1,2,2,1
"37","201112","Shelley Beach (lady bay)","FP","201112_Shelley Beach (lady bay)_2",148,150,150,2011-11-29,2011-12-01,2011-12-01,"Y","L3","beach","1",4,0,1,0,1,0,0,0,4,0,1,0,1,0,0,0,"1","0","1","0","1","0","0","0",1,-Inf,1,-Inf,"0",1,2,0,0,0
"38","201213","Inman River Outlet","FP","201213_Inman River Outlet_2",146,170,170,2012-11-27,2012-12-21,2012-12-21,"Y","L3","beach","0",2,0,1,1,0,0,0,4,2,0,1,1,0,0,0,4,"1","0","1","1","0","0","1","0",1,-Inf,-Inf,-Inf,"0",1,24,1,0,0
"39","201213","Maslin Beach","FP","201213_Maslin Beach_1",91,97,104,2012-10-03,2012-10-09,2012-10-16,"Y","L3","dune","1",2,0,0,0,0,0,1,0,2,0,0,0,0,0,1,0,"1","0","0","0","0","1","0","0",1,-Inf,-Inf,-Inf,"0",1,9.5,2,7,3.5
"40","201213","Maslin Beach","FP","201213_Maslin Beach_2",111,133,136,2012-10-23,2012-11-14,2012-11-17,"Y","L3","dune","1",8.5,0,4.5,0,4.5,0,0,0,11,0,8,0,8,0,0,0,"1","0","1","0","1","0","0","0",3,-Inf,-Inf,-Inf,"0",2,23.5,1,3,1.5
"41","201213","Carrickalinga Rotunda","FP","201213_Carrickalinga Rotunda_1",121,121,125,2012-11-02,2012-11-02,2012-11-06,"N","L0","beach","1",0,0,0,0,0,0,0,0,0,0,0,0,0,0,0,0,"1","0","0","0","0","0","0","0",1,-Inf,-Inf,-Inf,"0",1,2,2,4,2
"42","201213","Hindmarsh River Mouth","FP","201213_Hindmarsh River Mouth_1",38,44,45,2012-08-11,2012-08-17,2012-08-18,"N","L1","beach","1",1,0,0,0,0,0,0,0,1,0,0,0,0,0,0,0,"1","0","0","0","0","0","0","0",-Inf,-Inf,-Inf,-Inf,"0",1,6.5,1,1,0.5
"43","201213","Hindmarsh River Mouth","FP","201213_Hindmarsh River Mouth_2",60,84,84,2012-09-02,2012-09-26,2012-09-26,"Y","L2","beach","0",12,0,5,0,5,0,0,7,12,0,5,0,5,0,0,7,"1","0","1","0","1","0","1","0",2,-Inf,-Inf,-Inf,"0",1,24,1,0,0
"44","201213","Shelley Beach (lady bay)","FP","201213_Shelley Beach (lady bay)_1",148,148,151,2012-11-29,2012-11-29,2012-12-02,"N","L0","beach","1",2,0,0,0,0,0,3,1,2,0,0,0,0,0,3,1,"1","0","0","0","0","1","1","0",1,-Inf,-Inf,-Inf,"0",1,1.5,2,3,1.5
"45","201213","Tunkalilla West","FP","201213_Tunkalilla West_1",129,129,129,2012-11-10,2012-11-10,2012-11-10,"N","L0","foredune/face","0",0,0,0,0,0,0,4,4,0,0,0,0,0,0,4,4,"0","0","0","0","0","1","1","0",-Inf,-Inf,-Inf,-Inf,"2",1,0,1,0,0
"46","201213","Tunkalilla West","FP","201213_Tunkalilla West_2",199,207,207,2013-01-19,2013-01-27,2013-01-27,"N","L0","beach","0",1,0,1,0,1,0,2,1,1,0,1,0,1,0,2,1,"1","1","1","0","1","1","1","0",2,2,-Inf,-Inf,"2",1,8,1,0,0
"47","201213","Tunkalilla Inner West","FP","201213_Tunkalilla Inner West_2",161,161,167,2012-12-12,2012-12-12,2012-12-18,"N","L0","beach","1",6,0,0,0,0,0,3,4,7,0,0,0,0,0,3,5,"1","0","0","0","0","1","1","0",2,-Inf,-Inf,-Inf,"2",2,3,4,6,3
"48","201213","Tunkalilla Inner West","FP","201213_Tunkalilla Inner West_3",199,207,221,2013-01-19,2013-01-27,2013-02-10,"Y","L2","beach","1",1,0,0.5,0,0.5,10,0,0,2,0,1,0,1,20,0,0,"1","1","1","0","1","0","0","1",2,1,-Inf,-Inf,"3",2,15,6,14,7
"49","201213","Waitpinga Beach","FP","201213_Waitpinga Beach_1",129,129,137,2012-11-10,2012-11-10,2012-11-18,"N","L0","beach","1",2,0,0,0,0,0,3,2,2,0,0,0,0,0,3,4,"1","0","0","0","0","1","1","0",1,-Inf,-Inf,-Inf,"1",2,4,4,8,4
"50","201314","Inman River Outlet","FP","201314_Inman River Outlet_1",68,82,84,2013-09-10,2013-09-24,2013-09-26,"Y","L3","beach","1",0,0,0,0,0,0,0,2.5,0,0,0,0,0,0,0,3,"1","0","0","0","0","0","1","0",1,-Inf,-Inf,-Inf,"0",2,15,0,2,1
"51","201314","Inman River Outlet","FP","201314_Inman River Outlet_2",113,120,124,2013-10-25,2013-11-01,2013-11-05,"Y","L3","foredune/face","1",2.5,0,2.5,0,2.5,0,0,7,5,0,5,0,5,0,0,8,"1","0","1","0","1","0","1","0",2,-Inf,2,-Inf,"0",2,9,2,4,2
"52","201314","Inman River Outlet","FP","201314_Inman River Outlet_3",137,140,148,2013-11-18,2013-11-21,2013-11-29,"Y","L3","beach","1",1.5,0,0.5,0.5,0,0,0,3.5,2,0,1,1,0,0,0,4,"1","0","1","1","0","0","1","0",1,-Inf,1,-Inf,"0",2,7,2,8,4
"53","201314","Inman River Outlet","FP","201314_Inman River Outlet_4",158,170,175,2013-12-09,2013-12-21,2013-12-26,"Y","L3","beach","1",7.5,0,2.5,1,1.5,0,0,4,8,0,3,2,2,0,0,4,"1","0","1","1","1","0","1","0",1,-Inf,1,-Inf,"0",2,14.5,6,5,2.5
"54","201314","Inman River Outlet","FP","201314_Inman River Outlet_5",190,190,195,2014-01-10,2014-01-10,2014-01-15,"N","L1","beach","1",11.5,0,2.5,0,2.5,0,0,4,12,0,5,0,5,0,0,5,"1","0","1","0","1","0","1","0",3,-Inf,3,-Inf,"0",2,2.5,6,5,2.5
"55","201314","Maslin Beach","FP","201314_Maslin Beach_1",56,63,67,2013-08-29,2013-09-05,2013-09-09,"Y","L3","dune","1",2,0,2,0,2,0,0.5,2.5,4,0,4,0,4,0,1,4,"1","0","1","0","1","1","1","0",1,-Inf,1,-Inf,"0",2,9,2,4,2
"56","201314","Maslin Beach","FP","201314_Maslin Beach_2",77,81,84,2013-09-19,2013-09-23,2013-09-26,"Y","L3","foredune/face","1",7,0,2,0,2,0,0,0,7,0,2,0,2,0,0,0,"1","0","1","0","1","0","0","0",1,-Inf,1,-Inf,"0",1,5.5,0,3,1.5
"57","201314","Maslin Beach","FP","201314_Maslin Beach_3",97,97,101,2013-10-09,2013-10-09,2013-10-13,"Y","L3","dune","1",5.5,0,1.5,0,1.5,0,0,7.5,11,0,3,0,3,0,0,15,"1","0","1","0","1","0","1","0",2,-Inf,2,-Inf,"0",2,2,5,4,2
"58","201314","Maslin Beach","FP","201314_Maslin Beach_4",114,137,138,2013-10-26,2013-11-18,2013-11-19,"Y","L3","dune","1",3.5,0,0.5,0,0.5,0,0,1,4,0,1,0,1,0,0,2,"1","0","1","0","1","0","1","0",3,-Inf,2,-Inf,"1",2,23.5,0,1,0.5
"59","201314","Maslin Beach","FP","201314_Maslin Beach_5",151,178,179,2013-12-02,2013-12-29,2013-12-30,"Y","L3","foredune/face","1",12.5,0,4,2.5,1.5,0,0,1.5,14,0,4,4,3,0,0,2,"1","0","1","1","1","0","1","0",2,-Inf,2,-Inf,"1",2,27.5,2,1,0.5
"60","201314","Parsons Beach","FP","201314_Parsons Beach_2",210,210,221,2014-01-30,2014-01-30,2014-02-10,"N","L0","beach","1",0,0,0,0,0,0,0.5,3,0,0,0,0,0,0,1,4,"1","0","0","0","0","1","1","0",1,-Inf,-Inf,-Inf,"1",2,5.5,4,11,5.5
"61","201314","Port Willunga","FP","201314_Port Willunga_1",51,77,77,2013-08-24,2013-09-19,2013-09-19,"Y","L3","foredune/face","0",5,0,6,2,4,0,0,2,5,0,6,2,4,0,0,2,"1","0","1","1","1","0","1","0",1,-Inf,1,-Inf,"0",1,26,0,0,0
"62","201314","Port Willunga","FP","201314_Port Willunga_2",101,101,105,2013-10-13,2013-10-13,2013-10-17,"Y","L3","beach","1",2,0,1,0,1,0,0,13,4,0,2,0,2,0,0,26,"1","0","1","0","1","0","1","0",1,-Inf,1,-Inf,"0",2,2,1,4,2
"63","201314","Watsons Gap","FP","201314_Watsons Gap_1",56,74,74,2013-08-29,2013-09-16,2013-09-16,"Y","L3","estuary/spit","0",0,0,0,0,0,0,0,1,0,0,0,0,0,0,0,1,"1","0","1","0","0","0","1","0",1,-Inf,1,-Inf,"0",1,18,0,0,0
"64","201314","Myponga Beach","FP","201314_Myponga Beach_2",165,169,185,2013-12-16,2013-12-20,2014-01-05,"Y","L3","foredune/face","1",7,0,2,0,2,0,0,2,7,0,2,0,2,0,0,2,"1","0","1","0","1","0","1","0",-Inf,-Inf,2,-Inf,"0",1,12,17,16,8
"65","201314","Myponga Beach","FP","201314_Myponga Beach_3",185,207,214,2014-01-05,2014-01-27,2014-02-03,"Y","L3","foredune/face","1",14,0,0,0,0,0,0,0,14,0,0,0,0,0,0,0,"1","0","0","0","0","0","0","0",3,-Inf,-Inf,-Inf,"0",1,25.5,3,7,3.5
"66","201314","Tunkalilla Inner West","FP","201314_Tunkalilla Inner West_1",133,141,141,2013-11-14,2013-11-22,2013-11-22,"Y","L2","beach","0",3,0,0,0,0,0,4,5,3,0,0,0,0,0,4,5,"1","0","0","0","0","1","1","0",1,-Inf,-Inf,-Inf,"3",1,8,0,0,0
"67","201314","Tunkalilla Inner West","FP","201314_Tunkalilla Inner West_2",162,162,162,2013-12-13,2013-12-13,2013-12-13,"Y","L2","beach","0",0,0,0,0,0,0,3,9,0,0,0,0,0,0,3,9,"0","0","0","0","0","1","1","0",-Inf,-Inf,-Inf,-Inf,"2",1,0,0,0,0
"68","201314","Callawonga","FP","201314_Callawonga_2",180,192,192,2013-12-31,2014-01-12,2014-01-12,"N","L0","beach","0",0,0,0,0,0,0,0,0,0,0,0,0,0,0,0,0,"0","0","0","0","0","0","0","0",-Inf,-Inf,-Inf,-Inf,"2",1,12,1,0,0
"69","201314","Port Stanvac","FP","201314_Port Stanvac_1",168,190,190,2013-12-19,2014-01-10,2014-01-10,"N","L0","foredune/face","0",0,0,0,0,0,0,0,0,0,0,0,0,0,0,0,0,"0","0","0","0","0","0","0","0",-Inf,-Inf,-Inf,-Inf,"1",1,22,1,0,0
"70","201415","Bashams Beach","FP","201415_Bashams Beach_1",124,152,152,2014-11-05,2014-12-03,2014-12-03,"Y","L3","foredune/face","0",2,0,2,2,0,0,0,0,2,0,2,2,0,0,0,0,"1","0","1","1","0","0","0","0",1,-Inf,1,-Inf,"0",1,28,0,0,0
"71","201415","Carrickalinga Rotunda","FP","201415_Carrickalinga Rotunda_2",199,216,223,2015-01-19,2015-02-05,2015-02-12,"Y","L3","foredune/face","1",4.33333333333333,0,1,0.333333333333333,0.666666666666667,0,3.33333333333333,2.66666666666667,8,0,2,1,2,0,10,5,"1","0","1","1","1","1","1","0",2,-Inf,1,-Inf,"0",3,20.5,2,7,3.5
"72","201415","Hindmarsh River Mouth","FP","201415_Hindmarsh River Mouth_2",75,102,103,2014-09-17,2014-10-14,2014-10-15,"Y","L3","beach","1",11.5,0,2.5,2.5,0,0,1.5,6,20,0,4,4,0,0,3,12,"1","0","1","1","0","1","1","0",3,-Inf,2,-Inf,"0",2,27.5,0,1,0.5
"73","201415","Hindmarsh River Mouth","FP","201415_Hindmarsh River Mouth_4",127,158,158,2014-11-08,2014-12-09,2014-12-09,"Y","L3","foredune/face","0",12,0,8,2,6,0,0,0,12,0,8,2,6,0,0,0,"1","0","1","1","1","0","0","0",1,-Inf,1,-Inf,"0",1,31,0,0,0
"74","201415","Myponga Beach","FP","201415_Myponga Beach_1",63,70,75,2014-09-05,2014-09-12,2014-09-17,"Y","L3","estuary/spit","1",0,0,0,0,0,0,0,0,0,0,0,0,0,0,0,0,"0","0","0","0","0","0","0","0",-Inf,-Inf,-Inf,-Inf,"0",1,9.5,2,5,2.5
"75","201415","Myponga Beach","FP","201415_Myponga Beach_2",92,92,98,2014-10-04,2014-10-04,2014-10-10,"Y","L3","beach","1",6,0,0,0,0,0,0,0,12,0,0,0,0,0,0,0,"1","0","1","0","0","0","0","0",1,-Inf,1,-Inf,"0",2,3,7,6,3
"76","201415","Myponga Beach","FP","201415_Myponga Beach_3",112,120,121,2014-10-24,2014-11-01,2014-11-02,"Y","L3","beach","1",2,0,0,0,0,0,0,20,4,0,0,0,0,0,0,40,"1","0","1","0","0","0","1","0",1,-Inf,2,-Inf,"0",2,8.5,2,1,0.5
"77","201415","Shelley Beach (lady bay)","FP","201415_Shelley Beach (lady bay)_1",146,164,164,2014-11-27,2014-12-15,2014-12-15,"Y","L3","beach","0",0,0,0,0,0,0,0,3,0,0,0,0,0,0,0,3,"1","0","1","0","0","0","1","0",1,-Inf,1,-Inf,"1",1,18,1,0,0
"78","201415","Tunkalilla East","FP","201415_Tunkalilla East_2",137,137,137,2014-11-18,2014-11-18,2014-11-18,"N","L0","dune","0",0,0,0,0,0,0,0,0,0,0,0,0,0,0,0,0,"1","0","0","0","0","0","0","1",1,-Inf,-Inf,1,"2",1,0,0,0,0
"79","201415","Tunkalilla East","FP","201415_Tunkalilla East_3",219,230,230,2015-02-08,2015-02-19,2015-02-19,"Y","L2","beach","0",0,0,0,0,0,0,0,1,0,0,0,0,0,0,0,1,"1","0","0","0","0","0","1","1",2,-Inf,-Inf,2,"2",1,11,0,0,0
"80","201415","Tunkalilla West","FP","201415_Tunkalilla West_1",80,97,105,2014-09-22,2014-10-09,2014-10-17,"N","L0","beach","1",0,0,0,0,0,0,3,2,0,0,0,0,0,0,3,2,"1","0","0","0","0","1","1","1",1,-Inf,-Inf,1,"2",1,21,4,8,4
"81","201415","Ochre Cove, Maslins","FP","201415_Ochre Cove, Maslins_1",49,72,72,2014-08-22,2014-09-14,2014-09-14,"Y","L3","beach","0",8,0,0,0,0,0,0,6,8,0,0,0,0,0,0,6,"1","0","1","0","0","0","1","0",2,-Inf,1,-Inf,"0",1,23,1,0,0
"82","201415","Ochre Cove, Maslins","FP","201415_Ochre Cove, Maslins_2",125,148,148,2014-11-06,2014-11-29,2014-11-29,"Y","L3","beach","0",0,0,0,0,0,0,6,21,0,0,0,0,0,0,6,21,"1","0","1","0","0","1","1","0",1,-Inf,1,-Inf,"0",1,23,1,0,0
"83","201415","Sheepies beach","FP","201415_Sheepies beach_1",111,124,129,2014-10-23,2014-11-05,2014-11-10,"Y","L2","foredune/face","1",0.5,0,0,0,0,0,1,0.5,1,0,0,0,0,0,2,1,"1","0","0","0","0","1","1","0",3,-Inf,-Inf,-Inf,"1",2,15.5,2,5,2.5
"84","201415","Sheepies beach","FP","201415_Sheepies beach_2",151,151,160,2014-12-02,2014-12-02,2014-12-11,"N","L1","dune","1",0,0,0,0,0,0,6,0.5,0,0,0,0,0,0,11,1,"0","0","0","0","0","1","1","0",-Inf,-Inf,-Inf,-Inf,"0",2,4.5,2,9,4.5
"85","201415","Sheepies beach","FP","201415_Sheepies beach_3",173,173,179,2014-12-24,2014-12-24,2014-12-30,"N","L1","beach","1",0,0,0,0,0,0,0,1,0,0,0,0,0,0,0,1,"0","0","0","0","0","0","1","0",-Inf,-Inf,-Inf,-Inf,"0",1,3,7,6,3
"86","201415","Waitpinga Beach (west)","FP","201415_Waitpinga Beach (west)_1",124,124,129,2014-11-05,2014-11-05,2014-11-10,"N","L1","foredune/face","1",2.5,0,0,0,0,0,3,30.5,5,0,0,0,0,0,6,55,"1","0","0","0","0","1","1","0",2,-Inf,-Inf,-Inf,"1",2,2.5,2,5,2.5
"87","201415","Waitpinga Beach (west)","FP","201415_Waitpinga Beach (west)_2",166,179,183,2014-12-17,2014-12-30,2015-01-03,"Y","L3","foredune/face","1",7.5,0,0,0,0,0,3,6,8,0,0,0,0,0,6,10,"1","0","0","0","0","1","1","0",2,-Inf,-Inf,-Inf,"0",2,15,5,4,2
"88","201415","Yankalilla river mouth","FP","201415_Yankalilla river mouth_1",146,150,157,2014-11-27,2014-12-01,2014-12-08,"Y","L3","beach","1",0,0,0,0,0,0,9.5,6.5,0,0,0,0,0,0,11,9,"1","1","1","0","0","1","1","0",1,2,1,-Inf,"1",2,7.5,2,7,3.5
"89","201415","Yankalilla river mouth","FP","201415_Yankalilla river mouth_2",170,170,181,2014-12-21,2014-12-21,2015-01-01,"N","L0","beach","1",1.5,0,0.5,0.5,0,0,1,14.5,3,0,1,1,0,0,2,17,"1","1","1","1","0","1","1","0",2,3,2,-Inf,"2",2,5.5,12,11,5.5
"90","201415","Yankalilla river mouth","FP","201415_Yankalilla river mouth_3",199,210,213,2015-01-19,2015-01-30,2015-02-02,"Y","L3","beach","1",1,0,1,0,1,0,0,3,1,0,1,0,1,0,0,3,"1","0","1","0","1","0","1","0",1,-Inf,1,-Inf,"0",1,12.5,2,3,1.5
"91","201415","Yilki","FP","201415_Yilki_2",160,182,182,2014-12-11,2015-01-02,2015-01-02,"Y","L3","beach","0",19,0,4,4,0,0,0,11,19,0,4,4,0,0,0,11,"1","0","1","1","0","0","1","0",3,-Inf,3,-Inf,"0",1,22,1,0,0
"92","201415","Yilki","FP","201415_Yilki_3",199,227,227,2015-01-19,2015-02-16,2015-02-16,"Y","L3","beach","0",3,0,3,3,0,0,2,10,3,0,3,3,0,0,2,10,"1","0","1","1","0","1","1","0",2,-Inf,2,-Inf,"0",1,28,0,0,0
"93","201516","Bashams Beach","FP","201516_Bashams Beach_1",61,69,71,2015-09-03,2015-09-11,2015-09-13,"Y","L3","foredune/face","1",3,0,1.5,1,0.5,0,0,30,4,0,2,2,1,0,0,30,"1","0","1","1","1","0","1","0",2,-Inf,2,-Inf,"0",2,9,2,2,1
"94","201516","Bashams Beach","FP","201516_Bashams Beach_2",80,89,94,2015-09-22,2015-10-01,2015-10-06,"Y","L3","beach","1",1.5,0,0.5,0.5,0,0,0,22.5,2,0,1,1,0,0,0,25,"1","0","1","1","0","0","1","0",1,-Inf,1,-Inf,"0",2,11.5,6,5,2.5
"95","201516","Bashams Beach","FP","201516_Bashams Beach_3",109,117,119,2015-10-21,2015-10-29,2015-10-31,"Y","L3","beach","1",1,0,0,0,0,0,0,32,2,0,0,0,0,0,0,39,"1","0","1","0","0","0","1","0",1,-Inf,1,-Inf,"0",2,9,1,2,1
"96","201516","Parsons Beach","FP","201516_Parsons Beach_1",148,158,164,2015-11-29,2015-12-09,2015-12-15,"N","L1","foredune/face","1",0,0,0,0,0,0,0,1.5,0,0,0,0,0,0,0,3,"1","0","0","0","0","0","1","0",1,-Inf,-Inf,-Inf,"0",2,13,4,6,3
"97","201516","Parsons Beach","FP","201516_Parsons Beach_2",178,182,185,2015-12-29,2016-01-02,2016-01-05,"N","L1","foredune/face","1",0,0,0,0,0,0,3,2.5,0,0,0,0,0,0,6,3,"1","0","0","0","0","1","1","0",1,-Inf,-Inf,-Inf,"1",2,5.5,4,3,1.5
"98","201516","Port Willunga","FP","201516_Port Willunga_1",116,138,138,2015-10-28,2015-11-19,2015-11-19,"Y","L3","beach","0",2,0,0,0,0,0,0,0,2,0,0,0,0,0,0,0,"1","0","1","0","0","0","0","0",1,-Inf,1,-Inf,"0",1,22,0,0,0
"99","201516","Watsons Gap","FP","201516_Watsons Gap_2",146,177,177,2015-11-27,2015-12-28,2015-12-28,"Y","L3","beach","0",32,0,8,4,4,0,0,16,32,0,8,4,4,0,0,16,"1","1","1","1","1","0","1","0",3,1,3,-Inf,"0",1,31,1,0,0
"100","201516","Watsons Gap","FP","201516_Watsons Gap_3",200,231,231,2016-01-20,2016-02-20,2016-02-20,"Y","L3","beach","0",6,0,3,2,3,0,0,7,6,0,3,2,3,0,0,7,"1","0","1","1","1","0","1","0",3,-Inf,2,-Inf,"0",1,31,1,0,0
"101","201516","Carrickalinga Rotunda","FP","201516_Carrickalinga Rotunda_1",68,71,72,2015-09-10,2015-09-13,2015-09-14,"Y","L3","beach","1",12,0,7,5,2,0,0,0,12,0,7,5,2,0,0,0,"1","0","1","1","1","0","0","0",3,-Inf,3,-Inf,"0",1,3.5,1,1,0.5
"102","201516","Carrickalinga Rotunda","FP","201516_Carrickalinga Rotunda_2",124,124,125,2015-11-05,2015-11-05,2015-11-06,"N","L0","beach","1",2,0,1.5,0,1.5,0,3,1,4,0,3,0,3,0,3,2,"1","0","1","0","1","1","1","0",1,-Inf,1,-Inf,"1",2,0.5,0,1,0.5
"103","201516","Tunkalilla East","FP","201516_Tunkalilla East_1",152,152,152,2015-12-03,2015-12-03,2015-12-03,"N","L0","beach","0",0,0,0,0,0,0,0,3,0,0,0,0,0,0,0,3,"0","0","0","0","0","0","1","0",-Inf,-Inf,-Inf,-Inf,"1",1,0,0,0,0
"104","201516","Ochre Cove, Maslins","FP","201516_Ochre Cove, Maslins_1",45,70,70,2015-08-18,2015-09-12,2015-09-12,"Y","L3","foredune/face","0",4,0,2,0,2,0,8,1,4,0,2,0,2,0,8,1,"1","0","1","0","1","1","1","0",1,-Inf,1,-Inf,"0",1,25,1,0,0
"105","201516","Ochre Cove, Maslins","FP","201516_Ochre Cove, Maslins_2",120,145,145,2015-11-01,2015-11-26,2015-11-26,"Y","L3","beach","0",0,0,0,0,0,0,0,6,0,0,0,0,0,0,0,6,"1","0","0","0","0","0","1","0",1,-Inf,-Inf,-Inf,"0",1,25,0,0,0
"106","201516","Yilki","FP","201516_Yilki_1",56,84,84,2015-08-29,2015-09-26,2015-09-26,"Y","L3","beach","0",3,0,3,3,0,0,0,24,3,0,3,3,0,0,0,24,"1","0","1","1","0","0","1","0",2,-Inf,2,-Inf,"0",1,28,1,0,0
"107","201516","Yilki","FP","201516_Yilki_2",115,142,142,2015-10-27,2015-11-23,2015-11-23,"Y","L3","beach","0",6,0,6,1,5,0,0,3,6,0,6,1,5,0,0,3,"1","0","1","1","1","0","1","0",1,-Inf,1,-Inf,"0",1,27,0,0,0
"108","201516","Yilki","FP","201516_Yilki_3",156,188,188,2015-12-07,2016-01-08,2016-01-08,"Y","L3","beach","0",13,0,3,0,3,0,0,7,13,0,3,0,3,0,0,7,"1","0","1","0","1","0","1","0",-Inf,-Inf,-Inf,-Inf,"0",1,32,1,0,0
"109","201516","Carrickalinga Estuary","FP","201516_Carrickalinga Estuary_1",152,167,175,2015-12-03,2015-12-18,2015-12-26,"N","L1","estuary/spit","1",17.5,0,4,0,4,0,1.5,6,24,0,6,0,6,0,3,7,"1","1","1","0","1","1","1","0",1,1,1,-Inf,"1",2,19,9,8,4
"110","201516","Carrickalinga Estuary","FP","201516_Carrickalinga Estuary_2",192,208,211,2016-01-12,2016-01-28,2016-01-31,"Y","L3","estuary/spit","1",0.5,0,1,0,1,0,0,3,1,0,2,0,2,0,0,6,"1","0","1","0","1","0","1","0",1,-Inf,1,-Inf,"1",2,17.5,4,3,1.5
"111","201516","Lands End","FP","201516_Lands End_2",162,185,185,2015-12-13,2016-01-05,2016-01-05,"N","L0","beach","0",0,0,0,0,0,0,3,2,0,0,0,0,0,0,3,2,"0","0","0","0","0","1","1","0",-Inf,-Inf,-Inf,-Inf,"1",1,23,1,0,0
"112","201516","Normanville South","FP","201516_Normanville South_1",72,90,90,2015-09-14,2015-10-02,2015-10-02,"Y","L3","beach","0",2,0,2,2,0,3,0,0,2,0,2,2,0,3,0,0,"1","0","1","1","0","0","0","1",-Inf,-Inf,-Inf,-Inf,"0",1,18,1,0,0
"113","201516","Olivers Reef","FP","201516_Olivers Reef_2",130,142,145,2015-11-11,2015-11-23,2015-11-26,"Y","L3","beach","1",4.5,0,3.5,0,3.5,0,0,4.5,7,0,4,0,4,0,0,5,"1","0","1","0","1","0","1","0",1,-Inf,1,-Inf,"0",2,13.5,0,3,1.5
"114","201516","Silver Sands","FP","201516_Silver Sands_1",117,147,147,2015-10-29,2015-11-28,2015-11-28,"Y","L3","beach","0",6,2,3,2,1,0,0,10,6,2,3,2,1,0,0,10,"1","1","1","1","1","0","1","0",1,1,1,-Inf,"0",1,30,1,0,0
"115","201516","Snapper Point","FP","201516_Snapper Point_1",75,92,92,2015-09-17,2015-10-04,2015-10-04,"Y","L3","beach","0",3,0,1,0,1,0,0,55,3,0,1,0,1,0,0,55,"1","0","1","0","1","0","1","0",1,-Inf,1,-Inf,"0",1,17,1,0,0
"116","201516","Snapper Point","FP","201516_Snapper Point_2",113,141,141,2015-10-25,2015-11-22,2015-11-22,"Y","L3","beach","0",6,0,1,1,0,0,0,70,6,0,1,1,0,0,0,70,"1","0","1","1","0","0","1","0",1,-Inf,1,-Inf,"0",1,28,1,0,0
"117","201516","Waitpinga Beach (east)","FP","201516_Waitpinga Beach (east)_1",128,132,143,2015-11-09,2015-11-13,2015-11-24,"Y","L2","beach","1",0,0,0,0,0,0,0,2,0,0,0,0,0,0,0,2,"1","0","1","0","0","0","1","0",1,-Inf,1,-Inf,"1",2,9.5,4,11,5.5
"118","201516","Waitpinga Beach (east)","FP","201516_Waitpinga Beach (east)_2",158,158,164,2015-12-09,2015-12-09,2015-12-15,"N","L1","dune","1",1.5,0,0,0,0,0,1,1.5,3,0,0,0,0,0,2,2,"1","0","0","0","0","1","1","0",-Inf,-Inf,-Inf,-Inf,"1",2,3,4,6,3
"119","201516","Waitpinga Beach (east)","FP","201516_Waitpinga Beach (east)_3",199,216,216,2016-01-19,2016-02-05,2016-02-05,"N","L1","beach","0",0,0,0,0,0,0,0,0,0,0,0,0,0,0,0,0,"0","0","0","0","0","0","0","0",-Inf,-Inf,-Inf,-Inf,"0",1,17,0,0,0
"120","201617","Inman River Outlet","FP","201617_Inman River Outlet_1",173,202,202,2016-12-24,2017-01-22,2017-01-22,"Y","L3","beach","0",7,0,0,0,0,0,0,5,7,0,0,0,0,0,0,5,"1","0","0","0","0","0","1","0",3,-Inf,-Inf,-Inf,"0",1,29,1,0,0
"121","201617","Parsons Beach","FP","201617_Parsons Beach_2",183,191,198,2017-01-03,2017-01-11,2017-01-18,"Y","L3","beach","1",1,0,0,0,0,0,0,14.5,2,0,0,0,0,0,0,23,"1","0","0","0","0","0","1","0",1,-Inf,-Inf,-Inf,"1",2,11.5,8,7,3.5
"122","201617","Port Willunga","FP","201617_Port Willunga_1",66,68,69,2016-09-08,2016-09-10,2016-09-11,"Y","L3","beach","1",0,0,0,0,0,0,0,0,0,0,0,0,0,0,0,0,"1","0","1","0","0","0","0","0",3,-Inf,3,-Inf,"1",2,2.5,2,1,0.5
"123","201617","Port Willunga","FP","201617_Port Willunga_2",135,160,160,2016-11-16,2016-12-11,2016-12-11,"Y","L3","beach","0",7,0,3,1,2,0,0,2,7,0,3,1,2,0,0,2,"1","0","1","1","1","0","1","0",3,-Inf,3,-Inf,"0",1,25,1,0,0
"124","201617","Watsons Gap","FP","201617_Watsons Gap_1",46,47,51,2016-08-19,2016-08-20,2016-08-24,"Y","L3","beach","1",1,0,1,1,0,0,0,1,1,0,2,2,0,0,0,2,"1","0","1","1","0","0","1","0",1,-Inf,1,-Inf,"1",2,3,2,4,2
"125","201617","Watsons Gap","FP","201617_Watsons Gap_2",110,124,125,2016-10-22,2016-11-05,2016-11-06,"Y","L3","beach","1",0,0,0,0,0,0,0,0,0,0,0,0,0,0,0,0,"1","0","0","0","0","0","0","0",3,-Inf,-Inf,-Inf,"0",2,14.5,2,1,0.5
"126","201617","Watsons Gap","FP","201617_Watsons Gap_3",134,146,147,2016-11-15,2016-11-27,2016-11-28,"Y","L3","beach","1",0,0,0,0,0,0,0,0,0,0,0,0,0,0,0,0,"0","0","0","0","0","0","0","0",-Inf,-Inf,-Inf,-Inf,"0",2,12.5,1,1,0.5
"127","201617","Watsons Gap","FP","201617_Watsons Gap_4",155,186,187,2016-12-06,2017-01-06,2017-01-07,"Y","L3","beach","1",6,0,0.5,0,0.5,0,0,3,12,0,1,0,1,0,0,6,"1","0","1","0","1","0","1","0",3,-Inf,1,-Inf,"0",2,31.5,2,1,0.5
"128","201617","Watsons Gap","FP","201617_Watsons Gap_5",196,204,205,2017-01-16,2017-01-24,2017-01-25,"Y","L3","beach","1",3,0,0,0,0,0,0,5.5,6,0,0,0,0,0,0,11,"1","0","0","0","0","0","1","0",3,-Inf,-Inf,-Inf,"0",2,8.5,2,1,0.5
"129","201617","Watsons Gap","FP","201617_Watsons Gap_6",221,245,245,2017-02-10,2017-03-06,2017-03-06,"Y","L3","beach","0",0,0,0,0,0,0,0,0,0,0,0,0,0,0,0,0,"0","0","0","0","0","0","0","0",-Inf,-Inf,-Inf,-Inf,"0",1,24,0,0,0
"130","201617","Carrickalinga North","FP","201617_Carrickalinga North_1",163,173,175,2016-12-14,2016-12-24,2016-12-26,"Y","L3","beach","1",8.5,0,3,0,3,0,0,0,9,0,6,0,6,0,0,0,"1","0","1","0","1","0","0","0",3,-Inf,3,-Inf,"0",2,11,3,2,1
"131","201617","Carrickalinga North","FP","201617_Carrickalinga North_1",165,168,169,2016-12-16,2016-12-19,2016-12-20,"Y","L3","foredune/face","1",2.5,0,0,0,0,0,0,0,4,0,0,0,0,0,0,0,"1","0","0","0","0","0","0","0",2,-Inf,-Inf,-Inf,"0",2,3.5,2,1,0.5
"132","201617","Hindmarsh River Mouth","FP","201617_Hindmarsh River Mouth_1",49,64,71,2016-08-22,2016-09-06,2016-09-13,"Y","L3","dune","1",0,0,0,0,0,0,0,0,0,0,0,0,0,0,0,0,"1","0","1","0","0","0","0","0",2,-Inf,1,-Inf,"1",2,18.5,2,7,3.5
"133","201617","Hindmarsh River Mouth","FP","201617_Hindmarsh River Mouth_2",85,85,87,2016-09-27,2016-09-27,2016-09-29,"N","L1","foredune/face","1",0,0,0,0,0,0,0,0,0,0,0,0,0,0,0,0,"1","0","1","0","0","0","0","0",1,-Inf,1,-Inf,"0",2,1,0,2,1
"134","201617","Hindmarsh River Mouth","FP","201617_Hindmarsh River Mouth_3",115,141,141,2016-10-27,2016-11-22,2016-11-22,"Y","L3","foredune/face","0",1,0,0,0,0,0,0,3,1,0,0,0,0,0,0,3,"1","0","1","0","0","0","1","0",1,-Inf,1,-Inf,"0",1,26,0,0,0
"135","201617","Hindmarsh River Mouth","FP","201617_Hindmarsh River Mouth_4",172,183,185,2016-12-23,2017-01-03,2017-01-05,"Y","L3","foredune/face","1",8,0,3,1,2,0,1,48.5,9,0,3,2,3,0,2,51,"1","0","1","1","1","1","1","0",1,-Inf,1,-Inf,"0",2,12,3,2,1
"136","201617","Hindmarsh River Mouth","FP","201617_Hindmarsh River Mouth_5",195,203,210,2017-01-15,2017-01-23,2017-01-30,"Y","L3","beach","1",3.5,0,2.5,0,2.5,0,0,30,5,0,3,0,3,0,0,40,"1","0","1","0","1","0","1","0",1,-Inf,1,-Inf,"0",2,11.5,7,7,3.5
"137","201617","Shelley Beach (lady bay)","FP","201617_Shelley Beach (lady bay)_1",142,169,169,2016-11-23,2016-12-20,2016-12-20,"Y","L3","beach","0",0,0,0,0,0,0,0,3,0,0,0,0,0,0,0,3,"0","0","0","0","0","0","1","0",-Inf,-Inf,-Inf,-Inf,"0",1,27,1,0,0
"138","201617","Tunkalilla East","FP","201617_Tunkalilla East_4",193,193,204,2017-01-13,2017-01-13,2017-01-24,"N","L1","foredune/face","1",0,0,0,0,0,0,0,1,0,0,0,0,0,0,0,1,"0","0","0","0","0","0","1","1",-Inf,-Inf,-Inf,1,"1",2,5.5,12,11,5.5
"139","201617","Tunkalilla Inner West","FP","201617_Tunkalilla Inner West_1",193,193,204,2017-01-13,2017-01-13,2017-01-24,"N","L1","beach","1",0,0,0,0,0,0,0,1,0,0,0,0,0,0,0,2,"1","1","0","0","0","0","1","0",1,1,-Inf,-Inf,"1",2,5.5,12,11,5.5
"140","201617","Port Stanvac","FP","201617_Port Stanvac_1",129,141,141,2016-11-10,2016-11-22,2016-11-22,"Y","L3","beach","0",0,0,0,0,0,0,0,0,0,0,0,0,0,0,0,0,"0","0","0","0","0","0","0","0",-Inf,-Inf,-Inf,-Inf,"2",1,12,0,0,0
"141","201617","Ochre Cove, Maslins","FP","201617_Ochre Cove, Maslins_1",46,79,79,2016-08-19,2016-09-21,2016-09-21,"Y","L3","foredune/face","0",0,0,0,0,0,0,0,0,0,0,0,0,0,0,0,0,"1","0","1","0","0","0","0","0",1,-Inf,1,-Inf,"0",1,33,0,0,0
"142","201617","Ochre Cove, Maslins","FP","201617_Ochre Cove, Maslins_2",111,117,119,2016-10-23,2016-10-29,2016-10-31,"Y","L3","beach","1",0,0,0,0,0,0,0,0,0,0,0,0,0,0,0,0,"0","0","0","0","0","0","0","0",-Inf,-Inf,-Inf,-Inf,"0",2,7,2,2,1
"143","201617","Ochre Cove, Maslins","FP","201617_Ochre Cove, Maslins_3",133,142,146,2016-11-14,2016-11-23,2016-11-27,"Y","L3","beach","1",2,0,0.5,0,0.5,0,0,50,4,0,1,0,1,0,0,100,"1","0","1","0","1","0","1","0",2,-Inf,1,-Inf,"3",2,11,2,4,2
"144","201617","Yilki","FP","201617_Yilki_1",64,67,81,2016-09-06,2016-09-09,2016-09-23,"Y","L3","foredune/face","1",0,0,0,0,0,0,0,0,0,0,0,0,0,0,0,0,"1","1","1","0","0","0","0","0",1,1,1,-Inf,"0",3,10,4,14,7
"145","201617","Yilki","FP","201617_Yilki_2",89,97,99,2016-10-01,2016-10-09,2016-10-11,"Y","L3","foredune/face","1",0,0,0,0,0,0,0,0,0,0,0,0,0,0,0,0,"1","0","1","0","0","0","0","0",1,-Inf,1,-Inf,"0",2,9,3,2,1
"146","201617","Yilki","FP","201617_Yilki_3",109,130,131,2016-10-21,2016-11-11,2016-11-12,"Y","L3","beach","1",3.5,0,1.5,0.5,1,0,0,5.5,4,0,3,1,2,0,0,7,"1","0","1","1","1","0","1","0",1,-Inf,1,-Inf,"0",2,21.5,1,1,0.5
"147","201617","Yilki","FP","201617_Yilki_4",144,171,171,2016-11-25,2016-12-22,2016-12-22,"Y","L3","beach","0",0,0,0,0,0,0,0,0,0,0,0,0,0,0,0,0,"0","0","0","0","0","0","0","0",-Inf,-Inf,-Inf,-Inf,"0",1,27,1,0,0
"148","201617","Normanville South","FP","201617_Normanville South_1",74,84,87,2016-09-16,2016-09-26,2016-09-29,"Y","L3","beach","1",0,0,0,0,0,0,0,0,0,0,0,0,0,0,0,0,"1","0","0","0","0","0","0","0",1,-Inf,-Inf,-Inf,"0",2,11.5,0,3,1.5
"149","201617","Normanville South","FP","201617_Normanville South_2",114,116,116,2016-10-26,2016-10-28,2016-10-28,"Y","L4","estuary/spit","1",0,0,0,0,0,0,1,0,0,0,0,0,0,0,1,0,"1","0","1","0","0","1","0","0",1,-Inf,1,-Inf,"0",1,2,0,0,0
"150","201617","Normanville South","FP","201617_Normanville South_3",134,143,144,2016-11-15,2016-11-24,2016-11-25,"Y","L4","estuary/spit","1",2.5,0,1.5,0,1.5,0,0,0,5,0,3,0,3,0,0,0,"1","0","1","0","1","0","0","0",2,-Inf,2,-Inf,"0",2,9.5,0,1,0.5
"151","201617","Normanville South","FP","201617_Normanville South_4",160,177,179,2016-12-11,2016-12-28,2016-12-30,"Y","L4","beach","1",0,0,0,0,0,0,0,0,0,0,0,0,0,0,0,0,"0","0","0","0","0","0","0","0",-Inf,-Inf,-Inf,-Inf,"0",2,18,3,2,1
"152","201617","Olivers Reef","FP","201617_Olivers Reef_1",155,162,165,2016-12-06,2016-12-13,2016-12-16,"Y","L3","foredune/face","1",4.33333333333333,0,1.33333333333333,0.333333333333333,1,0,0,0.666666666666667,8,0,2,1,2,0,0,2,"1","0","1","1","1","0","1","0",1,-Inf,1,-Inf,"0",3,8.5,0,3,1.5
"153","201617","Silver Sands","FP","201617_Silver Sands_1",74,82,83,2016-09-16,2016-09-24,2016-09-25,"Y","L3","beach","1",0,0,0,0,0,0,0,0,0,0,0,0,0,0,0,0,"1","1","1","0","0","0","0","1",2,1,2,1,"0",2,8.5,2,1,0.5
"154","201617","Snapper Point","FP","201617_Snapper Point_1",57,57,60,2016-08-30,2016-08-30,2016-09-02,"N","L0","beach","1",2,0,1,0,1,0,0,4.5,4,0,2,0,2,0,0,9,"1","0","1","0","1","0","1","0",2,-Inf,2,-Inf,"0",2,1.5,0,3,1.5
"155","201617","Snapper Point","FP","201617_Snapper Point_2",73,73,75,2016-09-15,2016-09-15,2016-09-17,"Y","L3","beach","1",0,0,0,0,0,0,0,0,0,0,0,0,0,0,0,0,"1","0","1","0","0","0","0","0",1,-Inf,1,-Inf,"0",2,1,1,2,1
"156","201617","Waitpinga Beach (east)","FP","201617_Waitpinga Beach (east)_1",143,155,155,2016-11-24,2016-12-06,2016-12-06,"N","L1","beach","0",0,0,0,0,0,0,0,2,0,0,0,0,0,0,0,2,"0","0","0","0","0","0","1","0",-Inf,-Inf,-Inf,-Inf,"0",1,12,0,0,0
"157","201617","Aldinga Sth","FP","201617_Aldinga Sth_2",130,156,156,2016-11-11,2016-12-07,2016-12-07,"Y","L3","beach","0",3,2,1,0,1,0,0,3,3,2,1,0,1,0,0,3,"1","1","1","0","1","0","1","0",2,3,1,-Inf,"0",1,26,0,0,0
"158","201617","Middleton Beach","FP","201617_Middleton Beach_1",80,84,87,2016-09-22,2016-09-26,2016-09-29,"Y","L3","foredune/face","1",0,0,0,0,0,0,0,0,0,0,0,0,0,0,0,0,"1","0","1","0","0","0","0","0",2,-Inf,1,-Inf,"0",2,5.5,0,3,1.5
"159","201617","Middleton Beach","FP","201617_Middleton Beach_2",101,133,133,2016-10-13,2016-11-14,2016-11-14,"Y","L3","dune","0",6,0,0,0,0,0,0,7,6,0,0,0,0,0,0,7,"1","0","0","0","0","0","1","0",3,-Inf,-Inf,-Inf,"0",1,32,0,0,0
"160","201617","Middleton Beach","FP","201617_Middleton Beach_3",183,214,214,2017-01-03,2017-02-03,2017-02-03,"Y","L3","beach","0",11,0,3,3,0,0,2,9,11,0,3,3,0,0,2,9,"1","0","1","1","0","1","1","0",3,-Inf,2,-Inf,"0",1,31,0,0,0
"161","201617","Seacliff","FP","201617_Seacliff_2",156,169,170,2016-12-07,2016-12-20,2016-12-21,"Y","L3","dune","1",12,0,4,2,2,0,0,12,14,0,4,2,2,0,0,18,"1","0","1","1","1","0","1","0",3,-Inf,3,-Inf,"0",2,13.5,2,1,0.5
"162","201718","Bashams Beach","FP","201718_Bashams Beach_1",141,166,166,2017-11-22,2017-12-17,2017-12-17,"Y","L3","dune","0",6,0,5,5,1,0,0,9,6,0,5,5,1,0,0,9,"1","0","1","1","1","0","1","0",3,-Inf,2,-Inf,"0",1,25,1,0,0
"163","201718","Bashams Beach","FP","201718_Bashams Beach_2",203,203,208,2018-01-23,2018-01-23,2018-01-28,"Y","L3","foredune/face","1",6,0,0,0,0,0,0,3.5,12,0,0,0,0,0,0,7,"1","0","1","0","0","0","1","0",1,-Inf,1,-Inf,"0",2,2.5,6,5,2.5
"164","201718","Inman River Outlet","FP","201718_Inman River Outlet_1",53,53,55,2017-08-26,2017-08-26,2017-08-28,"N","L0","foredune/face","1",0,0,0,0,0,0,0.5,0,0,0,0,0,0,0,1,0,"1","0","1","0","0","1","0","0",1,-Inf,1,-Inf,"0",2,1,2,2,1
"165","201718","Inman River Outlet","FP","201718_Inman River Outlet_2",94,94,101,2017-10-06,2017-10-06,2017-10-13,"Y","L3","beach","1",0,0,0,0,0,0,0,2.5,0,0,0,0,0,0,0,5,"0","0","0","0","0","0","1","0",-Inf,-Inf,-Inf,-Inf,"0",2,3.5,8,7,3.5
"166","201718","Inman River Outlet","FP","201718_Inman River Outlet_3",106,111,113,2017-10-18,2017-10-23,2017-10-25,"Y","L3","foredune/face","1",2,0,2,1,1,0,1,10.5,3,0,3,1,2,0,2,21,"1","0","1","1","1","1","1","0",1,-Inf,1,-Inf,"0",2,6,0,2,1
"167","201718","Inman River Outlet","FP","201718_Inman River Outlet_4",118,130,131,2017-10-30,2017-11-11,2017-11-12,"Y","L3","beach","1",1,0,1.5,0,1.5,0,0,3,2,0,3,0,3,0,0,4,"1","0","1","0","1","0","1","0",1,-Inf,1,-Inf,"0",2,12.5,2,1,0.5
"168","201718","Inman River Outlet","FP","201718_Inman River Outlet_5",145,147,149,2017-11-26,2017-11-28,2017-11-30,"Y","L3","beach","1",0,0,0,0,0,0,0,2,0,0,0,0,0,0,0,2,"1","0","1","0","0","0","1","0",1,-Inf,1,-Inf,"0",2,3,0,2,1
"169","201718","Inman River Outlet","FP","201718_Inman River Outlet_6",151,185,185,2017-12-02,2018-01-05,2018-01-05,"Y","L3","beach","0",16,0,2,1,2,0,0,14,16,0,2,1,2,0,0,14,"1","0","1","1","1","0","1","0",1,-Inf,1,-Inf,"0",1,34,1,0,0
"170","201718","Port Willunga","FP","201718_Port Willunga_1",71,81,83,2017-09-13,2017-09-23,2017-09-25,"Y","L3","beach","1",5.5,0,3,0,3,0,0,0,6,0,6,0,6,0,0,0,"1","0","1","0","1","0","0","0",2,-Inf,2,-Inf,"0",2,11,2,2,1
"171","201718","Port Willunga","FP","201718_Port Willunga_2",94,120,120,2017-10-06,2017-11-01,2017-11-01,"Y","L3","beach","0",2,0,3,0,3,0,0,1,2,0,3,0,3,0,0,1,"1","0","1","0","1","0","1","0",1,-Inf,1,-Inf,"0",1,26,0,0,0
"172","201718","Watsons Gap","FP","201718_Watsons Gap_1",94,126,126,2017-10-06,2017-11-07,2017-11-07,"Y","L3","beach","0",0,0,0,0,0,0,0,3,0,0,0,0,0,0,0,3,"1","0","1","0","0","0","1","0",1,-Inf,1,-Inf,"0",1,32,0,0,0
"173","201718","Watsons Gap","FP","201718_Watsons Gap_2",160,160,166,2017-12-11,2017-12-11,2017-12-17,"Y","L3","foredune/face","1",0,0,0,0,0,0,0,0,0,0,0,0,0,0,0,0,"1","0","0","0","0","0","0","0",1,-Inf,-Inf,-Inf,"0",2,3,2,6,3
"174","201718","Watsons Gap","FP","201718_Watsons Gap_3",175,177,180,2017-12-26,2017-12-28,2017-12-31,"Y","L3","beach","1",0,0,0,0,0,0,0,0,0,0,0,0,0,0,0,0,"0","0","0","0","0","0","0","0",-Inf,-Inf,-Inf,-Inf,"1",2,3.5,4,3,1.5
"175","201718","Watsons Gap","FP","201718_Watsons Gap_4",200,200,202,2018-01-20,2018-01-20,2018-01-22,"Y","L3","beach","1",0,0,0,0,0,0,0,0,0,0,0,0,0,0,0,0,"0","0","1","0","0","0","0","0",-Inf,-Inf,1,-Inf,"1",2,1,3,2,1
"176","201718","Carrickalinga North","FP","201718_Carrickalinga North_1",87,92,94,2017-09-29,2017-10-04,2017-10-06,"Y","L3","foredune/face","1",5.5,0,1,0.5,0.5,0,1.5,2,8,0,1,1,1,0,3,4,"1","0","1","1","1","1","1","0",2,-Inf,2,-Inf,"0",2,6,3,2,1
"177","201718","Carrickalinga North","FP","201718_Carrickalinga North_2",106,117,119,2017-10-18,2017-10-29,2017-10-31,"Y","L3","beach","1",2,0,3,1,2,0,0.5,1.5,3,0,5,2,3,0,1,3,"1","0","1","1","1","1","1","0",1,-Inf,1,-Inf,"0",2,12,1,2,1
"178","201718","Carrickalinga North","FP","201718_Carrickalinga North_3",127,151,153,2017-11-08,2017-12-02,2017-12-04,"Y","L3","beach","1",0,0,0,0,0,0,0,0,0,0,0,0,0,0,0,0,"0","0","0","0","0","0","0","0",-Inf,-Inf,-Inf,-Inf,"0",2,25,2,2,1
"179","201718","Carrickalinga North","FP","201718_Carrickalinga North_4",177,183,184,2017-12-28,2018-01-03,2018-01-04,"Y","L3","beach","1",2.5,0,1.5,1.5,0,0,0,0,5,0,3,3,0,0,0,0,"1","0","1","1","0","0","0","0",-Inf,-Inf,-Inf,-Inf,"0",2,6.5,2,1,0.5
"180","201718","Carrickalinga Rotunda","FP","201718_Carrickalinga Rotunda_1",86,87,88,2017-09-28,2017-09-29,2017-09-30,"Y","L2","dune","1",2,0,2,0,2,0,2,3,4,0,4,0,4,0,4,6,"1","0","1","0","1","1","1","0",1,-Inf,1,-Inf,"0",2,1.5,1,1,0.5
"181","201718","Carrickalinga Rotunda","FP","201718_Carrickalinga Rotunda_2",127,128,129,2017-11-08,2017-11-09,2017-11-10,"N","L0","foredune/face","1",4,0,2,0,2,0,0,0,8,0,4,0,4,0,0,0,"1","0","1","0","1","0","0","0",2,-Inf,2,-Inf,"0",2,1.5,0,1,0.5
"182","201718","Carrickalinga Rotunda","FP","201718_Carrickalinga Rotunda_3",164,190,190,2017-12-15,2018-01-10,2018-01-10,"Y","L3","beach","0",7,0,0,0,0,0,0,0,7,0,0,0,0,0,0,0,"1","0","0","0","0","0","0","0",3,-Inf,-Inf,-Inf,"0",1,26,1,0,0
"183","201718","Myponga Beach","FP","201718_Myponga Beach_1",95,103,106,2017-10-07,2017-10-15,2017-10-18,"Y","L3","foredune/face","1",7.5,0.5,2,0.5,1.5,0,0,25,13,1,3,1,3,0,0,50,"1","1","1","1","1","0","1","0",2,1,1,-Inf,"1",2,9.5,1,3,1.5
"184","201718","Myponga Beach","FP","201718_Myponga Beach_2",119,119,121,2017-10-31,2017-10-31,2017-11-02,"N","L0","beach","1",3,0,0.5,0,0.5,0,0,3,5,0,1,0,1,0,0,6,"1","0","1","0","1","0","1","0",1,-Inf,1,-Inf,"1",2,1,0,2,1
"185","201718","Myponga Beach","FP","201718_Myponga Beach_3",137,165,165,2017-11-18,2017-12-16,2017-12-16,"Y","L3","beach","0",4,0,0,0,0,0,0,10,4,0,0,0,0,0,0,10,"1","1","0","0","0","0","1","0",2,1,-Inf,-Inf,"0",1,28,1,0,0
"186","201718","Tunkalilla East","FP","201718_Tunkalilla East_1",114,114,114,2017-10-26,2017-10-26,2017-10-26,"N","L0","beach","0",0,0,0,0,0,0,0,1,0,0,0,0,0,0,0,1,"1","0","0","0","0","0","1","0",1,-Inf,-Inf,-Inf,"1",1,0,0,0,0
"187","201718","Tunkalilla East","FP","201718_Tunkalilla East_2",211,217,217,2018-01-31,2018-02-06,2018-02-06,"N","L0","beach","0",0,0,0,0,0,0,0,0,0,0,0,0,0,0,0,0,"1","0","1","0","0","0","0","0",1,-Inf,1,-Inf,"1",1,6,0,0,0
"188","201718","Port Stanvac","FP","201718_Port Stanvac_1",79,85,87,2017-09-21,2017-09-27,2017-09-29,"Y","L3","beach","1",0,0,0,0,0,0,0,1,0,0,0,0,0,0,0,2,"0","0","0","0","0","0","1","0",-Inf,-Inf,-Inf,-Inf,"0",2,7,0,2,1
"189","201718","Port Stanvac","FP","201718_Port Stanvac_2",108,126,126,2017-10-20,2017-11-07,2017-11-07,"Y","L3","beach","0",2,0,0,0,0,0,0,0,2,0,0,0,0,0,0,0,"1","0","1","0","0","0","0","0",-Inf,-Inf,1,-Inf,"0",1,18,0,0,0
"190","201718","Sheepies beach","FP","201718_Sheepies beach_1",154,154,154,2017-12-05,2017-12-05,2017-12-05,"N","L1","beach","0",0,0,0,0,0,0,1,1,0,0,0,0,0,0,1,1,"0","0","0","0","0","1","1","1",-Inf,-Inf,-Inf,1,"0",1,0,0,0,0
"191","201718","Yilki","FP","201718_Yilki_3",97,116,118,2017-10-09,2017-10-28,2017-10-30,"Y","L4","foredune/face","1",8.5,0,4,3,1,0,1,7.5,9,0,5,3,2,0,2,13,"1","0","1","1","1","1","1","0",2,-Inf,2,-Inf,"0",2,20,2,2,1
"192","201718","Yilki","FP","201718_Yilki_4",128,157,157,2017-11-09,2017-12-08,2017-12-08,"Y","L4","beach","0",0,0,0,0,0,0,0,1,0,0,0,0,0,0,0,1,"1","0","1","0","0","0","1","0",1,-Inf,1,-Inf,"0",1,29,0,0,0
"193","201718","Normanville South","FP","201718_Normanville South_1",72,81,82,2017-09-14,2017-09-23,2017-09-24,"Y","L4","estuary/spit","1",0.5,0,0,0,0,0,0,0,1,0,0,0,0,0,0,0,"1","0","0","0","0","0","0","0",-Inf,-Inf,-Inf,-Inf,"0",2,9.5,2,1,0.5
"194","201718","Normanville South","FP","201718_Normanville South_3",104,133,133,2017-10-16,2017-11-14,2017-11-14,"Y","L4","estuary/spit","0",14,1,2,2,0,0,2,2,14,1,2,2,0,0,2,2,"1","1","1","1","0","1","1","0",3,1,2,-Inf,"0",1,29,0,0,0
"195","201718","Olivers Reef","FP","201718_Olivers Reef_1",58,63,64,2017-08-31,2017-09-05,2017-09-06,"N","L0","foredune/face","1",0.5,0,0,0,0,0,0,15,1,0,0,0,0,0,0,30,"1","0","1","0","0","0","1","0",1,-Inf,1,-Inf,"0",2,5.5,0,1,0.5
"196","201718","Olivers Reef","FP","201718_Olivers Reef_2",133,164,164,2017-11-14,2017-12-15,2017-12-15,"Y","L3","beach","0",3,0,3,1,2,0,0,1,3,0,3,1,2,0,0,1,"1","0","1","1","1","0","1","0",1,-Inf,1,-Inf,"0",1,31,0,0,0
"197","201718","Waitpinga Beach (east)","FP","201718_Waitpinga Beach (east)_1",121,128,134,2017-11-02,2017-11-09,2017-11-15,"N","L1","foredune/face","1",0.5,0,0,0,0,0,0,17,1,0,0,0,0,0,0,18,"1","0","0","0","0","0","1","0",1,-Inf,-Inf,-Inf,"3",2,10,2,6,3
"198","201718","Waitpinga Beach (east)","FP","201718_Waitpinga Beach (east)_3",195,195,195,2018-01-15,2018-01-15,2018-01-15,"N","L1","beach","0",0,0,0,0,0,0,0,0,0,0,0,0,0,0,0,0,"1","0","0","0","0","0","0","0",1,-Inf,-Inf,-Inf,"1",1,0,1,0,0
"199","201718","Aldinga Nth (Aldinga Beach Rd)","FP","201718_Aldinga Nth (Aldinga Beach Rd)_1",65,92,92,2017-09-07,2017-10-04,2017-10-04,"Y","L3","beach","0",1,0,0,0,0,0,0,40,1,0,0,0,0,0,0,40,"1","0","1","0","0","0","1","0",2,-Inf,1,-Inf,"0",1,27,1,0,0
"200","201718","Aldinga Nth (Aldinga Beach Rd)","FP","201718_Aldinga Nth (Aldinga Beach Rd)_3",178,187,190,2017-12-29,2018-01-07,2018-01-10,"Y","L3","beach","1",5.5,0,3.5,0,3.5,0,0,29.5,6,0,4,0,4,0,0,52,"1","0","1","0","1","0","1","0",3,-Inf,3,-Inf,"0",2,10.5,4,3,1.5
"201","201718","Aldinga Sth","FP","201718_Aldinga Sth_1",87,106,106,2017-09-29,2017-10-18,2017-10-18,"Y","L3","beach","0",2,0,9,4,5,0,0,0,2,0,9,4,5,0,0,0,"1","1","1","1","1","0","0","0",1,3,1,-Inf,"0",1,19,0,0,0
"202","201718","Middleton Beach","FP","201718_Middleton Beach_1",97,118,118,2017-10-09,2017-10-30,2017-10-30,"Y","L3","beach","0",0,0,0,0,0,0,0,22,0,0,0,0,0,0,0,22,"1","0","1","0","0","0","1","0",1,-Inf,1,-Inf,"0",1,21,0,0,0
"203","201718","Middleton Beach","FP","201718_Middleton Beach_3",187,211,211,2018-01-07,2018-01-31,2018-01-31,"Y","L3","foredune/face","0",0,0,0,0,0,0,0,2,0,0,0,0,0,0,0,2,"0","0","0","0","0","0","1","0",-Inf,-Inf,-Inf,-Inf,"0",1,24,0,0,0
"204","201718","Seacliff","FP","201718_Seacliff_2",113,143,143,2017-10-25,2017-11-24,2017-11-24,"Y","L3","beach","0",0,0,0,0,0,0,0,0,0,0,0,0,0,0,0,0,"0","0","0","0","0","0","0","0",-Inf,-Inf,-Inf,-Inf,"0",1,30,0,0,0
"205","201718","Hallett Cove","FP","201718_Hallett Cove_1",145,152,152,2017-11-26,2017-12-03,2017-12-03,"Y","L3","beach","0",0,0,0,0,0,0,0,27,0,0,0,0,0,0,0,27,"1","0","1","0","0","0","1","0",1,-Inf,1,-Inf,"0",1,7,1,0,0
"206","201718","Victor Central","FP","201718_Victor Central_1",76,106,106,2017-09-18,2017-10-18,2017-10-18,"Y","L3","beach","0",0,0,0,0,0,0,0,0,0,0,0,0,0,0,0,0,"1","0","1","0","0","0","0","0",1,-Inf,1,-Inf,"0",1,30,0,0,0
"207","201819","Bashams Beach","FP","201819_Bashams Beach_1",62,62,68,2018-09-04,2018-09-04,2018-09-10,"N","L0","foredune/face","1",2.66666666666667,0,2.33333333333333,1.33333333333333,1.33333333333333,0,0.333333333333333,2.33333333333333,5,0,4,2,3,0,1,3,"1","0","1","1","1","1","1","0",3,-Inf,3,-Inf,"0",3,3,2,6,3
"208","201819","Bashams Beach","FP","201819_Bashams Beach_3",77,108,108,2018-09-19,2018-10-20,2018-10-20,"Y","L3","beach","0",1,0,0,0,0,0,0,3,1,0,0,0,0,0,0,3,"1","0","0","0","0","0","1","0",1,-Inf,-Inf,-Inf,"0",1,31,1,0,0
"209","201819","Bashams Beach","FP","201819_Bashams Beach_4",159,159,163,2018-12-10,2018-12-10,2018-12-14,"N","L0","beach","1",1.25,0,0.5,0,0.5,0,0,0.75,3,0,1,0,1,0,0,3,"1","0","1","0","1","0","1","0",1,-Inf,1,-Inf,"0",4,2,0,4,2
"210","201819","Bashams Beach","FP","201819_Bashams Beach_5",175,206,208,2018-12-26,2019-01-26,2019-01-28,"Y","L3","beach","1",0,0,0,0,0,0,0,7,0,0,0,0,0,0,0,14,"1","0","1","0","0","0","1","0",3,-Inf,2,-Inf,"0",2,32,3,2,1
"211","201819","Inman River Outlet","FP","201819_Inman River Outlet_1",80,87,88,2018-09-22,2018-09-29,2018-09-30,"Y","L3","beach","1",1,0,0,0,0,0,0,2.5,2,0,0,0,0,0,0,3,"1","1","1","0","0","0","1","0",1,1,1,-Inf,"3",2,7.5,2,1,0.5
"212","201819","Inman River Outlet","FP","201819_Inman River Outlet_2",99,120,122,2018-10-11,2018-11-01,2018-11-03,"Y","L3","beach","1",2,0,2,2,0,0,0,1,4,0,4,4,0,0,0,2,"1","0","1","1","0","0","1","0",1,-Inf,1,-Inf,"0",2,22,1,2,1
"213","201819","Inman River Outlet","FP","201819_Inman River Outlet_3",132,138,141,2018-11-13,2018-11-19,2018-11-22,"N","L1","beach","1",2.33333333333333,0,1.33333333333333,0.333333333333333,1,0,2.66666666666667,10,5,0,2,1,2,0,5,20,"1","0","1","1","1","1","1","0",1,-Inf,1,-Inf,"0",3,7.5,0,3,1.5
"214","201819","Inman River Outlet","FP","201819_Inman River Outlet_4",153,156,156,2018-12-04,2018-12-07,2018-12-07,"Y","L3","foredune/face","1",1,0,0,0,0,0,3,4,1,0,0,0,0,0,3,4,"1","0","1","0","0","1","1","0",1,-Inf,1,-Inf,"0",1,3,0,0,0
"215","201819","Inman River Outlet","FP","201819_Inman River Outlet_5",169,176,177,2018-12-20,2018-12-27,2018-12-28,"Y","L3","estuary/spit","1",3.5,0,0.5,0.5,0,0,0.5,17,7,0,1,1,0,0,1,27,"1","0","1","1","0","1","1","0",1,-Inf,1,-Inf,"0",2,7.5,2,1,0.5
"216","201819","Inman River Outlet","FP","201819_Inman River Outlet_6",184,186,188,2019-01-04,2019-01-06,2019-01-08,"Y","L3","foredune/face","1",3,0,1,1,0,0,0,2.5,6,0,2,2,0,0,0,4,"1","0","1","1","0","0","1","0",1,-Inf,1,-Inf,"0",2,3,3,2,1
"217","201819","Maslin Beach","FP","201819_Maslin Beach_2",113,140,141,2018-10-25,2018-11-21,2018-11-22,"Y","L3","beach","1",0.5,0,0.5,0,0.5,0,0,1.5,1,0,1,0,1,0,0,3,"1","0","1","0","1","0","1","0",1,-Inf,1,-Inf,"0",2,27.5,0,1,0.5
"218","201819","Parsons Beach","FP","201819_Parsons Beach_1",99,125,125,2018-10-11,2018-11-06,2018-11-06,"Y","L3","beach","0",0,0,0,0,0,0,1,4,0,0,0,0,0,0,1,4,"0","0","0","0","0","1","1","0",-Inf,-Inf,-Inf,-Inf,"0",1,26,0,0,0
"219","201819","Port Willunga","FP","201819_Port Willunga_1",56,72,74,2018-08-29,2018-09-14,2018-09-16,"Y","L3","beach","1",7,0,5,1.5,3.5,0,0,0,8,0,7,2,5,0,0,0,"1","0","1","1","1","0","0","0",3,-Inf,3,-Inf,"0",2,17,2,2,1
"220","201819","Port Willunga","FP","201819_Port Willunga_2",84,91,94,2018-09-26,2018-10-03,2018-10-06,"Y","L3","beach","1",6.5,0,4.5,0,4.5,0,0,2.5,8,0,5,0,5,0,0,3,"1","0","1","0","1","0","1","0",2,-Inf,2,-Inf,"0",2,8.5,4,3,1.5
"221","201819","Port Willunga","FP","201819_Port Willunga_3",111,128,130,2018-10-23,2018-11-09,2018-11-11,"Y","L3","beach","1",24,0,1,0.5,0.5,0,0,1.5,40,0,2,1,1,0,0,3,"1","0","1","1","1","0","1","0",3,-Inf,3,-Inf,"0",2,18,2,2,1
"222","201819","Port Willunga","FP","201819_Port Willunga_4",144,150,152,2018-11-25,2018-12-01,2018-12-03,"Y","L3","beach","1",1.5,0,2,0,2,0,0,2.5,2,0,2,0,2,0,0,5,"1","0","1","0","1","0","1","0",1,-Inf,1,-Inf,"0",2,7,2,2,1
"223","201819","Watsons Gap","FP","201819_Watsons Gap_1",50,74,75,2018-08-23,2018-09-16,2018-09-17,"Y","L3","foredune/face","1",0,0,0,0,0,0,0,0,0,0,0,0,0,0,0,0,"1","0","1","0","0","0","0","0",1,-Inf,1,-Inf,"1",2,24.5,1,1,0.5
"224","201819","Watsons Gap","FP","201819_Watsons Gap_2",87,101,103,2018-09-29,2018-10-13,2018-10-15,"Y","L3","beach","1",0,0,0,0,0,0,0,0,0,0,0,0,0,0,0,0,"1","0","1","0","0","0","0","0",2,-Inf,1,-Inf,"2",2,15,2,2,1
"225","201819","Watsons Gap","FP","201819_Watsons Gap_3",111,130,131,2018-10-23,2018-11-11,2018-11-12,"Y","L3","beach","1",1,0,0,0,0,0,0,6,2,0,0,0,0,0,0,10,"1","0","1","0","0","0","1","0",1,-Inf,1,-Inf,"1",2,19.5,1,1,0.5
"226","201819","Watsons Gap","FP","201819_Watsons Gap_4",143,166,168,2018-11-24,2018-12-17,2018-12-19,"Y","L3","foredune/face","1",2,0,0,0,0,0,1,2,2,0,0,0,0,0,2,4,"1","0","1","0","0","1","1","0",1,-Inf,1,-Inf,"1",2,24,3,2,1
"227","201819","Watsons Gap","FP","201819_Watsons Gap_5",172,186,188,2018-12-23,2019-01-06,2019-01-08,"Y","L3","beach","1",3,0,2,0.333333333333333,1.66666666666667,0,0,2.33333333333333,7,0,3,1,3,0,0,5,"1","0","1","1","1","0","1","0",3,-Inf,1,-Inf,"1",3,15,3,2,1
"228","201819","Carrickalinga North","FP","201819_Carrickalinga North_2",80,90,94,2018-09-22,2018-10-02,2018-10-06,"Y","L4","dune","1",1,0,0,0,0,0,0.5,0.5,2,0,0,0,0,0,1,1,"1","0","1","0","0","1","1","0",3,-Inf,2,-Inf,"0",2,12,5,4,2
"229","201819","Carrickalinga North","FP","201819_Carrickalinga North_3",100,104,106,2018-10-12,2018-10-16,2018-10-18,"N","L0","beach","1",0,0,0,0,0,0,0,1.5,0,0,0,0,0,0,0,3,"1","0","1","0","0","0","1","0",1,-Inf,1,-Inf,"0",2,5,0,2,1
"230","201819","Carrickalinga Rotunda","FP","201819_Carrickalinga Rotunda_1",90,109,110,2018-10-02,2018-10-21,2018-10-22,"Y","L3","beach","1",4,0,1,1,0,0,1.5,13,8,0,2,2,0,0,3,18,"1","0","1","1","0","1","1","0",2,-Inf,-Inf,-Inf,"0",2,19.5,1,1,0.5
"231","201819","Carrickalinga Rotunda","FP","201819_Carrickalinga Rotunda_2",125,138,141,2018-11-06,2018-11-19,2018-11-22,"Y","L3","beach","1",0.5,0,0.5,0,0.5,0,0,0,1,0,1,0,1,0,0,0,"1","0","1","0","1","0","0","0",2,-Inf,1,-Inf,"0",2,14.5,0,3,1.5
"232","201819","Carrickalinga Rotunda","FP","201819_Carrickalinga Rotunda_3",156,183,183,2018-12-07,2019-01-03,2019-01-03,"Y","L3","beach","0",3,0,5,1,4,0,0,2,3,0,5,1,4,0,0,2,"1","0","1","1","1","0","1","0",-Inf,-Inf,-Inf,-Inf,"0",1,27,1,0,0
"233","201819","Shelley Beach (lady bay)","FP","201819_Shelley Beach (lady bay)_1",90,113,113,2018-10-02,2018-10-25,2018-10-25,"Y","L3","beach","0",0,0,0,0,0,0,0,0,0,0,0,0,0,0,0,0,"0","0","0","0","0","0","0","0",-Inf,-Inf,-Inf,-Inf,"0",1,23,0,0,0
"234","201819","Shelley Beach (lady bay)","FP","201819_Shelley Beach (lady bay)_2",173,197,197,2018-12-24,2019-01-17,2019-01-17,"Y","L3","beach","0",0,0,0,0,0,0,0,2,0,0,0,0,0,0,0,2,"0","1","0","0","0","0","1","0",-Inf,1,-Inf,-Inf,"0",1,24,1,0,0
"235","201819","Port Stanvac","FP","201819_Port Stanvac_1",128,133,141,2018-11-09,2018-11-14,2018-11-22,"N","L0","beach","1",0,0,0,0,0,0,0,0.5,0,0,0,0,0,0,0,1,"0","0","0","0","0","0","1","0",-Inf,-Inf,-Inf,-Inf,"1",2,9,2,8,4
"236","201819","Ochre Cove, Maslins","FP","201819_Ochre Cove, Maslins_1",46,72,74,2018-08-19,2018-09-14,2018-09-16,"Y","L3","foredune/face","1",0,0,0,0,0,0,0,50,0,0,0,0,0,0,0,50,"1","0","1","0","0","0","1","0",1,-Inf,1,-Inf,"2",2,27,2,2,1
"237","201819","Ochre Cove, Maslins","FP","201819_Ochre Cove, Maslins_3",107,137,137,2018-10-19,2018-11-18,2018-11-18,"Y","L3","foredune/face","0",0,0,0,0,0,0,0,50,0,0,0,0,0,0,0,50,"1","0","1","0","0","0","1","0",2,-Inf,1,-Inf,"1",1,30,1,0,0
"238","201819","Ochre Cove, Maslins","FP","201819_Ochre Cove, Maslins_4",171,187,187,2018-12-22,2019-01-07,2019-01-07,"Y","L3","beach","0",0,0,0,0,0,0,0,100,0,0,0,0,0,0,0,100,"0","0","0","0","0","0","1","0",-Inf,-Inf,-Inf,-Inf,"1",1,16,1,0,0
"239","201819","Sheepies beach","FP","201819_Sheepies beach_1",99,127,127,2018-10-11,2018-11-08,2018-11-08,"N","L1","dune","0",0,0,0,0,0,0,1,1,0,0,0,0,0,0,1,1,"0","0","0","0","0","1","1","0",-Inf,-Inf,-Inf,-Inf,"0",1,28,0,0,0
"240","201819","Yankalilla river mouth","FP","201819_Yankalilla river mouth_1",175,203,203,2018-12-26,2019-01-23,2019-01-23,"Y","L3","beach","0",0,0,0,0,0,0,0,0,0,0,0,0,0,0,0,0,"0","0","0","0","0","0","0","0",-Inf,-Inf,-Inf,-Inf,"0",1,28,1,0,0
"241","201819","Yilki","FP","201819_Yilki_1",62,72,73,2018-09-04,2018-09-14,2018-09-15,"Y","L4","foredune/face","1",0,0,0,0,0,0,0,0,0,0,0,0,0,0,0,0,"1","0","1","0","0","0","0","0",1,-Inf,1,-Inf,"0",2,10.5,1,1,0.5
"242","201819","Yilki","FP","201819_Yilki_2",81,112,112,2018-09-23,2018-10-24,2018-10-24,"Y","L4","beach","0",2,0,0,0,0,0,0,4,2,0,0,0,0,0,0,4,"1","0","0","0","0","0","1","0",1,-Inf,-Inf,-Inf,"0",1,31,0,0,0
"243","201819","Yilki","FP","201819_Yilki_3",137,139,141,2018-11-18,2018-11-20,2018-11-22,"Y","L3","beach","1",1,0,0,0,0,0,0,6.5,2,0,0,0,0,0,0,11,"1","0","1","0","0","0","1","0",1,-Inf,1,-Inf,"0",2,3,0,2,1
"244","201819","Yilki","FP","201819_Yilki_4",148,165,169,2018-11-29,2018-12-16,2018-12-20,"Y","L3","foredune/face","1",5,0,3.5,3.5,0,0,1,6,7,0,4,4,0,0,2,10,"1","0","1","1","0","1","1","0",1,-Inf,1,-Inf,"1",2,19,5,4,2
"245","201819","Yilki","FP","201819_Yilki_5",178,185,186,2018-12-29,2019-01-05,2019-01-06,"Y","L3","beach","1",1,0,0.5,0.5,0,0,0,3.5,2,0,1,1,0,0,0,7,"1","0","1","1","0","0","1","0",-Inf,-Inf,-Inf,-Inf,"0",2,7.5,2,1,0.5
"246","201819","Yilki","FP","201819_Yilki_6",207,215,218,2019-01-27,2019-02-04,2019-02-07,"Y","L3","beach","1",4,0,0.5,0.5,0,0,0,8.5,5,0,1,1,0,0,0,11,"1","0","1","1","0","0","1","0",1,-Inf,1,-Inf,"0",2,9.5,0,3,1.5
"247","201819","Aldinga","FP","201819_Aldinga_2",93,97,99,2018-10-05,2018-10-09,2018-10-11,"Y","L3","beach","1",7,2,0,0,0,0,0,0,14,3,0,0,0,0,0,0,"1","1","1","0","0","0","0","0",3,3,2,-Inf,"0",2,5,3,2,1
"248","201819","Aldinga","FP","201819_Aldinga_3",109,112,114,2018-10-21,2018-10-24,2018-10-26,"Y","L3","beach","1",7.5,2,4,0,4,0,0,0,13,3,8,0,8,0,0,0,"1","1","1","0","1","0","0","1",3,3,2,1,"0",2,4,0,2,1
"249","201819","Normanville South","FP","201819_Normanville South_1",62,74,75,2018-09-04,2018-09-16,2018-09-17,"Y","L3","estuary/spit","1",4.5,0,3,3,0,0,0,5,5,0,4,4,0,0,0,10,"1","0","1","1","0","0","1","0",2,-Inf,2,-Inf,"0",2,12.5,1,1,0.5
"250","201819","Normanville South","FP","201819_Normanville South_2",85,117,117,2018-09-27,2018-10-29,2018-10-29,"Y","L3","estuary/spit","0",3,1,2,1,1,0,0,2,3,1,2,1,1,0,0,2,"1","1","1","1","1","0","1","0",2,2,2,-Inf,"0",1,32,0,0,0
"251","201819","Normanville South","FP","201819_Normanville South_3",154,183,183,2018-12-05,2019-01-03,2019-01-03,"Y","L3","estuary/spit","0",0,0,0,0,0,0,0,0,0,0,0,0,0,0,0,0,"0","0","0","0","0","0","0","0",-Inf,-Inf,-Inf,-Inf,"0",1,29,1,0,0
"252","201819","Olivers Reef","FP","201819_Olivers Reef_1",137,139,141,2018-11-18,2018-11-20,2018-11-22,"N","L0","foredune/face","1",0.5,0,0,0,0,0,0,2.5,1,0,0,0,0,0,0,3,"1","0","1","0","0","0","1","0",1,-Inf,1,-Inf,"0",2,3,0,2,1
"253","201819","Snapper Point","FP","201819_Snapper Point_3",124,134,136,2018-11-05,2018-11-15,2018-11-17,"Y","L3","beach","1",0.5,0,0,0,0,0,0,4.5,1,0,0,0,0,0,0,9,"1","0","1","0","0","0","1","0",2,-Inf,1,-Inf,"0",2,11,1,2,1
"254","201819","Waitpinga Beach (east)","FP","201819_Waitpinga Beach (east)_1",132,137,147,2018-11-13,2018-11-18,2018-11-28,"N","L1","foredune/face","1",0,0,0,0,0,0,0.5,4.5,0,0,0,0,0,0,1,6,"0","0","0","0","0","1","1","0",-Inf,-Inf,-Inf,-Inf,"2",2,10,3,10,5
"255","201819","Waitpinga Beach (east)","FP","201819_Waitpinga Beach (east)_2",179,181,186,2018-12-30,2019-01-01,2019-01-06,"Y","L2","beach","1",9,0,0,0,0,0,8.5,12.5,18,0,0,0,0,0,15,25,"1","0","0","0","0","1","1","0",1,-Inf,-Inf,-Inf,"2",2,4.5,6,5,2.5
"256","201819","Aldinga Nth (Aldinga Beach Rd)","FP","201819_Aldinga Nth (Aldinga Beach Rd)_1",66,72,74,2018-09-08,2018-09-14,2018-09-16,"Y","L3","beach","1",8,0,2.5,1.5,1,0,0,26,12,0,4,2,2,0,0,32,"1","0","1","1","1","0","1","0",1,-Inf,1,-Inf,"0",2,7,2,2,1
"257","201819","Middleton Beach","FP","201819_Middleton Beach_1",90,123,123,2018-10-02,2018-11-04,2018-11-04,"Y","L4","beach","0",10,0,2,0,2,0,0,12,10,0,2,0,2,0,0,12,"1","1","1","0","1","0","1","0",3,1,2,-Inf,"0",1,33,1,0,0
"258","201819","Hallett Cove","FP","201819_Hallett Cove_1",80,95,100,2018-09-22,2018-10-07,2018-10-12,"Y","L3","beach","1",3,0,0,0,0,0,0.333333333333333,33,6,0,0,0,0,0,1,42,"1","0","1","0","0","1","1","0",3,-Inf,3,-Inf,"0",3,17.5,6,5,2.5
"259","201819","Hallett Cove","FP","201819_Hallett Cove_2",131,141,142,2018-11-12,2018-11-22,2018-11-23,"Y","L3","beach","1",1.5,0,0.5,0.5,0,0,0,11,2,0,1,1,0,0,0,22,"1","0","1","1","0","0","1","0",2,-Inf,1,-Inf,"0",2,10.5,0,1,0.5
"260","201819","Hallett Cove","FP","201819_Hallett Cove_3",176,185,189,2018-12-27,2019-01-05,2019-01-09,"Y","L3","beach","1",6,0,2.5,2.5,0,0,0,39,8,0,5,5,0,0,0,42,"1","0","1","1","0","0","1","0",2,-Inf,2,-Inf,"0",2,11,5,4,2
"261","201819","Victor Central","FP","201819_Victor Central_1",60,72,73,2018-09-02,2018-09-14,2018-09-15,"Y","L3","beach","1",0,0,0,0,0,0,0.5,2.5,0,0,0,0,0,0,1,5,"1","0","1","0","0","1","1","0",1,-Inf,1,-Inf,"0",2,12.5,1,1,0.5
"262","201819","Victor Central","FP","201819_Victor Central_2",84,110,110,2018-09-26,2018-10-22,2018-10-22,"Y","L3","beach","0",0,0,0,0,0,0,0,0,0,0,0,0,0,0,0,0,"0","0","0","0","0","0","0","0",-Inf,-Inf,-Inf,-Inf,"0",1,26,0,0,0
"263","201819","Victor Central","FP","201819_Victor Central_3",148,179,179,2018-11-29,2018-12-30,2018-12-30,"Y","L3","foredune/face","0",4,0,0,0,0,0,0,14,4,0,0,0,0,0,0,14,"1","0","1","0","0","0","1","0",2,-Inf,1,-Inf,"0",1,31,1,0,0
"264","201819","Carrickalinga South","FP","201819_Carrickalinga South_1",153,154,156,2018-12-04,2018-12-05,2018-12-07,"N","L0","foredune/face","1",5.5,0,1.5,0,1.5,0,1.5,0,8,0,2,0,2,0,3,0,"1","0","1","0","1","1","0","0",2,-Inf,2,-Inf,"0",2,2,0,2,1
"265","201819","Carrickalinga South","FP","201819_Carrickalinga South_2",202,202,203,2019-01-22,2019-01-22,2019-01-23,"N","L0","estuary/spit","1",3.5,0,1,0,1,0,0,3,5,0,2,0,2,0,0,6,"1","0","1","0","1","0","1","0",3,-Inf,1,-Inf,"0",2,0.5,2,1,0.5
"266","201819","Tunkalilla Midway","FP","201819_Tunkalilla Midway_6",213,224,230,2019-02-02,2019-02-13,2019-02-19,"N","L0","beach","1",1.5,0,0,0,0,0,3,0.5,3,0,0,0,0,0,4,1,"1","0","0","0","0","1","1","1",1,-Inf,-Inf,2,"1",2,14,2,6,3
"267","201819","Tunkalilla Tunk Head alcove","FP","201819_Tunkalilla Tunk Head alcove_1",212,217,217,2019-02-01,2019-02-06,2019-02-06,"N","L0","beach","0",0,0,0,0,0,0,0,0,0,0,0,0,0,0,0,0,"0","0","0","0","0","0","0","0",-Inf,-Inf,-Inf,-Inf,"1",1,5,0,0,0
"268","201920","Bashams Beach","FP","201920_Bashams Beach_1",53,63,68,2019-08-26,2019-09-05,2019-09-10,"Y","L3","beach","1",3,0,1.5,0.5,1,0,0,5,6,0,3,1,2,0,0,6,"1","0","1","1","1","0","1","0",1,-Inf,1,-Inf,"0",2,12.5,2,5,2.5
"269","201920","Bashams Beach","FP","201920_Bashams Beach_2",72,104,104,2019-09-14,2019-10-16,2019-10-16,"Y","L3","beach","0",1,0,1,0,1,0,0,0,1,0,1,0,1,0,0,0,"1","0","1","0","1","0","0","0",2,-Inf,2,-Inf,"0",1,32,0,0,0
"270","201920","Bashams Beach","FP","201920_Bashams Beach_3",156,189,189,2019-12-07,2020-01-09,2020-01-09,"Y","L3","beach","0",2,0,0,0,0,0,0,2,2,0,0,0,0,0,0,2,"1","0","1","0","0","0","1","0",1,-Inf,1,-Inf,"1",1,33,1,0,0
"271","201920","Inman River Outlet","FP","201920_Inman River Outlet_1",69,76,77,2019-09-11,2019-09-18,2019-09-19,"Y","L3","foredune/face","1",2,0,2.5,0,2.5,0,0,6,3,0,3,0,3,0,0,8,"1","0","1","0","1","0","1","0",1,-Inf,1,-Inf,"0",2,7.5,0,1,0.5
"272","201920","Inman River Outlet","FP","201920_Inman River Outlet_2",85,114,114,2019-09-27,2019-10-26,2019-10-26,"Y","L3","beach","0",0,0,0,0,0,0,0,3,0,0,0,0,0,0,0,3,"0","0","0","0","0","0","1","0",-Inf,-Inf,-Inf,-Inf,"0",1,29,1,0,0
"273","201920","Inman River Outlet","FP","201920_Inman River Outlet_3",130,143,145,2019-11-11,2019-11-24,2019-11-26,"Y","L3","beach","1",4,0,0,0,0,0,0,1.5,8,0,0,0,0,0,0,3,"1","0","1","0","0","0","1","0",2,-Inf,1,-Inf,"0",2,14,1,2,1
"274","201920","Inman River Outlet","FP","201920_Inman River Outlet_4",167,180,181,2019-12-18,2019-12-31,2020-01-01,"Y","L3","beach","1",2.5,0,1,0,1,0,0,0,5,0,2,0,2,0,0,0,"1","0","1","0","1","0","0","0",2,-Inf,1,-Inf,"0",2,13.5,2,1,0.5
"275","201920","Inman River Outlet","FP","201920_Inman River Outlet_5",192,195,197,2020-01-12,2020-01-15,2020-01-17,"Y","L3","beach","1",0,0,0,0,0,0,1,4.5,0,0,0,0,0,0,2,5,"1","0","1","0","0","1","1","0",1,-Inf,1,-Inf,"0",2,4,3,2,1
"276","201920","Inman River Outlet","FP","201920_Inman River Outlet_6",205,208,209,2020-01-25,2020-01-28,2020-01-29,"Y","L3","beach","1",3.5,0,0,0,0,0,2,3.5,7,0,0,0,0,0,4,7,"1","0","1","0","0","1","1","0",1,-Inf,1,-Inf,"0",2,3.5,0,1,0.5
"277","201920","Maslin Beach","FP","201920_Maslin Beach_2",113,140,140,2019-10-25,2019-11-21,2019-11-21,"Y","L3","beach","0",0,0,0,0,0,0,0,0,0,0,0,0,0,0,0,0,"0","0","1","0","0","0","0","0",-Inf,-Inf,1,-Inf,"0",1,27,0,0,0
"278","201920","Maslin Beach","FP","201920_Maslin Beach_3",161,202,203,2019-12-12,2020-01-22,2020-01-23,"Y","L3","beach","1",7,0,1,0.5,0.5,0,0,0,12,0,2,1,1,0,0,0,"1","0","1","1","1","0","0","0",1,-Inf,1,-Inf,"0",2,41.5,2,1,0.5
"279","201920","Parsons Beach","FP","201920_Parsons Beach_1",79,79,83,2019-09-21,2019-09-21,2019-09-25,"N","L0","foredune/face","1",1,0,0,0,0,0,1.5,12.5,2,0,0,0,0,0,3,15,"1","0","0","0","0","1","1","0",1,-Inf,-Inf,-Inf,"1",2,2,2,4,2
"280","201920","Parsons Beach","FP","201920_Parsons Beach_2",111,111,120,2019-10-23,2019-10-23,2019-11-01,"N","L1","beach","1",0.5,0,0,0,0,0,0,0,1,0,0,0,0,0,0,0,"1","0","0","0","0","0","0","0",-Inf,-Inf,-Inf,-Inf,"1",2,4.5,2,9,4.5
"281","201920","Port Willunga","FP","201920_Port Willunga_1",44,80,80,2019-08-17,2019-09-22,2019-09-22,"Y","L3","dune","0",3,0,2,0,2,0,0,0,3,0,2,0,2,0,0,0,"1","0","1","0","1","0","0","0",1,-Inf,1,-Inf,"0",1,36,1,0,0
"282","201920","Port Willunga","FP","201920_Port Willunga_3",146,175,175,2019-11-27,2019-12-26,2019-12-26,"Y","L3","beach","0",11,0,6,3,3,0,0,4,11,0,6,3,3,0,0,4,"1","0","1","1","1","0","1","0",2,-Inf,2,-Inf,"0",1,29,1,0,0
"283","201920","Port Willunga South","FP","201920_Port Willunga South_1",121,147,147,2019-11-02,2019-11-28,2019-11-28,"Y","L3","beach","0",10,0,2,1,1,0,0,3,10,0,2,1,1,0,0,3,"1","0","1","1","1","0","1","0",1,-Inf,1,-Inf,"0",1,26,0,0,0
"284","201920","Watsons Gap","FP","201920_Watsons Gap_1",41,55,56,2019-08-14,2019-08-28,2019-08-29,"N","L1","beach","1",1,0,0,0,0,0,0,3.5,2,0,0,0,0,0,0,6,"1","0","1","0","0","0","1","0",1,-Inf,1,-Inf,"2",2,14.5,0,1,0.5
"285","201920","Watsons Gap","FP","201920_Watsons Gap_2",65,96,96,2019-09-07,2019-10-08,2019-10-08,"Y","L3","beach","0",0,0,0,0,0,0,0,3,0,0,0,0,0,0,0,3,"1","0","0","0","0","0","1","0",2,-Inf,-Inf,-Inf,"0",1,31,1,0,0
"286","201920","Watsons Gap","FP","201920_Watsons Gap_3",109,119,120,2019-10-21,2019-10-31,2019-11-01,"Y","L3","beach","1",0,0,0,0,0,0,4.5,1,0,0,0,0,0,0,6,2,"1","0","1","0","0","1","1","0",1,-Inf,1,-Inf,"0",2,10.5,0,1,0.5
"287","201920","Watsons Gap","FP","201920_Watsons Gap_4",128,151,156,2019-11-09,2019-12-02,2019-12-07,"Y","L3","beach","1",1,0,0,0,0,0,0,2,2,0,0,0,0,0,0,3,"1","0","1","0","0","0","1","0",1,-Inf,1,-Inf,"2",2,25.5,1,5,2.5
"288","201920","Watsons Gap","FP","201920_Watsons Gap_5",166,168,169,2019-12-17,2019-12-19,2019-12-20,"N","L0","beach","1",2.5,0,0.5,0,0.5,0,0,2,5,0,1,0,1,0,0,3,"1","0","1","0","1","0","1","0",1,-Inf,1,-Inf,"1",2,2.5,2,1,0.5
"289","201920","Carrickalinga North","FP","201920_Carrickalinga North_1",102,121,121,2019-10-14,2019-11-02,2019-11-02,"Y","L3","beach","0",0,0,0,0,0,0,0,2,0,0,0,0,0,0,0,2,"1","0","0","0","0","0","1","0",1,-Inf,-Inf,-Inf,"0",1,19,1,0,0
"290","201920","Carrickalinga Rotunda","FP","201920_Carrickalinga Rotunda_1",115,140,140,2019-10-27,2019-11-21,2019-11-21,"Y","L3","beach","0",0,0,0,0,0,0,0,0,0,0,0,0,0,0,0,0,"0","0","0","0","0","0","0","0",-Inf,-Inf,-Inf,-Inf,"0",1,25,0,0,0
"291","201920","Hindmarsh River Mouth","FP","201920_Hindmarsh River Mouth_1",177,206,206,2019-12-28,2020-01-26,2020-01-26,"Y","L3","beach","0",10,0,2,1,1,0,0,5,10,0,2,1,1,0,0,5,"1","0","1","1","1","0","1","0",2,-Inf,1,-Inf,"0",1,29,1,0,0
"292","201920","Hindmarsh River Mouth","FP","201920_Hindmarsh River Mouth_4",177,206,206,2019-12-28,2020-01-26,2020-01-26,"Y","L3","foredune/face","0",10,0,2,1,1,0,0,5,10,0,2,1,1,0,0,5,"1","0","1","1","1","0","1","0",2,-Inf,1,-Inf,"0",1,29,1,0,0
"293","201920","Myponga Beach","FP","201920_Myponga Beach_1",81,112,112,2019-09-23,2019-10-24,2019-10-24,"Y","L3","estuary/spit","0",0,0,0,0,0,0,0,20,0,0,0,0,0,0,0,20,"1","1","1","0","0","0","1","0",1,2,1,-Inf,"0",1,31,0,0,0
"294","201920","Shelley Beach (lady bay)","FP","201920_Shelley Beach (lady bay)_1",58,69,71,2019-08-31,2019-09-11,2019-09-13,"Y","L3","beach","1",0,0,0,0,0,0,0,0,0,0,0,0,0,0,0,0,"0","0","0","0","0","0","0","0",-Inf,-Inf,-Inf,-Inf,"0",2,12,0,2,1
"295","201920","Shelley Beach (lady bay)","FP","201920_Shelley Beach (lady bay)_2",84,86,89,2019-09-26,2019-09-28,2019-10-01,"Y","L3","beach","1",0,0,0,0,0,0,0,0,0,0,0,0,0,0,0,0,"1","0","1","0","0","0","0","0",1,-Inf,1,-Inf,"0",2,3.5,4,3,1.5
"296","201920","Shelley Beach (lady bay)","FP","201920_Shelley Beach (lady bay)_3",172,184,184,2019-12-23,2020-01-04,2020-01-04,"Y","L3","beach","0",0,0,0,0,0,0,1,2,0,0,0,0,0,0,1,2,"1","0","0","0","0","1","1","0",1,-Inf,-Inf,-Inf,"0",1,12,1,0,0
"297","201920","Tunkalilla East","FP","201920_Tunkalilla East_3",195,201,209,2020-01-15,2020-01-21,2020-01-29,"N","L0","dune","1",0,0,0,0,0,0,3,0,0,0,0,0,0,0,6,0,"1","0","0","0","0","1","0","0",1,-Inf,-Inf,-Inf,"1",2,10,7,8,4
"298","201920","Tunkalilla East","FP","201920_Tunkalilla East_4",216,216,225,2020-02-05,2020-02-05,2020-02-14,"N","L0","beach","1",0,0,0,0,0,0,0,0,0,0,0,0,0,0,0,0,"0","0","0","0","0","0","0","0",-Inf,-Inf,-Inf,-Inf,"1",2,4.5,2,9,4.5
"299","201920","Tunkalilla West","FP","201920_Tunkalilla West_1",97,97,107,2019-10-09,2019-10-09,2019-10-19,"N","L0","beach","1",0,0,0,0,0,0,0,0,0,0,0,0,0,0,0,0,"1","0","0","0","0","0","0","0",1,-Inf,-Inf,-Inf,"1",2,5,6,10,5
"300","201920","Tunkalilla West","FP","201920_Tunkalilla West_2",168,187,187,2019-12-19,2020-01-07,2020-01-07,"N","L0","beach","0",0,0,0,0,0,0,0,2,0,0,0,0,0,0,0,2,"1","0","0","0","0","0","1","0",1,-Inf,-Inf,-Inf,"0",1,19,1,0,0
"301","201920","Callawonga","FP","201920_Callawonga_2",161,185,185,2019-12-12,2020-01-05,2020-01-05,"N","L0","beach","0",0,0,0,0,0,0,4,2,0,0,0,0,0,0,4,2,"0","1","0","0","0","1","1","0",-Inf,1,-Inf,-Inf,"1",1,24,1,0,0
"302","201920","Port Stanvac","FP","201920_Port Stanvac_1",112,112,112,2019-10-24,2019-10-24,2019-10-24,"N","L0","beach","0",0,0,0,0,0,0,0,0,0,0,0,0,0,0,0,0,"0","0","0","0","0","0","0","0",-Inf,-Inf,-Inf,-Inf,"0",1,0,0,0,0
"303","201920","Ballaparudda","FP","201920_Ballaparudda_1",146,146,161,2019-11-27,2019-11-27,2019-12-12,"N","L0","beach","1",0,0,0,0,0,0,2,2,0,0,0,0,0,0,4,3,"0","0","0","0","0","1","1","1",-Inf,-Inf,-Inf,1,"2",2,7.5,4,15,7.5
"304","201920","Ochre Cove, Maslins","FP","201920_Ochre Cove, Maslins_1",34,46,48,2019-08-07,2019-08-19,2019-08-21,"Y","L3","foredune/face","1",0,0,0,0,0,0,0,11,0,0,0,0,0,0,0,22,"0","0","0","0","0","0","1","0",-Inf,-Inf,-Inf,-Inf,"1",2,13,0,2,1
"305","201920","Sheepies beach","FP","201920_Sheepies beach_2",194,200,200,2020-01-14,2020-01-20,2020-01-20,"N","L1","beach","0",0,0,0,0,0,0,0,2,0,0,0,0,0,0,0,2,"1","0","0","0","0","0","1","0",1,-Inf,-Inf,-Inf,"0",1,6,1,0,0
"306","201920","Yankalilla river mouth","FP","201920_Yankalilla river mouth_1",173,177,179,2019-12-24,2019-12-28,2019-12-30,"Y","L3","estuary/spit","1",0,0.5,1,0,1,0,0,0,0,1,2,0,2,0,0,0,"0","1","1","0","1","0","0","0",-Inf,2,2,-Inf,"0",2,5,3,2,1
"307","201920","Yilki","FP","201920_Yilki_1",50,59,61,2019-08-23,2019-09-01,2019-09-03,"Y","L3","beach","1",2,0,3,0,3,0,0,4.5,4,0,6,0,6,0,0,6,"1","0","1","0","1","0","1","0",1,-Inf,1,-Inf,"0",2,10,1,2,1
"308","201920","Yilki","FP","201920_Yilki_2",70,102,102,2019-09-12,2019-10-14,2019-10-14,"Y","L3","beach","0",2,0,2,0,2,0,0,0,2,0,2,0,2,0,0,0,"1","0","1","0","1","0","0","0",1,-Inf,1,-Inf,"0",1,32,0,0,0
"309","201920","Yilki","FP","201920_Yilki_3",144,149,150,2019-11-25,2019-11-30,2019-12-01,"Y","L3","beach","1",1,0,1.5,1.5,0,0,0,1.5,2,0,3,3,0,0,0,3,"1","0","1","1","0","0","1","0",1,-Inf,1,-Inf,"0",2,5.5,2,1,0.5
"310","201920","Yilki","FP","201920_Yilki_4",158,169,170,2019-12-09,2019-12-20,2019-12-21,"Y","L3","beach","1",1,0,1,1,0,0,0,0,2,0,2,2,0,0,0,0,"1","0","1","1","0","0","0","0",1,-Inf,1,-Inf,"0",2,11.5,2,1,0.5
"311","201920","Yilki","FP","201920_Yilki_5",181,190,191,2020-01-01,2020-01-10,2020-01-11,"Y","L3","beach","1",0.5,0,0.5,0.5,0,0,0,3,1,0,1,1,0,0,0,6,"1","0","1","1","0","0","1","0",1,-Inf,-Inf,-Inf,"0",2,9.5,2,1,0.5
"312","201920","Normanville South","FP","201920_Normanville South_1",57,70,71,2019-08-30,2019-09-12,2019-09-13,"Y","L3","estuary/spit","1",4,0,2,0.5,1.5,0,0.5,1.5,6,0,2,1,2,0,1,3,"1","0","1","1","1","1","1","1",2,-Inf,1,1,"0",2,13.5,0,1,0.5
"313","201920","Normanville South","FP","201920_Normanville South_2",84,112,112,2019-09-26,2019-10-24,2019-10-24,"Y","L3","estuary/spit","0",9,0,1,0,1,0,0,9,9,0,1,0,1,0,0,9,"1","0","1","0","1","0","1","0",2,-Inf,-Inf,-Inf,"0",1,28,0,0,0
"314","201920","Normanville South","FP","201920_Normanville South_3",133,162,162,2019-11-14,2019-12-13,2019-12-13,"Y","L3","estuary/spit","0",2,0,1,1,0,0,0,0,2,0,1,1,0,0,0,0,"1","0","1","1","0","0","0","0",2,-Inf,-Inf,-Inf,"0",1,29,0,0,0
"315","201920","Normanville South","FP","201920_Normanville South_4",187,211,212,2020-01-07,2020-01-31,2020-02-01,"Y","L3","estuary/spit","1",2,0,1,1,0,0,0,10,2,0,2,2,0,0,0,20,"1","1","1","1","0","0","1","0",2,2,-Inf,-Inf,"0",2,24.5,1,1,0.5
"316","201920","Olivers Reef","FP","201920_Olivers Reef_3",124,154,154,2019-11-05,2019-12-05,2019-12-05,"Y","L3","foredune/face","0",4,0,0,0,0,0,0,2,4,0,0,0,0,0,0,2,"1","0","1","0","0","0","1","0",1,-Inf,1,-Inf,"0",1,30,0,0,0
"317","201920","Snapper Point","FP","201920_Snapper Point_1",53,63,65,2019-08-26,2019-09-05,2019-09-07,"Y","L3","beach","1",0.5,0,0.5,0.5,0,0,0,9.5,1,0,1,1,0,0,0,11,"1","0","1","1","0","0","1","0",1,-Inf,1,-Inf,"0",2,11,1,2,1
"318","201920","Snapper Point","FP","201920_Snapper Point_2",79,90,94,2019-09-21,2019-10-02,2019-10-06,"Y","L3","foredune/face","1",5,0,1,0.5,0.5,0,0,7.5,10,0,2,1,1,0,0,15,"1","0","1","1","1","0","1","0",1,-Inf,1,-Inf,"0",2,13,5,4,2
"319","201920","Waitpinga Beach (east)","FP","201920_Waitpinga Beach (east)_1",84,87,90,2019-09-26,2019-09-29,2019-10-02,"Y","L3","beach","1",19,0,0,0,0,0,3,30,30,0,0,0,0,0,3,38,"1","0","0","0","0","1","1","0",2,-Inf,-Inf,-Inf,"1",2,4.5,4,3,1.5
"320","201920","Waitpinga Beach (east)","FP","201920_Waitpinga Beach (east)_2",129,134,138,2019-11-10,2019-11-15,2019-11-19,"N","L1","foredune/face","1",0,0,0,0,0,0,6,10,0,0,0,0,0,0,12,19,"1","0","0","0","0","1","1","0",1,-Inf,-Inf,-Inf,"1",2,7,2,4,2
"321","201920","Waitpinga Beach (east)","FP","201920_Waitpinga Beach (east)_4",194,194,197,2020-01-14,2020-01-14,2020-01-17,"N","L1","beach","1",1,0,0,0,0,0,0,13,2,0,0,0,0,0,0,26,"1","0","0","0","0","0","1","0",1,-Inf,-Inf,-Inf,"0",2,1.5,4,3,1.5
"322","201920","Seacliff","FP","201920_Seacliff_1",50,63,64,2019-08-23,2019-09-05,2019-09-06,"Y","L4","dune","1",8,0,4,2,2,0,0,0,16,0,8,4,4,0,0,0,"1","1","1","1","1","0","0","0",2,1,2,-Inf,"0",2,13.5,0,1,0.5
"323","201920","Seacliff","FP","201920_Seacliff_2",82,109,109,2019-09-24,2019-10-21,2019-10-21,"Y","L4","foredune/face","0",7,0,3,3,0,0,0,1,7,0,3,3,0,0,0,1,"1","0","1","1","0","0","1","0",3,-Inf,3,-Inf,"0",1,27,0,0,0
"324","201920","Hallett Cove","FP","201920_Hallett Cove_1",61,66,68,2019-09-03,2019-09-08,2019-09-10,"Y","L3","beach","1",2.5,0,0.5,0.5,0,0,0,23.5,5,0,1,1,0,0,0,29,"1","1","1","1","0","0","1","0",3,1,3,-Inf,"0",2,6,1,2,1
"325","201920","Victor Central","FP","201920_Victor Central_1",48,79,79,2019-08-21,2019-09-21,2019-09-21,"Y","L3","foredune/face","0",1,0,1,1,0,0,0,2,1,0,1,1,0,0,0,2,"1","0","1","1","0","0","1","0",1,-Inf,1,-Inf,"0",1,31,1,0,0
"326","201920","Victor Central","FP","201920_Victor Central_2",94,112,113,2019-10-06,2019-10-24,2019-10-25,"Y","L3","dune","1",1.5,0,0,0,0,0,0,5,3,0,0,0,0,0,0,7,"1","0","1","0","0","0","1","0",1,-Inf,1,-Inf,"0",2,18.5,0,1,0.5
"327","201920","Tunkalilla Midway","FP","201920_Tunkalilla Midway_2",97,97,107,2019-10-09,2019-10-09,2019-10-19,"N","L0","dune","1",0,0,0,0,0,0,0,2.5,0,0,0,0,0,0,0,3,"0","0","0","0","0","0","1","0",-Inf,-Inf,-Inf,-Inf,"1",2,5,6,10,5
"328","201920","Tunkalilla Midway","FP","201920_Tunkalilla Midway_3",123,123,132,2019-11-04,2019-11-04,2019-11-13,"N","L0","beach","1",0,0,0,0,0,0,0,0,0,0,0,0,0,0,0,0,"1","0","0","0","0","0","0","0",1,-Inf,-Inf,-Inf,"1",2,4.5,2,9,4.5
"329","201920","Tunkalilla Midway","FP","201920_Tunkalilla Midway_5",187,209,209,2020-01-07,2020-01-29,2020-01-29,"N","L0","beach","0",0,0,0,0,0,0,0,0,0,0,0,0,0,0,0,0,"1","0","1","0","0","0","0","1",1,-Inf,1,2,"1",1,22,0,0,0
"330","201920","Middleton Beach East","FP","201920_Middleton Beach East_1",105,128,129,2019-10-17,2019-11-09,2019-11-10,"Y","L3","beach","1",1.5,0,1,0.5,0.5,0,0,4.5,2,0,1,1,1,0,0,5,"1","0","1","1","1","0","1","0",3,-Inf,1,-Inf,"0",2,23.5,2,1,0.5
"331","201920","Middleton Beach West","FP","201920_Middleton Beach West_1",54,84,84,2019-08-27,2019-09-26,2019-09-26,"Y","L3","foredune/face","0",16,0,0,0,0,0,0,18,16,0,0,0,0,0,0,18,"1","0","1","0","0","0","1","0",1,-Inf,1,-Inf,"0",1,30,0,0,0
"332","201920","Middleton Beach West","FP","201920_Middleton Beach West_2",136,152,153,2019-11-17,2019-12-03,2019-12-04,"Y","L3","dune","1",0.5,0,0,0,0,0,0,5,1,0,0,0,0,0,0,8,"1","0","1","0","0","0","1","0",1,-Inf,1,-Inf,"1",2,16.5,0,1,0.5
"333","201920","Middleton Beach West","FP","201920_Middleton Beach West_3",168,202,203,2019-12-19,2020-01-22,2020-01-23,"Y","L3","foredune/face","1",2.5,0,2.5,1.5,1,0,0,11.5,3,0,3,2,1,0,0,15,"1","0","1","1","1","0","1","0",1,-Inf,1,-Inf,"0",2,34.5,2,1,0.5
"334","201920","Sellicks Beach","FP","201920_Sellicks Beach_1",112,135,135,2019-10-24,2019-11-16,2019-11-16,"Y","L3","foredune/face","0",3,0,0,0,0,2,7,1,3,0,0,0,0,2,7,1,"1","1","1","0","0","1","1","1",2,1,1,2,"0",1,23,1,0,0
"335","201920","West Beach","FP","201920_West Beach_1",106,137,137,2019-10-18,2019-11-18,2019-11-18,"Y","L3","beach","0",0,0,0,0,0,0,0,0,0,0,0,0,0,0,0,0,"0","0","0","0","0","0","0","0",-Inf,-Inf,-Inf,-Inf,"0",1,31,0,0,0
"336","202021","Bashams Beach","FP","202021_Bashams Beach_1",37,47,48,2020-08-10,2020-08-20,2020-08-21,"Y","L3","beach","1",1,0,0.5,0.5,0,0,0,13.5,2,0,1,1,0,0,0,14,"1","0","1","1","0","0","1","0",1,-Inf,1,-Inf,"0",2,10.5,0,1,0.5
"337","202021","Bashams Beach","FP","202021_Bashams Beach_2",58,91,91,2020-08-31,2020-10-03,2020-10-03,"Y","L3","beach","0",12,0,0,0,0,0,0,2,12,0,0,0,0,0,0,2,"1","0","1","0","0","0","1","0",1,-Inf,1,-Inf,"0",1,33,1,0,0
"338","202021","Maslin Beach","FP","202021_Maslin Beach_1",63,78,80,2020-09-05,2020-09-20,2020-09-22,"Y","L3","beach","1",5,0,0.5,0,0.5,0,1,0,9,0,1,0,1,0,1,0,"1","0","1","0","1","1","0","0",2,-Inf,1,-Inf,"0",2,16,1,2,1
"339","202021","Maslin Beach","FP","202021_Maslin Beach_2",90,92,93,2020-10-02,2020-10-04,2020-10-05,"Y","L3","beach","1",3.5,0,1.5,0.5,1,0,0,1,5,0,2,1,2,0,0,2,"1","0","1","1","1","0","1","0",3,-Inf,1,-Inf,"0",2,2.5,2,1,0.5
"340","202021","Maslin Beach","FP","202021_Maslin Beach_3",120,132,132,2020-11-01,2020-11-13,2020-11-13,"Y","L3","foredune/face","0",4,0,5,0,5,0,0,0,4,0,5,0,5,0,0,0,"1","0","1","0","1","0","0","0",-Inf,-Inf,-Inf,-Inf,"0",1,12,0,0,0
"341","202021","Port Willunga","FP","202021_Port Willunga_1",66,77,80,2020-09-08,2020-09-19,2020-09-22,"Y","L3","beach","1",5.5,0,2.5,0,2.5,0,2,5.5,10,0,5,0,5,0,4,11,"1","0","1","0","1","1","1","0",2,-Inf,2,-Inf,"0",2,12.5,2,3,1.5
"342","202021","Port Willunga","FP","202021_Port Willunga_2",89,120,120,2020-10-01,2020-11-01,2020-11-01,"Y","L3","beach","0",3,0,5,0,5,0,0,4,3,0,5,0,5,0,0,4,"1","0","1","0","1","0","1","0",2,-Inf,2,-Inf,"0",1,31,1,0,0
"343","202021","Port Willunga South","FP","202021_Port Willunga South_2",114,145,145,2020-10-26,2020-11-26,2020-11-26,"Y","L3","beach","0",4,0,2,0,2,0,0,3,4,0,2,0,2,0,0,3,"1","0","1","0","1","0","1","0",2,-Inf,1,-Inf,"0",1,31,0,0,0
"344","202021","Watsons Gap","FP","202021_Watsons Gap_1",57,66,67,2020-08-30,2020-09-08,2020-09-09,"Y","L3","beach","1",0,0,0,0,0,0,0,1,0,0,0,0,0,0,0,2,"1","0","1","0","0","0","1","0",1,-Inf,1,-Inf,"1",2,9.5,0,1,0.5
"345","202021","Watsons Gap","FP","202021_Watsons Gap_2",79,109,109,2020-09-21,2020-10-21,2020-10-21,"Y","L3","beach","0",0,0,0,0,0,0,0,2,0,0,0,0,0,0,0,2,"1","0","1","0","0","0","1","0",1,-Inf,1,-Inf,"1",1,30,0,0,0
"346","202021","Watsons Gap","FP","202021_Watsons Gap_3",148,168,169,2020-11-29,2020-12-19,2020-12-20,"Y","L3","beach","1",0,0,0,0,0,0,0,2.5,0,0,0,0,0,0,0,3,"1","0","1","0","0","0","1","0",2,-Inf,1,-Inf,"2",2,20.5,2,1,0.5
"347","202021","Watsons Gap","FP","202021_Watsons Gap_4",179,181,183,2020-12-30,2021-01-01,2021-01-03,"Y","L3","beach","1",2.5,0,1,0,1,0,0,3,4,0,2,0,2,0,0,4,"1","0","1","0","1","0","1","0",1,-Inf,1,-Inf,"1",2,3,3,2,1
"348","202021","Carrickalinga North","FP","202021_Carrickalinga North_1",115,132,133,2020-10-27,2020-11-13,2020-11-14,"Y","L3","beach","1",2.5,0,1,0,1,0,3.5,2,3,0,2,0,2,0,4,2,"1","0","1","0","1","1","1","0",2,-Inf,2,-Inf,"1",2,17.5,1,1,0.5
"349","202021","Carrickalinga Rotunda","FP","202021_Carrickalinga Rotunda_1",120,120,124,2020-11-01,2020-11-01,2020-11-05,"N","L0","beach","1",1,0,0.75,0,0.75,0,0.75,2,4,0,2,0,2,0,3,4,"1","0","1","0","1","1","1","0",3,-Inf,2,-Inf,"0",4,2,1,4,2
"350","202021","Carrickalinga Rotunda","FP","202021_Carrickalinga Rotunda_2",140,145,153,2020-11-21,2020-11-26,2020-12-04,"Y","L3","foredune/face","1",1.5,0,0,0,0,0,0,0,6,0,0,0,0,0,0,0,"1","0","0","0","0","0","0","0",2,-Inf,-Inf,-Inf,"0",4,9,2,8,4
"351","202021","Shelley Beach (lady bay)","FP","202021_Shelley Beach (lady bay)_1",147,157,163,2020-11-28,2020-12-08,2020-12-14,"Y","L3","beach","1",0,0,0,0,0,0,0,0.5,0,0,0,0,0,0,0,1,"0","0","0","0","0","0","1","0",-Inf,-Inf,-Inf,-Inf,"0",2,13,3,6,3
"352","202021","Tunkalilla East","FP","202021_Tunkalilla East_1",74,74,81,2020-09-16,2020-09-16,2020-09-23,"N","L0","foredune/face","1",0,0,0,0,0,0,0,0,0,0,0,0,0,0,0,0,"1","0","0","0","0","0","0","0",1,-Inf,-Inf,-Inf,"1",2,3.5,2,7,3.5
"353","202021","Tunkalilla East","FP","202021_Tunkalilla East_2",101,101,111,2020-10-13,2020-10-13,2020-10-23,"N","L0","dune","1",0,0,0,0,0,0,0,0,0,0,0,0,0,0,0,0,"1","0","0","0","0","0","0","0",1,-Inf,-Inf,-Inf,"1",2,5,2,10,5
"354","202021","Tunkalilla East","FP","202021_Tunkalilla East_3",135,135,142,2020-11-16,2020-11-16,2020-11-23,"N","L0","dune","1",0,0,0,0,0,0,0,0,0,0,0,0,0,0,0,0,"0","0","0","0","0","0","0","0",-Inf,-Inf,-Inf,-Inf,"1",2,3.5,2,7,3.5
"355","202021","Tunkalilla East","FP","202021_Tunkalilla East_4",173,201,201,2020-12-24,2021-01-21,2021-01-21,"N","L0","foredune/face","0",0,0,0,0,0,0,0,0,0,0,0,0,0,0,0,0,"0","0","0","0","0","0","0","0",-Inf,-Inf,-Inf,-Inf,"1",1,28,1,0,0
"356","202021","Tunkalilla West","FP","202021_Tunkalilla West_1",81,81,101,2020-09-23,2020-09-23,2020-10-13,"N","L0","beach","1",0,0,0,0,0,0,0,4.5,0,0,0,0,0,0,0,5,"1","0","0","0","0","0","1","0",1,-Inf,-Inf,-Inf,"1",2,10,16,20,10
"357","202021","Tunkalilla West","FP","202021_Tunkalilla West_2",149,149,160,2020-11-30,2020-11-30,2020-12-11,"N","L0","beach","1",0,0,0,0,0,0,0,0,0,0,0,0,0,0,0,0,"1","0","0","0","0","0","0","0",1,-Inf,-Inf,-Inf,"1",2,5.5,2,11,5.5
"358","202021","Tunkalilla West","FP","202021_Tunkalilla West_3",160,160,167,2020-12-11,2020-12-11,2020-12-18,"N","L0","beach","1",0,0,0,0,0,0,0,0,0,0,0,0,0,0,0,0,"1","0","0","0","0","0","0","0",1,-Inf,-Inf,-Inf,"1",2,3.5,7,7,3.5
"359","202021","Tunkalilla West","FP","202021_Tunkalilla West_5",221,243,243,2021-02-10,2021-03-04,2021-03-04,"N","L0","beach","0",0,0,0,0,0,0,0,0,0,0,0,0,0,0,0,0,"0","0","0","0","0","0","0","0",-Inf,-Inf,-Inf,-Inf,"1",1,22,0,0,0
"360","202021","Callawonga","FP","202021_Callawonga_2",208,208,227,2021-01-28,2021-01-28,2021-02-16,"N","L0","beach","1",0,0,0,0,0,6,0,3,0,0,0,0,0,12,0,5,"1","1","1","0","0","0","1","1",1,1,1,-Inf,"1",2,9.5,8,19,9.5
"361","202021","Ballaparudda","FP","202021_Ballaparudda_1",106,120,120,2020-10-18,2020-11-01,2020-11-01,"N","L0","beach","0",0,0,0,0,0,0,2,3,0,0,0,0,0,0,2,3,"0","0","0","0","0","1","1","0",-Inf,-Inf,-Inf,-Inf,"1",1,14,1,0,0
"362","202021","Ochre Cove, Maslins","FP","202021_Ochre Cove, Maslins_1",35,44,46,2020-08-08,2020-08-17,2020-08-19,"Y","L3","beach","1",2.5,0,1.5,1.5,0,0,0,10,5,0,3,3,0,0,0,20,"1","0","1","1","0","0","1","0",3,-Inf,1,-Inf,"0",2,10,0,2,1
"363","202021","Ochre Cove, Maslins","FP","202021_Ochre Cove, Maslins_4",91,123,123,2020-10-03,2020-11-04,2020-11-04,"Y","L3","foredune/face","0",0,0,0,0,0,0,5,100,0,0,0,0,0,0,5,100,"0","0","0","0","0","1","1","0",-Inf,-Inf,-Inf,-Inf,"0",1,32,0,0,0
"364","202021","Ochre Cove, Maslins","FP","202021_Ochre Cove, Maslins_5",155,170,170,2020-12-06,2020-12-21,2020-12-21,"Y","L3","beach","0",0,0,0,0,0,0,0,50,0,0,0,0,0,0,0,50,"0","0","0","0","0","0","1","0",-Inf,-Inf,-Inf,-Inf,"0",1,15,1,0,0
"365","202021","Sheepies beach","FP","202021_Sheepies beach_1",133,136,143,2020-11-14,2020-11-17,2020-11-24,"N","L0","beach","1",0,0,0,0,0,0,3,1,0,0,0,0,0,0,3,1,"1","0","0","0","0","1","1","0",1,-Inf,-Inf,-Inf,"1",2,6.5,2,7,3.5
"366","202021","Sheepies beach","FP","202021_Sheepies beach_2",166,177,177,2020-12-17,2020-12-28,2020-12-28,"Y","L3","foredune/face","0",0,0,0,0,0,0,1,1,0,0,0,0,0,0,1,1,"0","0","0","0","0","1","1","0",-Inf,-Inf,-Inf,-Inf,"0",1,11,1,0,0
"367","202021","Waitpinga Beach (west)","FP","202021_Waitpinga Beach (west)_1",75,75,88,2020-09-17,2020-09-17,2020-09-30,"N","L0","beach","1",0,0,0,0,0,0,1,2.5,0,0,0,0,0,0,2,5,"1","0","0","0","0","1","1","0",1,-Inf,-Inf,-Inf,"0",2,6.5,7,13,6.5
"368","202021","Waitpinga Beach (west)","FP","202021_Waitpinga Beach (west)_2",101,127,130,2020-10-13,2020-11-08,2020-11-11,"N","L0","foredune/face","1",11,0,0,0,0,0,0,4.5,16,0,0,0,0,0,0,6,"1","0","0","0","0","0","1","0",1,-Inf,-Inf,-Inf,"1",2,27.5,1,3,1.5
"369","202021","Waitpinga Beach (west)","FP","202021_Waitpinga Beach (west)_3",143,143,148,2020-11-24,2020-11-24,2020-11-29,"N","L0","beach","1",1,0,0,0,0,0,0,3,2,0,0,0,0,0,0,6,"1","0","0","0","0","0","1","0",1,-Inf,-Inf,-Inf,"0",2,2.5,2,5,2.5
"370","202021","Waitpinga Beach (west)","FP","202021_Waitpinga Beach (west)_4",157,177,180,2020-12-08,2020-12-28,2020-12-31,"Y","L3","dune","1",5,0,0,0,0,0,0,4,10,0,0,0,0,0,0,8,"1","0","0","0","0","0","1","0",1,-Inf,-Inf,-Inf,"3",2,21.5,4,3,1.5
"371","202021","Waitpinga Beach (west)","FP","202021_Waitpinga Beach (west)_5",189,189,193,2021-01-09,2021-01-09,2021-01-13,"Y","L3","beach","1",5,0,0,0,0,0,5,2,6,0,0,0,0,0,8,4,"1","0","0","0","0","1","1","0",1,-Inf,-Inf,-Inf,"1",2,2,5,4,2
"372","202021","Waitpinga Beach (west)","FP","202021_Waitpinga Beach (west)_6",193,193,196,2021-01-13,2021-01-13,2021-01-16,"Y","L3","foredune/face","1",2,0,0,0,0,0,4,2,4,0,0,0,0,0,8,4,"1","0","0","0","0","1","1","0",1,-Inf,-Inf,-Inf,"1",2,1.5,4,3,1.5
"373","202021","Yilki","FP","202021_Yilki_1",62,68,69,2020-09-04,2020-09-10,2020-09-11,"Y","L3","beach","1",0,0,0,0,0,0,2.5,0,0,0,0,0,0,0,3,0,"0","0","0","0","0","1","0","0",-Inf,-Inf,-Inf,-Inf,"1",2,6.5,0,1,0.5
"374","202021","Yilki","FP","202021_Yilki_2",82,82,83,2020-09-24,2020-09-24,2020-09-25,"N","L0","beach","1",0,0,0,0,0,0,0,0,0,0,0,0,0,0,0,0,"0","0","0","0","0","0","0","0",-Inf,-Inf,-Inf,-Inf,"0",2,0.5,0,1,0.5
"375","202021","Yilki","FP","202021_Yilki_3",94,123,124,2020-10-06,2020-11-04,2020-11-05,"Y","L3","beach","1",0.5,0,0.5,0.5,0,0,0.5,4,1,0,1,1,0,0,1,8,"1","0","1","1","0","1","1","0",2,-Inf,2,-Inf,"1",2,29.5,0,1,0.5
"376","202021","Yilki","FP","202021_Yilki_4",136,152,153,2020-11-17,2020-12-03,2020-12-04,"Y","L3","beach","1",0.5,0,1,0,1,0,0,6,1,0,2,0,2,0,0,12,"1","0","1","0","1","0","1","0",-Inf,-Inf,-Inf,-Inf,"0",2,16.5,0,1,0.5
"377","202021","Yilki","FP","202021_Yilki_5",160,170,171,2020-12-11,2020-12-21,2020-12-22,"Y","L3","beach","1",0.5,0,0.5,0.5,0,0,0,0,1,0,1,1,0,0,0,0,"1","0","1","1","0","0","0","0",-Inf,-Inf,-Inf,-Inf,"0",2,10.5,2,1,0.5
"378","202021","Yilki","FP","202021_Yilki_6",179,198,199,2020-12-30,2021-01-18,2021-01-19,"Y","L3","beach","1",1,0,1,1,0,0,0,2,1,0,1,1,0,0,0,4,"1","0","1","1","0","0","1","0",1,-Inf,1,-Inf,"1",2,19.5,2,1,0.5
"379","202021","Yilki","FP","202021_Yilki_7",211,226,227,2021-01-31,2021-02-15,2021-02-16,"Y","L3","beach","1",2,0,2,2,0,0,0,3.5,2,0,2,2,0,0,0,4,"1","0","1","1","0","0","1","0",2,-Inf,1,-Inf,"1",2,15.5,0,1,0.5
"380","202021","Normanville South","FP","202021_Normanville South_1",67,81,81,2020-09-09,2020-09-23,2020-09-23,"Y","L3","estuary/spit","1",0,0,0,0,0,0,0,0,0,0,0,0,0,0,0,0,"0","0","0","0","0","0","0","0",-Inf,-Inf,-Inf,-Inf,"0",1,14,0,0,0
"381","202021","Normanville South","FP","202021_Normanville South_2",98,125,125,2020-10-10,2020-11-06,2020-11-06,"Y","L3","estuary/spit","0",3,0,0,0,0,0,0,3,3,0,0,0,0,0,0,3,"1","0","0","0","0","0","1","0",3,-Inf,-Inf,-Inf,"0",1,27,0,0,0
"382","202021","Olivers Reef","FP","202021_Olivers Reef_2",107,135,136,2020-10-19,2020-11-16,2020-11-17,"Y","L3","beach","1",2.5,0,3,2,1,0,0,5,3,0,4,2,2,0,0,8,"1","0","1","1","1","0","1","0",1,-Inf,1,-Inf,"2",2,28.5,0,1,0.5
"383","202021","Olivers Reef","FP","202021_Olivers Reef_3",144,151,152,2020-11-25,2020-12-02,2020-12-03,"Y","L3","beach","1",9,0,5,3.5,1.5,0,0,13,13,0,7,4,3,0,0,22,"1","0","1","1","1","0","1","0",1,-Inf,1,-Inf,"1",2,7.5,0,1,0.5
"384","202021","Waitpinga Beach (east)","FP","202021_Waitpinga Beach (east)_1",120,120,124,2020-11-01,2020-11-01,2020-11-05,"N","L0","beach","1",8,0,0,0,0,0,6,26.5,16,0,0,0,0,0,10,40,"1","0","1","0","0","1","1","0",1,-Inf,1,-Inf,"1",2,2,1,4,2
"385","202021","Waitpinga Beach (east)","FP","202021_Waitpinga Beach (east)_2",148,148,157,2020-11-29,2020-11-29,2020-12-08,"N","L0","beach","1",4,0,0,0,0,0,10.5,12,6,0,0,0,0,0,16,14,"1","0","0","0","0","1","1","0",1,-Inf,-Inf,-Inf,"1",2,4.5,3,9,4.5
"386","202021","Waitpinga Beach (east)","FP","202021_Waitpinga Beach (east)_3",157,157,160,2020-12-08,2020-12-08,2020-12-11,"N","L0","foredune/face","1",3,0,0,0,0,0,8,8,4,0,0,0,0,0,16,10,"1","0","0","0","0","1","1","0",1,-Inf,-Inf,-Inf,"1",2,1.5,0,3,1.5
"387","202021","Waitpinga Beach (east)","FP","202021_Waitpinga Beach (east)_4",180,185,188,2020-12-31,2021-01-05,2021-01-08,"N","L0","beach","1",7,0,0,0,0,0,2,10.5,11,0,0,0,0,0,4,11,"1","0","0","0","0","1","1","0",1,-Inf,-Inf,-Inf,"1",2,6.5,4,3,1.5
"388","202021","Waitpinga Beach (east)","FP","202021_Waitpinga Beach (east)_5",206,206,207,2021-01-26,2021-01-26,2021-01-27,"N","L0","beach","1",2.5,0,0,0,0,0,0,3,3,0,0,0,0,0,0,4,"1","0","0","0","0","0","1","0",1,-Inf,-Inf,-Inf,"1",2,0.5,2,1,0.5
"389","202021","Aldinga Nth (Aldinga Beach Rd)","FP","202021_Aldinga Nth (Aldinga Beach Rd)_1",134,134,135,2020-11-15,2020-11-15,2020-11-16,"N","L0","beach","1",5,0,2.5,1,1.5,1,0,27,6,0,3,2,2,2,0,40,"1","0","1","1","1","0","1","1",2,-Inf,2,1,"0",2,0.5,1,1,0.5
"390","202021","Seacliff","FP","202021_Seacliff_2",86,115,115,2020-09-28,2020-10-27,2020-10-27,"Y","L3","foredune/face","0",8,0,5,1,4,0,0,0,8,0,5,1,4,0,0,0,"1","0","1","1","1","0","0","0",2,-Inf,1,-Inf,"0",1,29,0,0,0
"391","202021","Seacliff","FP","202021_Seacliff_3",178,202,202,2020-12-29,2021-01-22,2021-01-22,"Y","L4","foredune/face","0",0,0,0,0,0,0,0,0,0,0,0,0,0,0,0,0,"0","0","0","0","0","0","0","0",-Inf,-Inf,-Inf,-Inf,"0",1,24,1,0,0
"392","202021","Tunkalilla Midway","FP","202021_Tunkalilla Midway_1",81,81,101,2020-09-23,2020-09-23,2020-10-13,"N","L0","foredune/face","1",0,0,0,0,0,0,0,0,0,0,0,0,0,0,0,0,"1","0","0","0","0","0","0","0",1,-Inf,-Inf,-Inf,"1",2,10,16,20,10
"393","202021","Tunkalilla Midway","FP","202021_Tunkalilla Midway_2",101,111,123,2020-10-13,2020-10-23,2020-11-04,"N","L0","beach","1",8.5,0,0,0,0,0,0,0,15,0,0,0,0,0,0,0,"1","0","0","0","0","0","0","0",1,-Inf,-Inf,-Inf,"1",2,16,4,12,6
"394","202021","Tunkalilla Midway","FP","202021_Tunkalilla Midway_3",135,149,160,2020-11-16,2020-11-30,2020-12-11,"N","L0","beach","1",0,0,0,0,0,0,0,2,0,0,0,0,0,0,0,2,"1","0","0","0","0","0","1","0",1,-Inf,-Inf,-Inf,"0",2,19.5,2,11,5.5
"395","202021","Tunkalilla Midway","FP","202021_Tunkalilla Midway_4",167,173,187,2020-12-18,2020-12-24,2021-01-07,"N","L0","dune","1",0,0,0,0,0,0,0,0.5,0,0,0,0,0,0,0,1,"1","1","0","0","0","0","1","0",1,1,-Inf,-Inf,"1",2,13,15,14,7
"396","202021","Tunkalilla Midway","FP","202021_Tunkalilla Midway_5",187,201,207,2021-01-07,2021-01-21,2021-01-27,"N","L0","beach","1",0,0,0,0,0,0,0,0,0,0,0,0,0,0,0,0,"0","0","0","0","0","0","0","0",-Inf,-Inf,-Inf,-Inf,"0",2,17,7,6,3
"397","202021","Tunkalilla Midway","FP","202021_Tunkalilla Midway_6",221,221,229,2021-02-10,2021-02-10,2021-02-18,"N","L0","beach","1",0,0,0,0,0,0,0,0,0,0,0,0,0,0,0,0,"1","0","0","0","0","0","0","0",1,-Inf,-Inf,-Inf,"1",2,4,2,8,4
"398","202021","Middleton Beach East","FP","202021_Middleton Beach East_3",177,206,208,2020-12-28,2021-01-26,2021-01-28,"Y","L3","beach","1",2.5,0,2.5,1.5,1,0,0,7.5,3,0,5,3,2,0,0,8,"1","0","1","1","1","0","1","0",1,-Inf,1,-Inf,"0",2,30,3,2,1
"399","202021","Middleton Beach West","FP","202021_Middleton Beach West_1",64,71,72,2020-09-06,2020-09-13,2020-09-14,"Y","L3","dune","1",10,1,2,0.5,1.5,0,0,5.5,16,2,4,1,3,0,0,7,"1","1","1","1","1","0","1","0",2,1,2,-Inf,"1",2,7.5,1,1,0.5
"400","202021","Middleton Beach West","FP","202021_Middleton Beach West_2",81,93,94,2020-09-23,2020-10-05,2020-10-06,"Y","L3","dune","1",0,0,0,0,0,0,1.5,1.5,0,0,0,0,0,0,3,3,"1","0","1","0","0","1","1","0",1,-Inf,1,-Inf,"0",2,12.5,2,1,0.5
"401","202021","Middleton Beach West","FP","202021_Middleton Beach West_3",109,117,120,2020-10-21,2020-10-29,2020-11-01,"Y","L3","dune","1",5.5,0,5,1,4,0,3,10,8,0,8,2,6,0,3,14,"1","0","1","1","1","1","1","0",1,-Inf,1,-Inf,"0",2,9.5,2,3,1.5
"402","202021","Middleton Beach West","FP","202021_Middleton Beach West_4",167,196,196,2020-12-18,2021-01-16,2021-01-16,"Y","L3","dune","0",2,0,0,0,0,0,0,40,2,0,0,0,0,0,0,40,"1","0","1","0","0","0","1","0",1,-Inf,1,-Inf,"0",1,29,1,0,0
"403","202021","Moana Beach","FP","202021_Moana Beach_4",127,157,157,2020-11-08,2020-12-08,2020-12-08,"Y","L3","estuary/spit","0",0,0,0,0,0,0,0,0,0,0,0,0,0,0,0,0,"0","0","0","0","0","0","0","0",-Inf,-Inf,-Inf,-Inf,"0",1,30,0,0,0
"404","202021","Sellicks Beach","FP","202021_Sellicks Beach_3",151,162,162,2020-12-02,2020-12-13,2020-12-13,"Y","L3","foredune/face","0",7,2,0,0,0,0,0,5,7,2,0,0,0,0,0,5,"1","1","1","0","0","0","1","0",1,2,1,-Inf,"0",1,11,1,0,0
"405","202021","West Beach","FP","202021_West Beach_1",54,87,87,2020-08-27,2020-09-29,2020-09-29,"Y","L3","foredune/face","0",7,0,2,2,0,0,0,0,7,0,2,2,0,0,0,0,"1","0","1","1","0","0","0","0",-Inf,-Inf,-Inf,-Inf,"0",1,33,1,0,0
"406","202021","Goolwa beach","FP","202021_Goolwa beach_1",76,104,105,2020-09-18,2020-10-16,2020-10-17,"Y","L3","beach","1",0,0,0,0,0,0,0,20.5,0,0,0,0,0,0,0,36,"1","0","1","0","0","0","1","0",1,-Inf,1,-Inf,"1",2,28.5,1,1,0.5
"407","202021","Henley Beach","FP","202021_Henley Beach_1",64,106,108,2020-09-06,2020-10-18,2020-10-20,"Y","L3","foredune/face","1",0,0,0,0,0,0,0,0,0,0,0,0,0,0,0,0,"0","0","0","0","0","0","0","0",-Inf,-Inf,-Inf,-Inf,"0",2,43,1,2,1
"408","202021","Myponga Beach East","FP","202021_Myponga Beach East_3",184,184,186,2021-01-04,2021-01-04,2021-01-06,"Y","L3","foredune/face","1",1.5,0,0,0,0,0,0,1,3,0,0,0,0,0,0,2,"1","0","0","0","0","0","1","0",1,-Inf,-Inf,-Inf,"0",2,1,3,2,1
"409","202021","Myponga Beach Estuary","FP","202021_Myponga Beach Estuary_1",69,103,103,2020-09-11,2020-10-15,2020-10-15,"Y","L3","estuary/spit","0",3,0,0,0,0,0,0,55,3,0,0,0,0,0,0,55,"1","1","1","0","0","0","1","0",1,1,1,-Inf,"0",1,34,0,0,0
"410","202021","Myponga Beach Estuary","FP","202021_Myponga Beach Estuary_2",173,176,176,2020-12-24,2020-12-27,2020-12-27,"Y","L3","estuary/spit","0",14,0,4,1,3,0,0,20,14,0,4,1,3,0,0,20,"1","1","1","1","1","0","1","0",3,2,1,-Inf,"0",1,3,1,0,0
"411","202021","Waitpinga Estuary","FP","202021_Waitpinga Estuary_1",120,120,124,2020-11-01,2020-11-01,2020-11-05,"N","L0","beach","1",15,0,0.5,0,0.5,0,1,21.5,27,0,1,0,1,0,2,33,"1","0","1","0","1","1","1","0",2,-Inf,1,-Inf,"1",2,2,1,4,2
"412","202122","Bashams Beach","FP","202122_Bashams Beach_1",49,82,82,2021-08-22,2021-09-24,2021-09-24,"Y","L3","beach","0",3,0,0,0,0,0,0,4,3,0,0,0,0,0,0,4,"1","0","1","0","0","0","1","0",1,-Inf,1,-Inf,"0",1,33,0,0,0
"413","202122","Bashams Beach","FP","202122_Bashams Beach_2",135,161,163,2021-11-16,2021-12-12,2021-12-14,"Y","L3","beach","1",3,0,0,0,0,0,0,14,5,0,0,0,0,0,0,25,"1","0","1","0","0","0","1","0",1,-Inf,1,-Inf,"1",2,27,3,2,1
"414","202122","Bashams Beach","FP","202122_Bashams Beach_3",176,204,204,2021-12-27,2022-01-24,2022-01-24,"Y","L3","foredune/face","0",0,0,0,0,0,0,0,3,0,0,0,0,0,0,0,3,"1","0","1","0","0","0","1","0",1,-Inf,1,-Inf,"0",1,28,1,0,0
"415","202122","Inman River Outlet","FP","202122_Inman River Outlet_1",149,179,191,2021-11-30,2021-12-30,2022-01-11,"Y","L3","beach","1",1.1,0,0.6,0.3,0.3,0,0,40.1,3,0,2,2,2,0,0,61,"1","1","1","1","1","0","1","0",1,1,1,-Inf,"0",10,36,13,12,6
"416","202122","Inman River Outlet","FP","202122_Inman River Outlet_2",204,207,208,2022-01-24,2022-01-27,2022-01-28,"N","L0","beach","1",1,0,2,0,2,0,2,29.5,2,0,4,0,4,0,4,31,"1","1","1","0","1","1","1","0",2,1,2,-Inf,"0",2,3.5,2,1,0.5
"417","202122","Maslin Beach","FP","202122_Maslin Beach_1",57,91,91,2021-08-30,2021-10-03,2021-10-03,"Y","L3","beach","0",0,0,0,0,0,0,0,7,0,0,0,0,0,0,0,7,"1","0","1","0","0","0","1","0",1,-Inf,1,-Inf,"0",1,34,1,0,0
"418","202122","Maslin Beach","FP","202122_Maslin Beach_2",105,113,115,2021-10-17,2021-10-25,2021-10-27,"Y","L3","foredune/face","1",1.5,0,1.5,0,1.5,0,0,0,3,0,3,0,3,0,0,0,"1","0","1","0","1","0","0","0",-Inf,-Inf,-Inf,-Inf,"1",2,9,0,2,1
"419","202122","Port Willunga","FP","202122_Port Willunga_1",64,73,76,2021-09-06,2021-09-15,2021-09-18,"Y","L3","beach","1",5.66666666666667,0,2.66666666666667,1,1.66666666666667,0,0,5,8,0,4,3,4,0,0,15,"1","1","1","1","1","0","1","0",2,1,2,-Inf,"1",3,10.5,1,3,1.5
"420","202122","Port Willunga","FP","202122_Port Willunga_2",106,113,114,2021-10-18,2021-10-25,2021-10-26,"Y","L3","beach","1",8.5,0,1,0.5,0.5,0,0,2.5,16,0,2,1,1,0,0,5,"1","0","1","1","1","0","1","0",2,-Inf,2,-Inf,"1",2,7.5,0,1,0.5
"421","202122","Port Willunga","FP","202122_Port Willunga_3",124,157,157,2021-11-05,2021-12-08,2021-12-08,"Y","L3","beach","0",3,0,2,0,2,0,0,0,3,0,2,0,2,0,0,0,"1","0","1","0","1","0","0","0",1,-Inf,1,-Inf,"0",1,33,0,0,0
"422","202122","Port Willunga South","FP","202122_Port Willunga South_1",57,74,76,2021-08-30,2021-09-16,2021-09-18,"Y","L3","foredune/face","1",7.5,0,2,0.5,1.5,0,0,3.5,8,0,2,1,2,0,0,7,"1","1","1","1","1","0","1","0",2,1,1,-Inf,"1",2,18,1,2,1
"423","202122","Port Willunga South","FP","202122_Port Willunga South_2",102,112,113,2021-10-14,2021-10-24,2021-10-25,"Y","L3","foredune/face","1",17.5,0,4,2.5,1.5,0,0,0,30,0,7,5,2,0,0,0,"1","0","1","1","1","0","0","0",2,-Inf,2,-Inf,"1",2,10.5,1,1,0.5
"424","202122","Port Willunga South","FP","202122_Port Willunga South_3",124,155,155,2021-11-05,2021-12-06,2021-12-06,"Y","L3","beach","0",27,0,10,4,6,0,0,2,27,0,10,4,6,0,0,2,"1","0","1","1","1","0","1","0",3,-Inf,2,-Inf,"0",1,31,0,0,0
"425","202122","Watsons Gap","FP","202122_Watsons Gap_1",46,58,59,2021-08-19,2021-08-31,2021-09-01,"Y","L3","beach","1",0,0,0,0,0,0,0,2.5,0,0,0,0,0,0,0,3,"1","0","1","0","0","0","1","0",1,-Inf,1,-Inf,"2",2,12.5,0,1,0.5
"426","202122","Watsons Gap","FP","202122_Watsons Gap_2",67,70,71,2021-09-09,2021-09-12,2021-09-13,"Y","L3","foredune/face","1",0,0,0,0,0,0,0,2,0,0,0,0,0,0,0,2,"1","0","1","0","0","0","1","0",1,-Inf,1,-Inf,"0",1,3.5,1,1,0.5
"427","202122","Watsons Gap","FP","202122_Watsons Gap_3",81,111,111,2021-09-23,2021-10-23,2021-10-23,"Y","L3","foredune/face","0",3,0,3,2,1,0,0,5,3,0,3,2,1,0,0,5,"1","0","1","1","1","0","1","0",1,-Inf,1,-Inf,"0",1,30,1,0,0
"428","202122","Carrickalinga North","FP","202122_Carrickalinga North_1",81,99,99,2021-09-23,2021-10-11,2021-10-11,"Y","L3","foredune/face","0",2,0,2,1,1,0,0,0,2,0,2,1,1,0,0,0,"1","0","1","1","1","0","0","0",3,-Inf,1,-Inf,"0",1,18,0,0,0
"429","202122","Carrickalinga North","FP","202122_Carrickalinga North_2",130,139,143,2021-11-11,2021-11-20,2021-11-24,"Y","L3","beach","1",0.6,0,0.6,0.2,0.4,0,0.6,0.6,1,0,2,1,2,0,2,3,"1","0","1","1","1","1","1","0",2,-Inf,2,-Inf,"0",5,11,2,4,2
"430","202122","Carrickalinga North","FP","202122_Carrickalinga North_3",174,180,182,2021-12-25,2021-12-31,2022-01-02,"Y","L3","beach","1",13,0,0,0,0,0,0,2.5,16,0,0,0,0,0,0,4,"1","0","1","0","0","0","1","0",3,-Inf,2,-Inf,"0",2,7,3,2,1
"431","202122","Carrickalinga Rotunda","FP","202122_Carrickalinga Rotunda_2",85,93,95,2021-09-27,2021-10-05,2021-10-07,"Y","L3","beach","1",13.5,0,0,0,0,0,0,1,16,0,0,0,0,0,0,2,"1","0","1","0","0","0","1","0",3,-Inf,1,-Inf,"0",2,9,3,2,1
"432","202122","Carrickalinga Rotunda","FP","202122_Carrickalinga Rotunda_3",133,141,144,2021-11-14,2021-11-22,2021-11-25,"Y","L3","beach","1",0.5,0,0.5,0,0.5,0,3,0,1,0,1,0,1,0,6,0,"1","0","1","0","1","1","0","0",-Inf,-Inf,-Inf,-Inf,"0",2,9.5,0,3,1.5
"433","202122","Shelley Beach (lady bay)","FP","202122_Shelley Beach (lady bay)_1",179,179,182,2021-12-30,2021-12-30,2022-01-02,"N","L0","foredune/face","1",19,0,0,0,0,0,0,1,21,0,0,0,0,0,0,2,"1","0","0","0","0","0","1","0",2,-Inf,-Inf,-Inf,"0",2,1.5,4,3,1.5
"434","202122","Tunkalilla East","FP","202122_Tunkalilla East_1",65,65,74,2021-09-07,2021-09-07,2021-09-16,"N","L1","dune","1",1,0,0,0,0,0,3.5,4,2,0,0,0,0,0,7,4,"1","0","0","0","0","1","1","0",1,-Inf,-Inf,-Inf,"1",2,4.5,2,9,4.5
"435","202122","Tunkalilla East","FP","202122_Tunkalilla East_2",90,90,96,2021-10-02,2021-10-02,2021-10-08,"N","L1","dune","1",4.5,0,0,0,0,0,0.5,7,7,0,0,0,0,0,1,8,"1","0","0","0","0","1","1","0",1,-Inf,-Inf,-Inf,"1",2,3,7,6,3
"436","202122","Tunkalilla East","FP","202122_Tunkalilla East_3",128,155,155,2021-11-09,2021-12-06,2021-12-06,"N","L1","foredune/face","0",0,0,0,0,0,0,0,1,0,0,0,0,0,0,0,1,"1","0","0","0","0","0","1","0",1,-Inf,-Inf,-Inf,"1",1,27,0,0,0
"437","202122","Tunkalilla East","FP","202122_Tunkalilla East_4",192,192,207,2022-01-12,2022-01-12,2022-01-27,"N","L1","beach","1",0,0,0,0,0,0,0,0.5,0,0,0,0,0,0,0,1,"0","0","0","0","0","0","1","0",-Inf,-Inf,-Inf,-Inf,"1",2,7.5,16,15,7.5
"438","202122","Tunkalilla East","FP","202122_Tunkalilla East_5",207,207,213,2022-01-27,2022-01-27,2022-02-02,"N","L1","beach","1",0,0,0,0,0,0,1.5,0.5,0,0,0,0,0,0,3,1,"0","0","0","0","0","1","1","0",-Inf,-Inf,-Inf,-Inf,"1",2,3,4,6,3
"439","202122","Tunkalilla West","FP","202122_Tunkalilla West_1",74,74,81,2021-09-16,2021-09-16,2021-09-23,"N","L1","beach","1",0,0,0,0,0,0,0,18,0,0,0,0,0,0,0,22,"1","0","0","0","0","0","1","1",1,-Inf,-Inf,1,"1",2,3.5,2,7,3.5
"440","202122","Tunkalilla West","FP","202122_Tunkalilla West_2",90,121,128,2021-10-02,2021-11-02,2021-11-09,"N","L1","foredune/face","1",1,0,0,0,0,0,0,31,2,0,0,0,0,0,0,50,"1","0","0","0","0","0","1","0",1,-Inf,-Inf,-Inf,"2",2,34.5,2,7,3.5
"441","202122","Tunkalilla West","FP","202122_Tunkalilla West_3",155,177,177,2021-12-06,2021-12-28,2021-12-28,"N","L1","beach","0",0,0,0,0,0,0,0,1,0,0,0,0,0,0,0,1,"1","0","0","0","0","0","1","0",1,-Inf,-Inf,-Inf,"1",1,22,1,0,0
"442","202122","Ballaparudda","FP","202122_Ballaparudda_1",73,73,82,2021-09-15,2021-09-15,2021-09-24,"N","L0","beach","1",0,0,0,0,0,0,0,3,0,0,0,0,0,0,0,4,"0","0","0","0","0","0","1","1",-Inf,-Inf,-Inf,1,"1",2,4.5,2,9,4.5
"443","202122","Ballaparudda","FP","202122_Ballaparudda_2",95,95,108,2021-10-07,2021-10-07,2021-10-20,"N","L0","foredune/face","1",0,0,0,0,0,0,0.5,2,0,0,0,0,0,0,1,2,"0","0","0","0","0","1","1","0",-Inf,-Inf,-Inf,-Inf,"1",2,6.5,6,13,6.5
"444","202122","Ballaparudda","FP","202122_Ballaparudda_3",108,108,121,2021-10-20,2021-10-20,2021-11-02,"N","L0","beach","1",0,0,0,0,0,0,0.5,2.5,0,0,0,0,0,0,1,3,"1","0","1","0","0","1","1","0",1,-Inf,1,-Inf,"1",2,6.5,4,13,6.5
"445","202122","Ochre Cove, Maslins","FP","202122_Ochre Cove, Maslins_1",44,68,71,2021-08-17,2021-09-10,2021-09-13,"Y","L3","foredune/face","1",0,0,0,0,0,0,0,25,0,0,0,0,0,0,0,30,"0","0","0","0","0","0","1","0",-Inf,-Inf,-Inf,-Inf,"1",2,25.5,2,3,1.5
"446","202122","Ochre Cove, Maslins","FP","202122_Ochre Cove, Maslins_2",75,90,92,2021-09-17,2021-10-02,2021-10-04,"Y","L3","foredune/face","1",2.5,0,0,0,0,0,0,66.5,5,0,0,0,0,0,0,100,"1","0","1","0","0","0","1","0",1,-Inf,1,-Inf,"1",2,16,3,2,1
"447","202122","Sheepies beach","FP","202122_Sheepies beach_1",157,169,169,2021-12-08,2021-12-20,2021-12-20,"N","L0","foredune/face","0",0,0,0,0,0,0,2,0,0,0,0,0,0,0,2,0,"0","0","0","0","0","1","0","0",-Inf,-Inf,-Inf,-Inf,"0",1,12,1,0,0
"448","202122","Waitpinga Beach (west)","FP","202122_Waitpinga Beach (west)_1",148,154,157,2021-11-29,2021-12-05,2021-12-08,"N","L0","beach","1",0,0,0,0,0,0,0,1,0,0,0,0,0,0,0,2,"1","0","0","0","0","0","1","0",1,-Inf,-Inf,-Inf,"1",2,7.5,1,3,1.5
"449","202122","Waitpinga Beach (west)","FP","202122_Waitpinga Beach (west)_2",169,170,176,2021-12-20,2021-12-21,2021-12-27,"N","L0","beach","1",5,0,0,0,0,0,1,0,8,0,0,0,0,0,2,0,"1","0","0","0","0","1","0","0",1,-Inf,-Inf,-Inf,"1",2,4,7,6,3
"450","202122","Yilki","FP","202122_Yilki_1",65,86,87,2021-09-07,2021-09-28,2021-09-29,"Y","L3","foredune/face","1",4,0,1.5,1.5,0,0,1,1.5,5,0,2,2,0,0,2,3,"1","0","1","1","0","1","1","0",1,-Inf,1,-Inf,"0",2,21.5,2,1,0.5
"451","202122","Yilki","FP","202122_Yilki_2",96,97,98,2021-10-08,2021-10-09,2021-10-10,"Y","L3","beach","1",6,0,3.5,1.5,3,0,2,1,9,0,6,2,6,0,4,2,"1","0","1","1","1","1","1","0",2,-Inf,2,-Inf,"0",2,1.5,2,1,0.5
"452","202122","Yilki","FP","202122_Yilki_3",98,132,132,2021-10-10,2021-11-13,2021-11-13,"Y","L3","beach","0",2,0,0,0,0,0,0,3,2,0,0,0,0,0,0,3,"1","0","1","0","0","0","1","0",1,-Inf,1,-Inf,"0",1,34,1,0,0
"453","202122","Yilki","FP","202122_Yilki_4",179,208,208,2021-12-30,2022-01-28,2022-01-28,"Y","L3","beach","0",5,0,5,5,0,0,0,3,5,0,5,5,0,0,0,3,"1","0","1","1","0","0","1","0",1,-Inf,1,-Inf,"0",1,29,1,0,0
"454","202122","Aldinga","FP","202122_Aldinga_2",125,166,167,2021-11-06,2021-12-17,2021-12-18,"Y","L3","beach","1",0,0,0,0,0,0,0,0,0,0,0,0,0,0,0,0,"1","1","1","0","0","0","0","0",3,3,1,-Inf,"0",2,41.5,2,1,0.5
"455","202122","Normanville South","FP","202122_Normanville South_1",56,81,82,2021-08-29,2021-09-23,2021-09-24,"Y","L3","estuary/spit","1",0,0,0,0,0,0,0,0,0,0,0,0,0,0,0,0,"0","0","0","0","0","0","0","0",-Inf,-Inf,-Inf,-Inf,"0",2,25.5,0,1,0.5
"456","202122","Normanville South","FP","202122_Normanville South_2",97,101,102,2021-10-09,2021-10-13,2021-10-14,"Y","L3","estuary/spit","1",0,0,0,0,0,0,1,0.5,0,0,0,0,0,0,2,1,"0","0","0","0","0","1","1","0",-Inf,-Inf,-Inf,-Inf,"0",2,4.5,0,1,0.5
"457","202122","Normanville South","FP","202122_Normanville South_3",116,138,139,2021-10-28,2021-11-19,2021-11-20,"Y","L3","estuary/spit","1",0,0,0,0,0,0,0,0.5,0,0,0,0,0,0,0,1,"0","0","0","0","0","0","1","0",-Inf,-Inf,-Inf,-Inf,"0",2,22.5,1,1,0.5
"458","202122","Normanville South","FP","202122_Normanville South_5",201,225,226,2022-01-21,2022-02-14,2022-02-15,"Y","L3","estuary/spit","1",0.5,0,0.5,0.5,0,0,2,0,1,0,1,1,0,0,4,0,"1","0","1","1","0","1","0","0",-Inf,-Inf,-Inf,-Inf,"0",2,24.5,0,1,0.5
"459","202122","Silver Sands","FP","202122_Silver Sands_2",128,150,150,2021-11-09,2021-12-01,2021-12-01,"Y","L3","beach","0",6,0,5,0,5,0,0,0,6,0,5,0,5,0,0,0,"1","0","1","0","1","0","0","0",-Inf,-Inf,-Inf,-Inf,"0",1,22,0,0,0
"460","202122","Waitpinga Beach (east)","FP","202122_Waitpinga Beach (east)_1",135,141,148,2021-11-16,2021-11-22,2021-11-29,"N","L0","dune","1",2.33333333333333,0,0,0,0,0,2,8,6,0,0,0,0,0,4,15,"1","0","0","0","0","1","1","0",1,-Inf,-Inf,-Inf,"1",3,9.5,2,7,3.5
"461","202122","Waitpinga Beach (east)","FP","202122_Waitpinga Beach (east)_2",162,184,187,2021-12-13,2022-01-04,2022-01-07,"N","L0","dune","1",11.5,0,0,0,0,0,0.5,11.5,14,0,0,0,0,0,1,19,"1","0","0","0","0","1","1","0",1,-Inf,-Inf,-Inf,"1",2,23.5,4,3,1.5
"462","202122","Aldinga Sth","FP","202122_Aldinga Sth_1",126,129,129,2021-11-07,2021-11-10,2021-11-10,"Y","L2","beach","1",2,2,3,1,2,0,3,30,2,2,3,1,2,0,3,30,"1","1","1","1","1","1","1","0",-Inf,-Inf,-Inf,-Inf,"0",1,3,0,0,0
"463","202122","Seacliff","FP","202122_Seacliff_2",106,134,134,2021-10-18,2021-11-15,2021-11-15,"Y","L3","foredune/face","0",6,0,5,4,1,0,1,3,6,0,5,4,1,0,1,3,"1","0","1","1","1","1","1","0",1,-Inf,1,-Inf,"0",1,28,0,0,0
"464","202122","Victor Central","FP","202122_Victor Central_2",63,78,78,2021-09-05,2021-09-20,2021-09-20,"Y","L3","beach","1",0,0,0,0,0,0,1,3,0,0,0,0,0,0,1,3,"1","0","0","0","0","1","1","0",1,-Inf,-Inf,-Inf,"1",1,15,0,0,0
"465","202122","Victor Central","FP","202122_Victor Central_3",86,117,117,2021-09-28,2021-10-29,2021-10-29,"Y","L3","dune","0",0,0,0,0,0,0,0,5,0,0,0,0,0,0,0,5,"1","0","1","0","0","0","1","0",1,-Inf,1,-Inf,"0",1,31,0,0,0
"466","202122","Tunkalilla Midway","FP","202122_Tunkalilla Midway_1",74,74,81,2021-09-16,2021-09-16,2021-09-23,"N","L1","foredune/face","1",0,0,0,0,0,0,1.5,6,0,0,0,0,0,0,3,7,"1","0","0","0","0","1","1","1",1,-Inf,-Inf,1,"1",2,3.5,2,7,3.5
"467","202122","Tunkalilla Midway","FP","202122_Tunkalilla Midway_2",107,107,113,2021-10-19,2021-10-19,2021-10-25,"N","L1","beach","1",0,0,0,0,0,0,6.5,9,0,0,0,0,0,0,9,11,"1","0","0","0","0","1","1","0",1,-Inf,-Inf,-Inf,"1",2,3,2,6,3
"468","202122","Tunkalilla Midway","FP","202122_Tunkalilla Midway_3",136,162,162,2021-11-17,2021-12-13,2021-12-13,"N","L1","foredune/face","0",0,0,0,0,0,0,2,0,0,0,0,0,0,0,2,0,"1","0","0","0","0","1","0","0",1,-Inf,-Inf,-Inf,"1",1,26,1,0,0
"469","202122","Middleton Beach East","FP","202122_Middleton Beach East_1",55,69,71,2021-08-28,2021-09-11,2021-09-13,"Y","L3","foredune/face","1",6.5,0,1.5,1.5,0,0,0,3.5,9,0,3,3,0,0,0,4,"1","0","1","1","0","0","1","0",1,-Inf,1,-Inf,"0",2,15,2,2,1
"470","202122","Middleton Beach East","FP","202122_Middleton Beach East_2",77,77,78,2021-09-19,2021-09-19,2021-09-20,"N","L0","foredune/face","1",1.5,0,1,0,1,0,0,7,3,0,2,0,2,0,0,8,"1","0","1","0","1","0","1","0",1,-Inf,1,-Inf,"0",2,0.5,1,1,0.5
"471","202122","Middleton Beach East","FP","202122_Middleton Beach East_3",87,89,90,2021-09-29,2021-10-01,2021-10-02,"Y","L3","beach","1",4,0,1.5,1,0.5,0,0,7,7,0,2,2,1,0,0,10,"1","0","1","1","1","0","1","0",1,-Inf,1,-Inf,"0",2,2.5,2,1,0.5
"472","202122","Middleton Beach East","FP","202122_Middleton Beach East_4",108,127,128,2021-10-20,2021-11-08,2021-11-09,"Y","L3","beach","1",3.5,0,2,1.5,0.5,0,0,2.5,5,0,4,3,1,0,0,3,"1","0","1","1","1","0","1","0",1,-Inf,1,-Inf,"0",2,19.5,0,1,0.5
"473","202122","Middleton Beach East","FP","202122_Middleton Beach East_5",143,174,174,2021-11-24,2021-12-25,2021-12-25,"Y","L3","beach","0",3,0,3,3,0,0,0,0,3,0,3,3,0,0,0,0,"1","0","1","1","0","0","0","0",1,-Inf,1,-Inf,"0",1,31,1,0,0
"474","202122","Middleton Beach West","FP","202122_Middleton Beach West_1",60,93,93,2021-09-02,2021-10-05,2021-10-05,"Y","L3","dune","0",0,0,0,0,0,0,0,7,0,0,0,0,0,0,0,7,"1","0","1","0","0","0","1","0",1,-Inf,1,-Inf,"0",1,33,1,0,0
"475","202122","Moana Beach","FP","202122_Moana Beach_2",68,72,73,2021-09-10,2021-09-14,2021-09-15,"Y","L3","estuary/spit","1",5,2,2.5,0.5,2,0,0.5,22.5,7,3,3,1,2,0,1,45,"1","1","1","1","1","1","1","0",3,3,2,-Inf,"0",2,4.5,0,1,0.5
"476","202122","Sellicks Beach","FP","202122_Sellicks Beach_1",74,103,104,2021-09-16,2021-10-15,2021-10-16,"Y","L3","foredune/face","1",8,1,7,3.5,3.5,0,3,2,11,2,10,4,6,0,6,3,"1","1","1","1","1","1","1","0",2,3,1,-Inf,"0",2,29.5,1,1,0.5
"477","202122","West Beach","FP","202122_West Beach_1",50,66,68,2021-08-23,2021-09-08,2021-09-10,"Y","L3","beach","1",3,0,1.5,1,0.5,0,0.5,4.5,6,0,3,2,1,0,1,9,"1","1","1","1","1","1","1","0",2,1,2,-Inf,"1",2,17,0,2,1
"478","202122","West Beach","FP","202122_West Beach_2",79,86,87,2021-09-21,2021-09-28,2021-09-29,"Y","L3","beach","1",6.5,0,2.5,1.5,1,0,0,0,13,0,5,3,2,0,0,0,"1","0","1","1","1","0","0","0",1,-Inf,1,-Inf,"1",2,7.5,2,1,0.5
"479","202122","West Beach","FP","202122_West Beach_3",101,109,110,2021-10-13,2021-10-21,2021-10-22,"Y","L3","dune","1",4,0,1.5,0.5,1.5,2,0,15.5,8,0,3,1,3,4,0,31,"1","0","1","1","1","0","1","1",2,-Inf,2,2,"1",2,8.5,0,1,0.5
"480","202122","Henley Beach","FP","202122_Henley Beach_1",59,68,72,2021-09-01,2021-09-10,2021-09-14,"Y","L3","dune","1",0,0,0,0,0,0,0,0,0,0,0,0,0,0,0,0,"1","1","1","0","0","0","0","0",2,1,2,-Inf,"0",2,11,2,4,2
"481","202122","Myponga Beach Estuary","FP","202122_Myponga Beach Estuary_1",62,83,83,2021-09-04,2021-09-25,2021-09-25,"Y","L3","estuary/spit","0",5,0,1,1,0,0,0,22,5,0,1,1,0,0,0,22,"1","1","1","1","0","0","1","0",2,1,1,-Inf,"0",1,21,1,0,0
"482","202122","Myponga Beach Estuary","FP","202122_Myponga Beach Estuary_2",153,158,158,2021-12-04,2021-12-09,2021-12-09,"Y","L3","estuary/spit","0",0,0,0,0,0,0,0,0,0,0,0,0,0,0,0,0,"0","0","0","0","0","0","0","0",-Inf,-Inf,-Inf,-Inf,"0",1,5,0,0,0
"483","202122","Port Willunga - Chinaman Gully","FP","202122_Port Willunga - Chinaman Gully_1",148,174,175,2021-11-29,2021-12-25,2021-12-26,"Y","L3","beach","1",13,0,6.5,4,2.5,0,0,0,13,0,7,4,3,0,0,0,"1","1","1","1","1","0","0","0",2,1,1,-Inf,"1",2,26.5,2,1,0.5
"484","202223","Bashams Beach","FP","202223_Bashams Beach_1",50,83,84,2022-08-23,2022-09-25,2022-09-26,"Y","L3","beach","1",2,0,1,1,0,0,0,5.5,2,0,2,2,0,0,0,6,"1","0","1","1","0","0","1","0",3,-Inf,1,-Inf,"0",2,33.5,1,1,0.5
"485","202223","Bashams Beach","FP","202223_Bashams Beach_2",84,113,115,2022-09-26,2022-10-25,2022-10-27,"Y","L3","beach","1",0.5,0,0,0,0,0,0,4,1,0,0,0,0,0,0,4,"1","0","1","0","0","0","1","0",1,-Inf,1,-Inf,"1",2,30,0,2,1
"486","202223","Bashams Beach","FP","202223_Bashams Beach_3",126,157,157,2022-11-07,2022-12-08,2022-12-08,"Y","L3","beach","0",1,0,0,0,0,0,0,2,1,0,0,0,0,0,0,2,"1","0","1","0","0","0","1","0",1,-Inf,1,-Inf,"0",1,31,0,0,0
"487","202223","Inman River Outlet","FP","202223_Inman River Outlet_1",126,130,132,2022-11-07,2022-11-11,2022-11-13,"Y","L3","beach","1",2.5,0,0.5,0.5,0,0,0,14,3,0,1,1,0,0,0,20,"1","0","1","1","0","0","1","0",1,-Inf,1,-Inf,"0",2,5,2,2,1
"488","202223","Inman River Outlet","FP","202223_Inman River Outlet_2",146,175,176,2022-11-27,2022-12-26,2022-12-27,"Y","L3","foredune/face","1",1.5,0,1,0,1,0,0,34,3,0,2,0,2,0,0,37,"1","0","1","0","1","0","1","0",1,-Inf,1,-Inf,"1",2,29.5,2,1,0.5
"489","202223","Inman River Outlet","FP","202223_Inman River Outlet_3",187,214,215,2023-01-07,2023-02-03,2023-02-04,"Y","L3","beach","1",0.5,0,1,1,0,0,0,16,1,0,2,2,0,0,0,17,"1","0","1","1","0","0","1","0",1,-Inf,-Inf,-Inf,"0",2,27.5,1,1,0.5
"490","202223","Maslin Beach","FP","202223_Maslin Beach_1",74,81,82,2022-09-16,2022-09-23,2022-09-24,"Y","L3","foredune/face","1",5.5,0,4,0.5,3.5,0,0,0,8,0,6,1,6,0,0,0,"1","0","1","1","1","0","0","0",1,-Inf,1,-Inf,"1",2,7.5,1,1,0.5
"491","202223","Maslin Beach","FP","202223_Maslin Beach_2",93,94,95,2022-10-05,2022-10-06,2022-10-07,"Y","L3","beach","1",3.5,0,2,0,2,0,0,0,5,0,3,0,3,0,0,0,"1","0","1","0","1","0","0","0",2,-Inf,1,-Inf,"1",2,1.5,2,1,0.5
"492","202223","Maslin Beach","FP","202223_Maslin Beach_3",103,110,112,2022-10-15,2022-10-22,2022-10-24,"Y","L3","foredune/face","1",7,0,3,0.5,3,0,0,1,7,0,3,1,3,0,0,2,"1","0","1","1","1","0","1","0",2,-Inf,2,-Inf,"1",2,8,2,2,1
"493","202223","Maslin Beach","FP","202223_Maslin Beach_4",122,133,135,2022-11-03,2022-11-14,2022-11-16,"Y","L3","beach","1",5,0,4,0,4,0,0,0,5,0,4,0,4,0,0,0,"1","0","1","0","1","0","0","0",1,-Inf,1,-Inf,"0",1,12,0,2,1
"494","202223","Maslin Beach","FP","202223_Maslin Beach_5",142,172,172,2022-11-23,2022-12-23,2022-12-23,"Y","L3","beach","0",5,0,2,0,2,0,0,0,5,0,2,0,2,0,0,0,"1","0","1","0","1","0","0","0",-Inf,-Inf,-Inf,-Inf,"0",1,30,1,0,0
"495","202223","Parsons Beach","FP","202223_Parsons Beach_1",158,158,160,2022-12-09,2022-12-09,2022-12-11,"N","L0","beach","1",1.5,0,0,0,0,0,1,7.5,3,0,0,0,0,0,2,11,"1","0","0","0","0","1","1","0",1,-Inf,-Inf,-Inf,"1",2,1,2,2,1
"496","202223","Port Willunga","FP","202223_Port Willunga_1",71,74,75,2022-09-13,2022-09-16,2022-09-17,"Y","L3","beach","1",0,0,0,0,0,0,0,4,0,0,0,0,0,0,0,5,"1","0","1","0","0","0","1","0",1,-Inf,1,-Inf,"0",2,3.5,1,1,0.5
"497","202223","Port Willunga","FP","202223_Port Willunga_2",96,101,102,2022-10-08,2022-10-13,2022-10-14,"Y","L3","beach","1",6.5,0,3,0.5,2.5,0,0,2.5,8,0,3,1,3,0,0,3,"1","0","1","1","1","0","1","0",1,-Inf,1,-Inf,"0",2,5.5,2,1,0.5
"498","202223","Port Willunga","FP","202223_Port Willunga_3",145,150,152,2022-11-26,2022-12-01,2022-12-03,"Y","L3","beach","1",4,0,3,1,2,0,0,1.5,5,0,4,2,4,0,0,3,"1","0","1","1","1","0","1","0",1,-Inf,1,-Inf,"0",2,6,1,2,1
"499","202223","Port Willunga South","FP","202223_Port Willunga South_1",51,74,75,2022-08-24,2022-09-16,2022-09-17,"Y","L3","beach","1",2,0,0,0,0,0,0,9,2,0,0,0,0,0,0,9,"1","0","0","0","0","0","1","0",-Inf,-Inf,-Inf,-Inf,"0",1,23.5,1,1,0.5
"500","202223","Port Willunga South","FP","202223_Port Willunga South_2",94,108,110,2022-10-06,2022-10-20,2022-10-22,"Y","L3","beach","1",10,0,6.5,2.5,5,0,0,0,12,0,10,5,7,0,0,0,"1","0","1","1","1","0","0","0",3,-Inf,3,-Inf,"1",2,15,1,2,1
"501","202223","Port Willunga South","FP","202223_Port Willunga South_3",125,150,150,2022-11-06,2022-12-01,2022-12-01,"Y","L3","beach","0",12,0,9,3,6,0,0,0,12,0,9,3,6,0,0,0,"1","0","1","1","1","0","0","0",2,-Inf,2,-Inf,"0",1,25,0,0,0
"502","202223","Port Willunga South","FP","202223_Port Willunga South_4",171,199,199,2022-12-22,2023-01-19,2023-01-19,"Y","L3","beach","0",22,0,6,1,5,0,0,3,22,0,6,1,5,0,0,3,"1","0","1","1","1","0","1","0",3,-Inf,2,-Inf,"0",1,28,1,0,0
"503","202223","Watsons Gap","FP","202223_Watsons Gap_1",54,87,87,2022-08-27,2022-09-29,2022-09-29,"Y","L3","beach","0",0,0,0,0,0,0,0,6,0,0,0,0,0,0,0,6,"1","0","1","0","0","0","1","0",1,-Inf,1,-Inf,"0",1,33,0,0,0
"504","202223","Watsons Gap","FP","202223_Watsons Gap_2",155,188,188,2022-12-06,2023-01-08,2023-01-08,"Y","L3","beach","0",6,0,2,2,0,0,0,2,6,0,2,2,0,0,0,2,"1","0","1","1","0","0","1","0",3,-Inf,2,-Inf,"0",1,33,1,0,0
"505","202223","Carrickalinga North","FP","202223_Carrickalinga North_1",62,70,73,2022-09-04,2022-09-12,2022-09-15,"Y","L3","beach","1",1.5,0,0,0,0,0,1,4,2,0,0,0,0,0,2,8,"1","0","0","0","0","1","1","0",1,-Inf,-Inf,-Inf,"2",2,9.5,0,3,1.5
"506","202223","Carrickalinga Rotunda","FP","202223_Carrickalinga Rotunda_1",112,118,119,2022-10-24,2022-10-30,2022-10-31,"Y","L3","beach","1",1,0,2,0,2,0,0,2,1,0,2,0,2,0,0,2,"1","0","1","0","1","0","1","0",-Inf,-Inf,-Inf,-Inf,"0",1,6.5,1,1,0.5
"507","202223","Carrickalinga Rotunda","FP","202223_Carrickalinga Rotunda_2",146,149,151,2022-11-27,2022-11-30,2022-12-02,"Y","L3","foredune/face","1",0,0,0,0,0,0,0,0,0,0,0,0,0,0,0,0,"0","0","0","0","0","0","0","0",-Inf,-Inf,-Inf,-Inf,"3",1,4,0,2,1
"508","202223","Shelley Beach (lady bay)","FP","202223_Shelley Beach (lady bay)_1",162,175,175,2022-12-13,2022-12-26,2022-12-26,"Y","L3","foredune/face","0",0,0,0,0,0,0,0,1,0,0,0,0,0,0,0,1,"1","0","0","0","0","0","1","0",1,-Inf,-Inf,-Inf,"0",1,13,1,0,0
"509","202223","Tunkalilla East","FP","202223_Tunkalilla East_1",89,105,126,2022-10-01,2022-10-17,2022-11-07,"N","L1","beach","1",0,0,0,0,0,0,2,3,0,0,0,0,0,0,4,3,"1","0","0","0","0","1","1","0",1,-Inf,-Inf,-Inf,"1",2,26.5,6,21,10.5
"510","202223","Tunkalilla East","FP","202223_Tunkalilla East_2",126,136,149,2022-11-07,2022-11-17,2022-11-30,"N","L0","foredune/face","1",0,0,0,0,0,0,3,2,0,0,0,0,0,0,3,2,"1","0","0","0","0","1","1","0",1,-Inf,-Inf,-Inf,"2",2,16.5,4,13,6.5
"511","202223","Tunkalilla East","FP","202223_Tunkalilla East_3",179,189,209,2022-12-30,2023-01-09,2023-01-29,"N","L1","foredune/face","1",3,0,0,0,0,0,1.5,4.5,6,0,0,0,0,0,3,7,"1","0","0","0","0","1","1","0",1,-Inf,-Inf,-Inf,"1",2,20,21,20,10
"512","202223","Tunkalilla East","FP","202223_Tunkalilla East_4",209,209,218,2023-01-29,2023-01-29,2023-02-07,"N","L1","dune","1",3,0,0,0,0,0,2.5,3.5,6,0,0,0,0,0,3,5,"1","0","0","0","0","1","1","0",1,-Inf,-Inf,-Inf,"1",2,4.5,3,9,4.5
"513","202223","Tunkalilla West","FP","202223_Tunkalilla West_1",70,70,89,2022-09-12,2022-09-12,2022-10-01,"N","L1","beach","1",3,0,0,0,0,0,0,13.5,5,0,0,0,0,0,0,16,"1","0","1","0","0","0","1","0",1,-Inf,1,-Inf,"1",2,9.5,5,19,9.5
"514","202223","Tunkalilla West","FP","202223_Tunkalilla West_2",105,105,126,2022-10-17,2022-10-17,2022-11-07,"N","L1","beach","1",0.5,0,0,0,0,0,1,16.5,1,0,0,0,0,0,2,22,"1","0","0","0","0","1","1","0",1,-Inf,-Inf,-Inf,"1",2,10.5,6,21,10.5
"515","202223","Tunkalilla West","FP","202223_Tunkalilla West_3",136,136,149,2022-11-17,2022-11-17,2022-11-30,"N","L0","foredune/face","1",0,0,0,0,0,0,0,7,0,0,0,0,0,0,0,8,"1","0","1","0","0","0","1","0",1,-Inf,1,-Inf,"2",2,6.5,4,13,6.5
"516","202223","Tunkalilla West","FP","202223_Tunkalilla West_4",170,170,179,2022-12-21,2022-12-21,2022-12-30,"N","L1","beach","1",1.5,0,0,0,0,0,1,14,3,0,0,0,0,0,2,14,"1","0","1","0","0","1","1","0",1,-Inf,1,-Inf,"2",2,4.5,10,9,4.5
"517","202223","Tunkalilla West","FP","202223_Tunkalilla West_5",189,189,189,2023-01-09,2023-01-09,2023-01-09,"N","L1","beach","0",2,0,0,0,0,0,0,6,2,0,0,0,0,0,0,6,"1","0","1","0","0","0","1","0",2,-Inf,1,-Inf,"1",1,0,1,0,0
"518","202223","Tunkalilla Inner West","FP","202223_Tunkalilla - Tunkalilla Inner West_1",89,89,97,2022-10-01,2022-10-01,2022-10-09,"N","L0","beach","1",8,0,0,0,0,0,3,4,8,0,0,0,0,0,3,4,"1","0","0","0","0","1","1","0",1,-Inf,-Inf,-Inf,"1",1,4,9,8,4
"519","202223","Tunkalilla Inner West","FP","202223_Tunkalilla - Tunkalilla Inner West_2",105,105,126,2022-10-17,2022-10-17,2022-11-07,"N","L1","beach","1",0.5,0,0,0,0,0,0,5,1,0,0,0,0,0,0,8,"1","0","0","0","0","0","1","0",1,-Inf,-Inf,-Inf,"1",2,10.5,6,21,10.5
"520","202223","Tunkalilla Inner West","FP","202223_Tunkalilla - Tunkalilla Inner West_3",189,189,209,2023-01-09,2023-01-09,2023-01-29,"N","L0","beach","1",0,0,0,0,0,0,2,13,0,0,0,0,0,0,4,16,"1","0","1","0","0","1","1","0",1,-Inf,1,-Inf,"2",2,10,21,20,10
"521","202223","Tunkalilla Inner West","FP","202223_Tunkalilla - Tunkalilla Inner West_4",209,209,218,2023-01-29,2023-01-29,2023-02-07,"N","L0","beach","1",0.5,0,0,0,0,0,0,12,1,0,0,0,0,0,0,14,"1","0","1","0","0","0","1","0",1,-Inf,1,-Inf,"2",2,4.5,3,9,4.5
"522","202223","Callawonga","FP","202223_Callawonga_2",186,186,204,2023-01-06,2023-01-06,2023-01-24,"N","L0","beach","1",0,0,0,0,0,0,4,5.5,0,0,0,0,0,0,5,6,"1","1","1","0","0","1","1","0",1,1,1,-Inf,"2",2,9,19,18,9
"523","202223","Port Stanvac","FP","202223_Port Stanvac_1",87,87,99,2022-09-29,2022-09-29,2022-10-11,"Y","L3","beach","1",0,0,0,0,0,0,1,4.5,0,0,0,0,0,0,2,5,"0","0","0","0","0","1","1","0",-Inf,-Inf,-Inf,-Inf,"1",2,6,11,12,6
"524","202223","Port Stanvac","FP","202223_Port Stanvac_2",114,140,140,2022-10-26,2022-11-21,2022-11-21,"Y","L3","beach","0",0,0,0,0,0,0,0,3,0,0,0,0,0,0,0,3,"0","0","0","0","0","0","1","0",-Inf,-Inf,-Inf,-Inf,"0",1,26,0,0,0
"525","202223","Port Stanvac","FP","202223_Port Stanvac_3",184,215,215,2023-01-04,2023-02-04,2023-02-04,"Y","L3","beach","0",0,0,0,0,0,0,4,2,0,0,0,0,0,0,4,2,"1","0","0","0","0","1","1","0",1,-Inf,-Inf,-Inf,"1",1,31,1,0,0
"526","202223","Ballaparudda","FP","202223_Ballaparudda_1",143,143,154,2022-11-24,2022-11-24,2022-12-05,"N","L0","beach","1",0,0,0,0,0,0,2,3,0,0,0,0,0,0,2,4,"0","0","0","0","0","1","1","0",-Inf,-Inf,-Inf,-Inf,"1",2,5.5,4,11,5.5
"527","202223","Ochre Cove, Maslins","FP","202223_Ochre Cove, Maslins_5",107,108,109,2022-10-19,2022-10-20,2022-10-21,"N","L0","foredune/face","1",5.5,0,6,1.5,4.5,0,2.5,0,6,0,8,3,5,0,5,0,"1","0","1","1","1","1","0","0",1,-Inf,1,-Inf,"1",2,1.5,0,1,0.5
"528","202223","Ochre Cove, Maslins","FP","202223_Ochre Cove, Maslins_8",171,186,188,2022-12-22,2023-01-06,2023-01-08,"Y","L3","foredune/face","1",0,0,0,0,0,0,0,100,0,0,0,0,0,0,0,100,"1","0","1","0","0","0","1","0",1,-Inf,1,-Inf,"1",2,16,3,2,1
"529","202223","Sheepies beach","FP","202223_Sheepies beach_1",184,200,200,2023-01-04,2023-01-20,2023-01-20,"Y","L2","dune","0",2,0,0,0,0,0,4,2,2,0,0,0,0,0,4,2,"1","0","0","0","0","1","1","0",1,-Inf,-Inf,-Inf,"1",1,16,1,0,0
"530","202223","Yankalilla river mouth","FP","202223_Yankalilla river mouth_2",88,88,88,2022-09-30,2022-09-30,2022-09-30,"N","L0","estuary/spit","1",8,0,0,0,0,0,2,6,8,0,0,0,0,0,2,6,"1","1","1","0","0","1","1","0",2,1,1,-Inf,"1",1,0,0,0,0
"531","202223","Yilki","FP","202223_Yilki_1",51,57,58,2022-08-24,2022-08-30,2022-08-31,"Y","L3","foredune/face","1",4.5,0,2.5,0,2.5,0,1,4,5,0,3,0,3,0,2,8,"1","0","1","0","1","1","1","0",1,-Inf,1,-Inf,"0",2,6.5,0,1,0.5
"532","202223","Yilki","FP","202223_Yilki_2",67,78,79,2022-09-09,2022-09-20,2022-09-21,"Y","L3","beach","1",6,0,3.5,3.5,0,0,0,2.5,7,0,4,4,0,0,0,5,"1","0","1","1","0","0","1","0",1,-Inf,1,-Inf,"0",2,11.5,0,1,0.5
"533","202223","Yilki","FP","202223_Yilki_3",87,96,97,2022-09-29,2022-10-08,2022-10-09,"Y","L3","foredune/face","1",4.5,0,2.5,2.5,0,0,0,1,5,0,3,3,0,0,0,2,"1","0","1","1","0","0","1","0",1,-Inf,1,-Inf,"0",2,9.5,2,1,0.5
"534","202223","Yilki","FP","202223_Yilki_4",106,139,139,2022-10-18,2022-11-20,2022-11-20,"Y","L3","beach","0",4,0,2,2,0,0,0,5,4,0,2,2,0,0,0,5,"1","0","1","1","0","0","1","0",1,-Inf,1,-Inf,"0",1,33,1,0,0
"535","202223","Yilki","FP","202223_Yilki_5",172,206,206,2022-12-23,2023-01-26,2023-01-26,"Y","L3","beach","0",2,0,1,1,0,0,0,5,2,0,1,1,0,0,0,5,"1","0","1","1","0","0","1","0",1,-Inf,1,-Inf,"0",1,34,1,0,0
"536","202223","Yilki","FP","202223_Yilki_6",222,231,232,2023-02-11,2023-02-20,2023-02-21,"Y","L3","beach","1",1.5,0,1,1,0.5,0,0,18,2,0,1,1,1,0,0,22,"1","0","1","1","1","0","1","0",2,-Inf,2,-Inf,"0",2,9.5,0,1,0.5
"537","202223","Aldinga","FP","202223_Aldinga_1",53,74,75,2022-08-26,2022-09-16,2022-09-17,"Y","L3","beach","1",2,0,0,0,0,0,0,0,4,0,0,0,0,0,0,0,"1","0","0","0","0","0","0","0",-Inf,-Inf,-Inf,-Inf,"0",2,21.5,1,1,0.5
"538","202223","Aldinga","FP","202223_Aldinga_2",94,94,94,2022-10-06,2022-10-06,2022-10-06,"N","L0","beach","1",23,0,11,5,6,0,0,0,23,0,11,5,6,0,0,0,"1","1","1","1","1","0","0","1",3,3,2,1,"0",1,0,1,0,0
"539","202223","Aldinga","FP","202223_Aldinga_5",185,216,216,2023-01-05,2023-02-05,2023-02-05,"Y","L3","beach","0",12,1,11,5,6,0,4,18,12,1,11,5,6,0,4,18,"1","1","1","1","1","1","1","0",2,3,2,-Inf,"0",1,31,1,0,0
"540","202223","Carrickalinga Estuary","FP","202223_Carrickalinga Estuary_1",161,184,184,2022-12-12,2023-01-04,2023-01-04,"Y","L3","beach","0",0,0,0,0,0,0,0,10,0,0,0,0,0,0,0,10,"0","0","0","0","0","0","1","0",-Inf,-Inf,-Inf,-Inf,"0",1,23,1,0,0
"541","202223","Normanville South","FP","202223_Normanville South_2",155,177,177,2022-12-06,2022-12-28,2022-12-28,"Y","L3","dune","0",0,1,0,0,0,0,0,0,0,1,0,0,0,0,0,0,"0","1","0","0","0","0","0","0",-Inf,-Inf,-Inf,-Inf,"0",1,22,1,0,0
"542","202223","Waitpinga Beach (east)","FP","202223_Waitpinga Beach (east)_1",114,114,124,2022-10-26,2022-10-26,2022-11-05,"N","L0","beach","1",7.5,0,0,0,0,0,4.5,9.5,10,0,0,0,0,0,7,13,"1","0","0","0","0","1","1","0",2,-Inf,-Inf,-Inf,"1",2,5,3,10,5
"543","202223","Waitpinga Beach (east)","FP","202223_Waitpinga Beach (east)_2",124,124,141,2022-11-05,2022-11-05,2022-11-22,"N","L0","beach","1",5,0,0,0,0,0,3.5,9.5,10,0,0,0,0,0,7,13,"1","0","0","0","0","1","1","0",2,-Inf,-Inf,-Inf,"1",2,8.5,6,17,8.5
"544","202223","Victor Central","FP","202223_Victor Central_1",30,44,45,2022-08-03,2022-08-17,2022-08-18,"Y","L3","dune","1",1.5,0,0,0,0,0,0,2.5,3,0,0,0,0,0,0,5,"1","0","1","0","0","0","1","0",1,-Inf,1,-Inf,"0",2,14.5,0,1,0.5
"545","202223","Victor Central","FP","202223_Victor Central_3",137,167,168,2022-11-18,2022-12-18,2022-12-19,"Y","L3","foredune/face","1",14,0,4.5,4,0.5,0,0.5,7.5,16,0,5,5,1,0,1,8,"1","0","1","1","1","1","1","0",2,-Inf,2,-Inf,"0",2,30.5,2,1,0.5
"546","202223","Victor Central","FP","202223_Victor Central_4",186,187,187,2023-01-06,2023-01-07,2023-01-07,"Y","L3","beach","0",15,0,1,1,0,0,0,11,15,0,1,1,0,0,0,11,"1","0","1","1","0","0","1","0",2,-Inf,1,-Inf,"0",1,1,1,0,0
"547","202223","Tunkalilla Midway","FP","202223_Tunkalilla Midway_1",136,136,149,2022-11-17,2022-11-17,2022-11-30,"N","L0","dune","1",0.5,0,0,0,0,0,7,2,1,0,0,0,0,0,8,2,"1","0","0","0","0","1","1","0",1,-Inf,-Inf,-Inf,"2",2,6.5,4,13,6.5
"548","202223","Tunkalilla Midway","FP","202223_Tunkalilla Midway_2",170,170,179,2022-12-21,2022-12-21,2022-12-30,"N","L1","beach","1",0,0,0,0,0,0,4.5,8,0,0,0,0,0,0,5,8,"1","0","0","0","0","1","1","0",1,-Inf,-Inf,-Inf,"2",2,4.5,10,9,4.5
"549","202223","Tunkalilla Midway","FP","202223_Tunkalilla Midway_3",189,189,209,2023-01-09,2023-01-09,2023-01-29,"N","L1","beach","1",1,0,0,0,0,0,8.5,4.5,2,0,0,0,0,0,9,7,"1","0","0","0","0","1","1","0",1,-Inf,-Inf,-Inf,"2",2,10,21,20,10
"550","202223","Middleton Beach East","FP","202223_Middleton Beach East_1",36,71,71,2022-08-09,2022-09-13,2022-09-13,"Y","L3","beach","0",2,0,0,0,0,0,0,8,2,0,0,0,0,0,0,8,"1","0","1","0","0","0","1","0",1,-Inf,1,-Inf,"0",1,35,0,0,0
"551","202223","Middleton Beach East","FP","202223_Middleton Beach East_2",97,127,127,2022-10-09,2022-11-08,2022-11-08,"Y","L3","foredune/face","0",6,0,5,3,2,0,0,10,6,0,5,3,2,0,0,10,"1","0","1","1","1","0","1","0",1,-Inf,1,-Inf,"0",1,30,0,0,0
"552","202223","Middleton Beach East","FP","202223_Middleton Beach East_3",199,212,214,2023-01-19,2023-02-01,2023-02-03,"Y","L3","beach","1",0.5,0,0,0,0,0,0,7.5,1,0,0,0,0,0,0,9,"1","0","1","0","0","0","1","0",1,-Inf,1,-Inf,"0",2,14,0,2,1
"553","202223","Middleton Beach East","FP","202223_Middleton Beach East_4",226,256,256,2023-02-15,2023-03-17,2023-03-17,"Y","L3","foredune/face","0",3,0,2,0,2,0,1,19,3,0,2,0,2,0,1,19,"1","0","1","0","1","1","1","0",1,-Inf,1,-Inf,"0",1,30,0,0,0
"554","202223","Sellicks Beach","FP","202223_Sellicks Beach_1",69,71,72,2022-09-11,2022-09-13,2022-09-14,"Y","L3","beach","1",4,1.5,1.5,0,1.5,0,0,0.5,7,3,3,0,3,0,0,1,"1","1","1","0","1","0","1","1",3,3,3,1,"0",2,2.5,0,1,0.5
"555","202223","Sellicks Beach","FP","202223_Sellicks Beach_2",94,115,116,2022-10-06,2022-10-27,2022-10-28,"Y","L3","beach","1",3,0,1,0,1,0,0,2.5,4,0,2,0,2,0,0,5,"1","1","1","0","1","0","1","0",1,2,1,-Inf,"0",2,21.5,0,1,0.5
"556","202223","Myponga Beach Estuary","FP","202223_Myponga Beach Estuary_1",124,125,126,2022-11-05,2022-11-06,2022-11-07,"N","L0","estuary/spit","1",1.5,0,1,1,0,0,0,25,3,0,2,2,0,0,0,30,"1","1","1","1","0","0","1","0",2,1,1,-Inf,"0",2,1.5,1,1,0.5
"557","202223","Myponga Beach Estuary","FP","202223_Myponga Beach Estuary_2",154,163,163,2022-12-05,2022-12-14,2022-12-14,"Y","L3","estuary/spit","0",4,0,0,0,0,0,0,0,4,0,0,0,0,0,0,0,"1","0","0","0","0","0","0","0",2,-Inf,-Inf,-Inf,"0",1,9,0,0,0
"558","202223","Moana Beach South","FP","202223_Moana Beach South_1",70,74,75,2022-09-12,2022-09-16,2022-09-17,"Y","L3","beach","1",0,0,0,0,0,0,0,40,0,0,0,0,0,0,0,40,"0","0","0","0","0","0","1","0",-Inf,-Inf,-Inf,-Inf,"0",1,4.5,1,1,0.5
"559","202223","Moana Beach South","FP","202223_Moana Beach South_2",99,101,102,2022-10-11,2022-10-13,2022-10-14,"N","L0","beach","1",4,0,1.5,1.5,0,0,0,0,7,0,2,2,0,0,0,0,"1","0","1","1","0","0","0","0",1,-Inf,1,-Inf,"0",2,2.5,2,1,0.5
"560","202223","Moana Beach South","FP","202223_Moana Beach South_4",133,143,144,2022-11-14,2022-11-24,2022-11-25,"Y","L3","foredune/face","1",8.5,0,2,0,2,0,0,10,10,0,3,0,3,0,0,15,"1","0","1","0","1","0","1","0",1,-Inf,1,-Inf,"0",2,10.5,0,1,0.5
"561","202223","Port Willunga - Chinaman Gully","FP","202223_Port Willunga - Chinaman Gully_1",71,72,75,2022-09-13,2022-09-14,2022-09-17,"N","L0","beach","1",0,0,0,0,0,0,0,0,0,0,0,0,0,0,0,0,"0","0","0","0","0","0","0","0",-Inf,-Inf,-Inf,-Inf,"0",1,2.5,1,3,1.5
"562","202223","Port Willunga - Chinaman Gully","FP","202223_Port Willunga - Chinaman Gully_2",95,101,102,2022-10-07,2022-10-13,2022-10-14,"Y","L3","beach","1",9,0,4.5,0.5,4,0,0,0,11,0,7,1,6,0,0,0,"1","0","1","1","1","0","0","0",1,-Inf,1,-Inf,"0",2,6.5,2,1,0.5
"563","202223","Port Willunga - Chinaman Gully","FP","202223_Port Willunga - Chinaman Gully_3",113,114,115,2022-10-25,2022-10-26,2022-10-27,"Y","L3","beach","1",0.5,0,1,0,1,0,0,0,1,0,2,0,2,0,0,0,"1","0","1","0","1","0","0","0",2,-Inf,2,-Inf,"0",2,1.5,0,1,0.5
"564","202223","Port Willunga - Chinaman Gully","FP","202223_Port Willunga - Chinaman Gully_4",125,132,133,2022-11-06,2022-11-13,2022-11-14,"Y","L3","beach","1",4,0,0,0,0,0,0,1,4,0,0,0,0,0,0,1,"1","0","1","0","0","0","1","0",1,-Inf,1,-Inf,"0",1,7.5,1,1,0.5
"565","202223","Goolwa Beach/Tokuremoar Reserve","FP","202223_Goolwa Beach/Tokuremoar Reserve_1",206,212,214,2023-01-26,2023-02-01,2023-02-03,"Y","L3","foredune/face","1",0.5,0,0,0,0,0,0,3,1,0,0,0,0,0,0,4,"1","0","1","0","0","0","1","0",1,-Inf,1,-Inf,"0",2,7,0,2,1
"566","202223","Goolwa Beach/Tokuremoar Reserve","FP","202223_Goolwa Beach/Tokuremoar Reserve_2",221,244,246,2023-02-10,2023-03-05,2023-03-07,"Y","L3","foredune/face","1",5,0,1,1,0,0,2.5,11,9,0,2,2,0,0,5,11,"1","0","1","1","0","1","1","0",1,-Inf,1,-Inf,"1",2,24,1,2,1
"567","202324","Bashams Beach","FP","202324_Bashams Beach_1",53,64,66,2023-08-26,2023-09-06,2023-09-08,"Y","L3","beach","1",8,0,3.5,1.5,2,0,0,3.5,15,0,5,2,4,0,0,4,"1","0","1","1","1","0","1","0",1,-Inf,1,-Inf,"0",2,12,0,2,1
"568","202324","Bashams Beach","FP","202324_Bashams Beach_2",74,91,92,2023-09-16,2023-10-03,2023-10-04,"Y","L3","foredune/face","1",0,0,0,0,0,0,0,4.5,0,0,0,0,0,0,0,8,"1","0","1","0","0","0","1","0",1,-Inf,1,-Inf,"0",2,17.5,2,1,0.5
"569","202324","Inman River Outlet","FP","202324_Inman River Outlet_1",77,82,83,2023-09-19,2023-09-24,2023-09-25,"Y","L3","beach","1",0.5,0,0,0,0,0,0,7,1,0,0,0,0,0,0,7,"1","0","1","0","0","0","1","0",1,-Inf,1,-Inf,"0",2,5.5,1,1,0.5
"570","202324","Inman River Outlet","FP","202324_Inman River Outlet_2",112,117,118,2023-10-24,2023-10-29,2023-10-30,"Y","L3","foredune/face","1",0,0,0,0,0,0,1,43,0,0,0,0,0,0,2,72,"1","0","1","0","0","1","1","0",1,-Inf,1,-Inf,"0",2,5.5,1,1,0.5
"571","202324","Inman River Outlet","FP","202324_Inman River Outlet_3",131,133,134,2023-11-12,2023-11-14,2023-11-15,"Y","L3","beach","1",2,0,0,0,0,0,0,5.5,2,0,0,0,0,0,0,6,"1","0","0","0","0","0","1","0",1,-Inf,-Inf,-Inf,"0",2,2.5,0,1,0.5
"572","202324","Inman River Outlet","FP","202324_Inman River Outlet_4",144,150,151,2023-11-25,2023-12-01,2023-12-02,"Y","L3","beach","1",1.5,0,0,0,0,0,1.5,11.5,2,0,0,0,0,0,3,12,"1","0","1","0","0","1","1","0",1,-Inf,1,-Inf,"0",2,6.5,1,1,0.5
"573","202324","Inman River Outlet","FP","202324_Inman River Outlet_5",160,183,183,2023-12-11,2024-01-03,2024-01-03,"Y","L3","beach","1",8,0,5,1,4,0,0,4,8,0,5,1,4,0,0,4,"1","0","1","1","1","0","1","0",1,-Inf,1,-Inf,"0",1,23,1,0,0
"574","202324","Inman River Outlet","FP","202324_Inman River Outlet_6",195,224,224,2024-01-15,2024-02-13,2024-02-13,"Y","L3","beach","0",3,0,1,1,0,0,0,30,3,0,1,1,0,0,0,30,"1","0","1","1","0","0","1","0",1,-Inf,1,-Inf,"0",1,29,0,0,0
"575","202324","Maslin Beach","FP","202324_Maslin Beach_3",85,92,93,2023-09-27,2023-10-04,2023-10-05,"Y","L3","foredune/face","1",0.5,0,0,0,0,0,0,0,1,0,0,0,0,0,0,0,"1","0","1","0","0","0","0","0",1,-Inf,1,-Inf,"1",2,7.5,2,1,0.5
"576","202324","Maslin Beach","FP","202324_Maslin Beach_4",106,134,134,2023-10-18,2023-11-15,2023-11-15,"Y","L3","beach","0",11,0,3,0,3,0,0,0,11,0,3,0,3,0,0,0,"1","0","1","0","1","0","0","0",-Inf,-Inf,-Inf,-Inf,"0",1,28,0,0,0
"577","202324","Parsons Beach","FP","202324_Parsons Beach_1",149,151,156,2023-11-30,2023-12-02,2023-12-07,"N","L0","foredune/face","1",1,0,0,0,0,0,1,1.5,2,0,0,0,0,0,2,3,"1","0","1","0","0","1","1","0",1,-Inf,1,-Inf,"3",2,4.5,2,5,2.5
"578","202324","Port Willunga","FP","202324_Port Willunga_1",37,69,69,2023-08-10,2023-09-11,2023-09-11,"Y","L3","dune","0",10,0,5,2,3,0,0,34,10,0,5,2,3,0,0,34,"1","0","1","1","1","0","1","0",2,-Inf,1,-Inf,"0",1,32,0,0,0
"579","202324","Port Willunga","FP","202324_Port Willunga_2",119,126,127,2023-10-31,2023-11-07,2023-11-08,"Y","L3","beach","1",16,0,7,4.5,2.5,0,0,0,24,0,8,5,3,0,0,0,"1","0","1","1","1","0","0","0",2,-Inf,1,-Inf,"3",2,7.5,0,1,0.5
"580","202324","Port Willunga","FP","202324_Port Willunga_3",137,166,166,2023-11-18,2023-12-17,2023-12-17,"Y","L3","beach","0",24,0,4,4,0,0,0,0,24,0,4,4,0,0,0,0,"1","0","1","1","0","0","0","0",-Inf,-Inf,-Inf,-Inf,"0",1,29,1,0,0
"581","202324","Port Willunga South","FP","202324_Port Willunga South_1",47,53,54,2023-08-20,2023-08-26,2023-08-27,"Y","L3","dune","1",18.5,0,3.5,1.5,2,0,0,3,25,0,4,2,3,0,0,5,"1","1","1","1","1","0","1","0",2,1,1,-Inf,"0",2,6.5,2,1,0.5
"582","202324","Port Willunga South","FP","202324_Port Willunga South_2",69,81,83,2023-09-11,2023-09-23,2023-09-25,"Y","L3","dune","1",19,0,8,3.5,4.5,0,0,1.5,20,0,9,4,6,0,0,3,"1","0","1","1","1","0","1","0",2,-Inf,1,-Inf,"0",2,13,2,2,1
"583","202324","Port Willunga South","FP","202324_Port Willunga South_3",93,104,105,2023-10-05,2023-10-16,2023-10-17,"Y","L3","foredune/face","1",9,0,5,3,2,0,0,0,9,0,5,3,2,0,0,0,"1","0","1","1","1","0","0","0",2,-Inf,1,-Inf,"0",1,11.5,0,1,0.5
"584","202324","Port Willunga South","FP","202324_Port Willunga South_5",138,145,146,2023-11-19,2023-11-26,2023-11-27,"Y","L3","beach","1",14.5,0,6,3,3,0,0,5,20,0,8,4,6,0,0,10,"1","0","1","1","1","0","1","0",-Inf,-Inf,-Inf,-Inf,"3",2,7.5,1,1,0.5
"585","202324","Watsons Gap","FP","202324_Watsons Gap_1",37,63,64,2023-08-10,2023-09-05,2023-09-06,"Y","L3","beach","1",0.5,0,0,0,0,0,0,4,1,0,0,0,0,0,0,4,"1","0","1","0","0","0","1","0",1,-Inf,1,-Inf,"1",2,26.5,0,1,0.5
"586","202324","Watsons Gap","FP","202324_Watsons Gap_2",76,100,104,2023-09-18,2023-10-12,2023-10-16,"Y","L3","foredune/face","1",0,0,0,0,0,0,0,3.5,0,0,0,0,0,0,0,4,"1","0","1","0","0","0","1","0",1,-Inf,1,-Inf,"0",2,26,4,4,2
"587","202324","Watsons Gap","FP","202324_Watsons Gap_3",115,117,118,2023-10-27,2023-10-29,2023-10-30,"Y","L3","beach","1",1,0,0,0,0,0,0,2,2,0,0,0,0,0,0,2,"1","0","1","0","0","0","1","0",1,-Inf,1,-Inf,"1",2,2.5,1,1,0.5
"588","202324","Watsons Gap","FP","202324_Watsons Gap_4",141,146,147,2023-11-22,2023-11-27,2023-11-28,"Y","L3","beach","1",1.5,0,0,0,0,0,0,3,2,0,0,0,0,0,0,3,"1","0","1","0","0","0","1","0",1,-Inf,1,-Inf,"0",2,5.5,0,1,0.5
"589","202324","Watsons Gap","FP","202324_Watsons Gap_5",169,201,201,2023-12-20,2024-01-21,2024-01-21,"Y","L3","foredune/face","0",2,0,0,0,0,0,0,2,2,0,0,0,0,0,0,2,"1","1","1","0","0","0","1","0",1,1,1,-Inf,"0",1,32,1,0,0
"590","202324","Carrickalinga North","FP","202324_Carrickalinga North_1",63,87,87,2023-09-05,2023-09-29,2023-09-29,"Y","L3","foredune/face","0",1,0,0,0,0,0,0,5,1,0,0,0,0,0,0,5,"1","0","1","0","0","0","1","0",2,-Inf,1,-Inf,"0",1,24,0,0,0
"591","202324","Carrickalinga North","FP","202324_Carrickalinga North_2",163,164,166,2023-12-14,2023-12-15,2023-12-17,"Y","L3","beach","1",0,0,0,0,0,0,0,0,0,0,0,0,0,0,0,0,"0","0","0","0","0","0","0","0",-Inf,-Inf,-Inf,-Inf,"0",1,2,2,2,1
"592","202324","Carrickalinga North","FP","202324_Carrickalinga North_3",181,201,202,2024-01-01,2024-01-21,2024-01-22,"Y","L3","beach","1",0.5,0,0,0,0,0,1,0,1,0,0,0,0,0,1,0,"1","0","0","0","0","1","0","0",-Inf,-Inf,-Inf,-Inf,"0",2,20.5,2,1,0.5
"593","202324","Carrickalinga Rotunda","FP","202324_Carrickalinga Rotunda_1",124,133,140,2023-11-05,2023-11-14,2023-11-21,"Y","L3","beach","1",0,0,0,0,0,0,0,2,0,0,0,0,0,0,0,2,"1","0","1","0","0","0","1","0",2,-Inf,2,-Inf,"0",1,12.5,2,7,3.5
"594","202324","Carrickalinga Rotunda","FP","202324_Carrickalinga Rotunda_2",164,167,170,2023-12-15,2023-12-18,2023-12-21,"Y","L3","beach","1",1,0,0,0,0,0,0,0,1,0,0,0,0,0,0,0,"1","0","0","0","0","0","0","0",1,-Inf,-Inf,-Inf,"0",1,4.5,4,3,1.5
"595","202324","Carrickalinga Rotunda","FP","202324_Carrickalinga Rotunda_3",183,183,184,2024-01-03,2024-01-03,2024-01-04,"Y","L3","beach","1",16.5,0,3.5,1.5,2,0,0,0,29,0,4,3,4,0,0,0,"1","0","1","1","1","0","0","0",3,-Inf,1,-Inf,"1",2,0.5,2,1,0.5
"596","202324","Shelley Beach (lady bay)","FP","202324_Shelley Beach (lady bay)_1",80,91,92,2023-09-22,2023-10-03,2023-10-04,"Y","L3","foredune/face","1",0,0,0,0,0,0,0,4,0,0,0,0,0,0,0,4,"1","0","0","0","0","0","1","0",1,-Inf,-Inf,-Inf,"0",2,11.5,2,1,0.5
"597","202324","Shelley Beach (lady bay)","FP","202324_Shelley Beach (lady bay)_2",115,134,134,2023-10-27,2023-11-15,2023-11-15,"Y","L2","beach","0",0,0,0,0,0,0,0,0,0,0,0,0,0,0,0,0,"0","0","0","0","0","0","0","0",-Inf,-Inf,-Inf,-Inf,"0",1,19,0,0,0
"598","202324","Tunkalilla East","FP","202324_Tunkalilla East_1",59,59,70,2023-09-01,2023-09-01,2023-09-12,"N","L0","dune","1",1,0,0,0,0,0,0.5,5,2,0,0,0,0,0,1,7,"1","0","0","0","0","1","1","0",1,-Inf,-Inf,-Inf,"1",2,5.5,4,11,5.5
"599","202324","Tunkalilla East","FP","202324_Tunkalilla East_2",86,97,97,2023-09-28,2023-10-09,2023-10-09,"N","L0","dune","0",0,0,0,0,0,0,2,7,0,0,0,0,0,0,2,7,"1","0","0","0","0","1","1","0",1,-Inf,-Inf,-Inf,"1",1,11,1,0,0
"600","202324","Tunkalilla East","FP","202324_Tunkalilla East_3",171,178,178,2023-12-22,2023-12-29,2023-12-29,"N","L0","dune","0",21,0,3,0,3,0,0,11,21,0,3,0,3,0,0,11,"1","0","1","0","1","0","1","0",1,-Inf,1,-Inf,"1",1,7,1,0,0
"601","202324","Tunkalilla West","FP","202324_Tunkalilla West_1",97,97,108,2023-10-09,2023-10-09,2023-10-20,"N","L0","dune","1",0,0,0,0,0,0,0,10,0,0,0,0,0,0,0,16,"1","0","1","0","0","0","1","0",1,-Inf,1,-Inf,"2",2,5.5,7,11,5.5
"602","202324","Tunkalilla West","FP","202324_Tunkalilla West_2",122,139,150,2023-11-03,2023-11-20,2023-12-01,"N","L0","dune","1",0,0,0,0,0,0,0,6.5,0,0,0,0,0,0,0,7,"1","0","1","0","0","0","1","0",1,-Inf,1,-Inf,"2",2,22.5,2,11,5.5
"603","202324","Tunkalilla West","FP","202324_Tunkalilla West_3",171,198,198,2023-12-22,2024-01-18,2024-01-18,"N","L0","dune","0",0,0,0,0,0,0,0,5,0,0,0,0,0,0,0,5,"1","0","1","0","0","0","1","0",1,-Inf,1,-Inf,"2",1,27,1,0,0
"604","202324","Tunkalilla Inner West","FP","202324_Tunkalilla Inner West_1",59,59,70,2023-09-01,2023-09-01,2023-09-12,"Y","L0","beach","1",0,0,0,0,0,0,0,45,0,0,0,0,0,0,0,64,"1","0","0","0","0","0","1","0",1,-Inf,-Inf,-Inf,"1",2,5.5,4,11,5.5
"605","202324","Tunkalilla Inner West","FP","202324_Tunkalilla Inner West_2",171,186,198,2023-12-22,2024-01-06,2024-01-18,"Y","L0","foredune/face","1",0,0,0,0,0,0,3.5,7,0,0,0,0,0,0,5,8,"1","0","1","0","0","1","1","0",1,-Inf,1,-Inf,"2",2,21,13,12,6
"606","202324","Port Stanvac","FP","202324_Port Stanvac_1",35,67,67,2023-08-08,2023-09-09,2023-09-09,"Y","L3","beach","0",0,0,0,0,0,0,0,5,0,0,0,0,0,0,0,5,"1","0","1","0","0","0","1","0",1,-Inf,1,-Inf,"0",1,32,1,0,0
"607","202324","Port Stanvac","FP","202324_Port Stanvac_2",107,133,133,2023-10-19,2023-11-14,2023-11-14,"Y","L3","foredune/face","0",0,0,0,0,0,0,0,0,0,0,0,0,0,0,0,0,"1","0","1","0","0","0","0","0",1,-Inf,1,-Inf,"0",1,26,0,0,0
"608","202324","Port Stanvac","FP","202324_Port Stanvac_3",167,189,189,2023-12-18,2024-01-09,2024-01-09,"Y","L3","beach","0",1,0,0,0,0,0,0,2,1,0,0,0,0,0,0,2,"1","0","1","0","0","0","1","0",1,-Inf,1,-Inf,"1",1,22,1,0,0
"609","202324","Ballaparudda","FP","202324_Ballaparudda_1",101,118,132,2023-10-13,2023-10-30,2023-11-13,"N","L0","beach","1",0,0,0,0,0,2.5,0,1,0,0,0,0,0,5,0,2,"1","1","0","0","0","0","1","1",1,1,-Inf,2,"1",2,24,4,14,7
"610","202324","Ochre Cove, Maslins","FP","202324_Ochre Cove, Maslins_1",33,62,66,2023-08-06,2023-09-04,2023-09-08,"Y","L3","beach","1",0.5,0,0.5,0.5,0,0,3.5,16.5,1,0,1,1,0,0,7,20,"1","0","1","1","0","1","1","0",1,-Inf,1,-Inf,"0",2,31,0,4,2
"611","202324","Ochre Cove, Maslins","FP","202324_Ochre Cove, Maslins_2",72,91,92,2023-09-14,2023-10-03,2023-10-04,"Y","L3","foredune/face","1",0,0,0,0,0,0,3.5,100,0,0,0,0,0,0,7,100,"1","0","1","0","0","1","1","0",1,-Inf,1,-Inf,"1",2,19.5,2,1,0.5
"612","202324","Ochre Cove, Maslins","FP","202324_Ochre Cove, Maslins_3",101,132,132,2023-10-13,2023-11-13,2023-11-13,"Y","L3","foredune/face","0",0,0,0,0,0,0,0,100,0,0,0,0,0,0,0,100,"0","0","0","0","0","0","1","0",-Inf,-Inf,-Inf,-Inf,"0",1,31,0,0,0
"613","202324","Ochre Cove, Maslins","FP","202324_Ochre Cove, Maslins_4",156,188,188,2023-12-07,2024-01-08,2024-01-08,"Y","L3","beach","0",0,0,0,0,0,0,6,50,0,0,0,0,0,0,6,50,"0","0","0","0","0","1","1","0",-Inf,-Inf,-Inf,-Inf,"0",1,32,1,0,0
"614","202324","Ochre Cove, Maslins","FP","202324_Ochre Cove, Maslins_5",210,246,246,2024-01-30,2024-03-06,2024-03-06,"Y","L3","beach","0",7,0,1,1,0,0,4,4,7,0,1,1,0,0,4,4,"1","0","1","1","0","1","1","0",1,-Inf,1,-Inf,"0",1,36,0,0,0
"615","202324","Sheepies beach","FP","202324_Sheepies beach_1",59,59,68,2023-09-01,2023-09-01,2023-09-10,"N","L0","foredune/face","1",0,0,0,0,0,0,1,2,0,0,0,0,0,0,1,2,"1","0","0","0","0","1","1","0",1,-Inf,-Inf,-Inf,"1",1,4.5,4,9,4.5
"616","202324","Sheepies beach","FP","202324_Sheepies beach_4",118,126,139,2023-10-30,2023-11-07,2023-11-20,"N","L1","foredune/face","1",0,0,0,0,0,0,8,6.5,0,0,0,0,0,0,12,9,"1","0","1","0","0","1","1","0",1,-Inf,1,-Inf,"1",2,14.5,4,13,6.5
"617","202324","Sheepies beach","FP","202324_Sheepies beach_5",156,156,165,2023-12-07,2023-12-07,2023-12-16,"N","L1","foredune/face","1",0,0,0,0,0,0,4,3,0,0,0,0,0,0,4,3,"1","0","0","0","0","1","1","0",1,-Inf,-Inf,-Inf,"1",1,4.5,3,9,4.5
"618","202324","Sheepies beach","FP","202324_Sheepies beach_6",172,186,189,2023-12-23,2024-01-06,2024-01-09,"N","L1","foredune/face","1",0,0,0,0,0,0,3,2,0,0,0,0,0,0,3,2,"1","0","1","0","0","1","1","0",1,-Inf,1,-Inf,"1",1,15.5,4,3,1.5
"619","202324","Waitpinga Beach (west)","FP","202324_Waitpinga Beach (west)_1",58,58,68,2023-08-31,2023-08-31,2023-09-10,"N","L0","beach","1",5.5,0,0,0,0,0,0,19.5,10,0,0,0,0,0,0,21,"1","0","0","0","0","0","1","0",1,-Inf,-Inf,-Inf,"1",2,5,4,10,5
"620","202324","Waitpinga Beach (west)","FP","202324_Waitpinga Beach (west)_2",144,144,151,2023-11-25,2023-11-25,2023-12-02,"N","L0","foredune/face","1",0,0,0,0,0,0,0.5,2.5,0,0,0,0,0,0,1,3,"1","0","0","0","0","1","1","0",1,-Inf,-Inf,-Inf,"2",2,3.5,3,7,3.5
"621","202324","Waitpinga Beach (west)","FP","202324_Waitpinga Beach (west)_3",156,161,165,2023-12-07,2023-12-12,2023-12-16,"N","L0","beach","1",0,0,0,0,0,0,0,3.5,0,0,0,0,0,0,0,4,"1","0","0","0","0","0","1","0",1,-Inf,-Inf,-Inf,"0",2,7,1,4,2
"622","202324","Yankalilla river mouth","FP","202324_Yankalilla river mouth_1",75,79,90,2023-09-17,2023-09-21,2023-10-02,"N","L0","beach","1",0,0,0,0,0,0,0,2.5,0,0,0,0,0,0,0,5,"1","1","1","0","0","0","1","0",1,2,1,-Inf,"0",2,9.5,5,11,5.5
"623","202324","Yankalilla river mouth","FP","202324_Yankalilla river mouth_2",209,234,237,2024-01-29,2024-02-23,2024-02-26,"Y","L3","beach","1",3.5,0,0.5,0,0.5,0,8.5,2,6,0,1,0,1,0,9,4,"1","1","1","0","1","1","1","1",1,1,1,1,"1",2,26.5,2,3,1.5
"624","202324","Yilki","FP","202324_Yilki_1",55,62,63,2023-08-28,2023-09-04,2023-09-05,"Y","L3","beach","1",2,0,0.5,0.5,0,0,1,19,4,0,1,1,0,0,2,35,"1","0","1","1","0","1","1","0",1,-Inf,1,-Inf,"0",2,7.5,0,1,0.5
"625","202324","Yilki","FP","202324_Yilki_2",117,135,136,2023-10-29,2023-11-16,2023-11-17,"Y","L3","beach","1",2,0,0.5,0.5,0,0,0,13.5,4,0,1,1,0,0,0,19,"1","0","1","1","0","0","1","0",1,-Inf,1,-Inf,"0",2,18.5,0,1,0.5
"626","202324","Yilki","FP","202324_Yilki_3",141,174,174,2023-11-22,2023-12-25,2023-12-25,"Y","L3","beach","0",0,0,0,0,0,0,0,13,0,0,0,0,0,0,0,13,"0","0","0","0","0","0","1","0",-Inf,-Inf,-Inf,-Inf,"0",1,33,1,0,0
"627","202324","Yilki","FP","202324_Yilki_4",213,231,232,2024-02-02,2024-02-20,2024-02-21,"Y","L3","beach","1",2.5,0,1.5,1.5,0,0,2,11.5,4,0,2,2,0,0,2,17,"1","0","1","1","0","1","1","0",1,-Inf,1,-Inf,"0",2,18.5,0,1,0.5
"628","202324","Carrickalinga Estuary","FP","202324_Carrickalinga Estuary_1",91,91,95,2023-10-03,2023-10-03,2023-10-07,"Y","L3","estuary/spit","1",1,0,3.5,2.5,1,0,0,5,2,0,5,5,2,0,0,10,"1","0","1","1","1","0","1","0",1,-Inf,1,-Inf,"0",2,2,5,4,2
"629","202324","Carrickalinga Estuary","FP","202324_Carrickalinga Estuary_2",105,129,131,2023-10-17,2023-11-10,2023-11-12,"Y","L3","estuary/spit","1",0,0,0,0,0,0,0,0,0,0,0,0,0,0,0,0,"0","0","0","0","0","0","0","0",-Inf,-Inf,-Inf,-Inf,"2",1,25,2,2,1
"630","202324","Carrickalinga Estuary","FP","202324_Carrickalinga Estuary_3",161,167,170,2023-12-12,2023-12-18,2023-12-21,"Y","L3","beach","1",3,0,1.5,1.5,0,0,0,0,6,0,3,3,0,0,0,0,"1","0","1","1","0","0","0","0",-Inf,-Inf,-Inf,-Inf,"2",2,7.5,4,3,1.5
"631","202324","Snapper Point","FP","202324_Snapper Point_1",59,86,87,2023-09-01,2023-09-28,2023-09-29,"Y","L3","beach","1",9,0,7,1,6,0,0,20,9,0,7,1,6,0,0,20,"1","0","1","1","1","0","1","0",3,-Inf,2,-Inf,"0",1,27.5,0,1,0.5
"632","202324","Snapper Point","FP","202324_Snapper Point_2",177,186,186,2023-12-28,2024-01-06,2024-01-06,"Y","L3","beach","0",8,0,4,4,0,0,0,0,8,0,4,4,0,0,0,0,"1","0","1","1","0","0","0","0",3,-Inf,2,-Inf,"0",1,9,1,0,0
"633","202324","Waitpinga Beach (east)","FP","202324_Waitpinga Beach (east)_1",106,106,111,2023-10-18,2023-10-18,2023-10-23,"N","L0","dune","1",5,0,0,0,0,0,6.5,10,5,0,0,0,0,0,10,12,"1","0","0","0","0","1","1","0",1,-Inf,-Inf,-Inf,"2",2,2.5,2,5,2.5
"634","202324","Waitpinga Beach (east)","FP","202324_Waitpinga Beach (east)_2",130,137,144,2023-11-11,2023-11-18,2023-11-25,"N","L0","dune","1",0,0,0,0,0,0,0,4,0,0,0,0,0,0,0,6,"1","0","0","0","0","0","1","0",1,-Inf,-Inf,-Inf,"2",2,10.5,3,7,3.5
"635","202324","Waitpinga Beach (east)","FP","202324_Waitpinga Beach (east)_3",151,156,165,2023-12-02,2023-12-07,2023-12-16,"N","L0","dune","1",7.5,0,0,0,0,0,1.5,7,14,0,0,0,0,0,3,12,"1","0","0","0","0","1","1","0",1,-Inf,-Inf,-Inf,"1",2,9.5,3,9,4.5
"636","202324","Waitpinga Beach (east)","FP","202324_Waitpinga Beach (east)_4",215,215,221,2024-02-04,2024-02-04,2024-02-10,"N","L0","beach","1",1,0,0,0,0,0,0,8,2,0,0,0,0,0,0,11,"1","0","0","0","0","0","1","0",2,-Inf,-Inf,-Inf,"1",2,3,2,6,3
"637","202324","Aldinga Nth (Aldinga Beach Rd)","FP","202324_Aldinga Nth (Aldinga Beach Rd)_1",52,66,66,2023-08-25,2023-09-08,2023-09-08,"Y","L3","beach","0",2,0,0,0,0,0,0,25,2,0,0,0,0,0,0,25,"1","0","1","0","0","0","1","0",1,-Inf,1,-Inf,"0",1,14,0,0,0
"638","202324","Aldinga Nth (Aldinga Beach Rd)","FP","202324_Aldinga Nth (Aldinga Beach Rd)_2",94,124,124,2023-10-06,2023-11-05,2023-11-05,"Y","L3","beach","0",12,0,4,3,1,0,1,0,12,0,4,3,1,0,1,0,"1","0","1","1","1","1","0","0",-Inf,-Inf,-Inf,-Inf,"0",1,30,1,0,0
"639","202324","Aldinga Nth (Aldinga Beach Rd)","FP","202324_Aldinga Nth (Aldinga Beach Rd)_3",171,176,177,2023-12-22,2023-12-27,2023-12-28,"Y","L3","beach","1",7,0,4,2,2,0,2,23.5,8,0,7,3,4,0,4,25,"1","1","1","1","1","1","1","0",2,2,2,-Inf,"1",2,5.5,2,1,0.5
"640","202324","Aldinga Nth (Aldinga Beach Rd)","FP","202324_Aldinga Nth (Aldinga Beach Rd)_4",185,216,216,2024-01-05,2024-02-05,2024-02-05,"Y","L3","beach","0",0,0,0,0,0,0,0,4,0,0,0,0,0,0,0,4,"1","0","1","0","0","0","1","0",1,-Inf,1,-Inf,"0",1,31,0,0,0
"641","202324","Victor Central","FP","202324_Victor Central_1",43,77,77,2023-08-16,2023-09-19,2023-09-19,"Y","L3","foredune/face","0",9,0,4,3,1,0,0,1,9,0,4,3,1,0,0,1,"1","0","1","1","1","0","1","0",1,-Inf,1,-Inf,"0",1,34,0,0,0
"642","202324","Victor Central","FP","202324_Victor Central_2",120,125,125,2023-11-01,2023-11-06,2023-11-06,"Y","L3","foredune/face","1",1,0,1,0,1,0,0,2,1,0,1,0,1,0,0,2,"1","0","1","0","1","0","1","0",1,-Inf,1,-Inf,"0",1,5,0,0,0
"643","202324","Victor Central","FP","202324_Victor Central_3",137,164,165,2023-11-18,2023-12-15,2023-12-16,"Y","L3","foredune/face","1",6.5,0,4,2.5,1.5,0,0,10.5,13,0,8,5,3,0,0,11,"1","0","1","1","1","0","1","0",1,-Inf,1,-Inf,"1",2,27.5,1,1,0.5
"644","202324","Tunkalilla Midway","FP","202324_Tunkalilla Midway_1",59,59,70,2023-09-01,2023-09-01,2023-09-12,"N","L0","foredune/face","1",1,0,0,0,0,0,2,20.5,2,0,0,0,0,0,3,31,"1","0","0","0","0","1","1","0",1,-Inf,-Inf,-Inf,"1",2,5.5,4,11,5.5
"645","202324","Tunkalilla Midway","FP","202324_Tunkalilla Midway_2",86,86,86,2023-09-28,2023-09-28,2023-09-28,"N","L0","foredune/face","1",0,0,0,0,0,0,2,33,0,0,0,0,0,0,2,33,"1","0","1","0","0","1","1","0",1,-Inf,1,-Inf,"1",1,0,0,0,0
"646","202324","Tunkalilla Midway","FP","202324_Tunkalilla Midway_3",99,99,108,2023-10-11,2023-10-11,2023-10-20,"N","L0","dune","1",0.5,0,0,0,0,0,1,5.5,1,0,0,0,0,0,2,11,"1","0","0","0","0","1","1","0",1,-Inf,-Inf,-Inf,"1",2,4.5,5,9,4.5
"647","202324","Tunkalilla Midway","FP","202324_Tunkalilla Midway_4",139,139,150,2023-11-20,2023-11-20,2023-12-01,"N","L0","foredune/face","1",0,0,0,0,0,0,1.5,7.5,0,0,0,0,0,0,3,8,"1","0","0","0","0","1","1","0",1,-Inf,-Inf,-Inf,"2",2,5.5,2,11,5.5
"648","202324","Tunkalilla Midway","FP","202324_Tunkalilla Midway_5",178,178,186,2023-12-29,2023-12-29,2024-01-06,"N","L0","foredune/face","1",1,0,0,0,0,0,1,8,2,0,0,0,0,0,2,8,"1","0","1","0","0","1","1","0",1,-Inf,1,-Inf,"1",2,4,9,8,4
"649","202324","Middleton Beach East","FP","202324_Middleton Beach East_1",46,76,76,2023-08-19,2023-09-18,2023-09-18,"Y","L3","foredune/face","0",0,0,0,0,0,0,0,7,0,0,0,0,0,0,0,7,"1","0","1","0","0","0","1","0",1,-Inf,1,-Inf,"0",1,30,0,0,0
"650","202324","Middleton Beach East","FP","202324_Middleton Beach East_2",123,155,155,2023-11-04,2023-12-06,2023-12-06,"Y","L3","foredune/face","0",3,0,1,0,1,0,0,11,3,0,1,0,1,0,0,11,"1","0","1","0","1","0","1","0",1,-Inf,1,-Inf,"0",1,32,0,0,0
"651","202324","Middleton Beach East","FP","202324_Middleton Beach East_3",185,210,211,2024-01-05,2024-01-30,2024-01-31,"Y","L3","beach","1",4,0,1,0.5,0.5,0,0,11.5,4,0,1,1,1,0,0,15,"1","0","1","1","1","0","1","0",1,-Inf,1,-Inf,"0",2,25.5,0,1,0.5
"652","202324","Myponga Beach Estuary","FP","202324_Myponga Beach Estuary_1",62,79,79,2023-09-04,2023-09-21,2023-09-21,"Y","L3","estuary/spit","0",0,0,0,0,0,0,0,0,0,0,0,0,0,0,0,0,"0","0","0","0","0","0","0","0",-Inf,-Inf,-Inf,-Inf,"0",1,17,0,0,0
"653","202324","Moana Beach South","FP","202324_Moana Beach South_1",40,52,54,2023-08-13,2023-08-25,2023-08-27,"N","L0","beach","1",2,0,2,1,1,0,0,0,2,0,2,1,1,0,0,0,"1","0","1","1","1","0","0","0",-Inf,-Inf,-Inf,-Inf,"2",1,13,2,2,1
"654","202324","Moana Beach South","FP","202324_Moana Beach South_2",57,62,63,2023-08-30,2023-09-04,2023-09-05,"Y","L3","beach","1",3.5,0,3,1.5,2,0,0,50,4,0,4,2,3,0,0,100,"1","0","1","1","1","0","1","0",2,-Inf,1,-Inf,"1",2,5.5,0,1,0.5
"655","202324","Moana Beach South","FP","202324_Moana Beach South_3",95,127,127,2023-10-07,2023-11-08,2023-11-08,"Y","L3","beach","0",18,0,6,4,2,0,0,1,18,0,6,4,2,0,0,1,"1","0","1","1","1","0","1","0",2,-Inf,2,-Inf,"0",1,32,0,0,0
"656","202324","Port Willunga - Chinaman Gully","FP","202324_Port Willunga - Chinaman Gully_1",36,44,45,2023-08-09,2023-08-17,2023-08-18,"Y","L3","foredune/face","1",3.5,0,1.5,0.5,1,0,0,0,4,0,2,1,1,0,0,0,"1","1","1","1","1","0","0","0",1,1,1,-Inf,"0",2,8.5,0,1,0.5
"657","202324","Port Willunga - Chinaman Gully","FP","202324_Port Willunga - Chinaman Gully_2",54,65,66,2023-08-27,2023-09-07,2023-09-08,"Y","L3","foredune/face","1",2,0,1,1,0,0,7,2,2,0,1,1,0,0,7,2,"1","0","1","1","0","1","1","0",1,-Inf,1,-Inf,"0",1,11.5,0,1,0.5
"658","202324","Port Willunga - Chinaman Gully","FP","202324_Port Willunga - Chinaman Gully_3",77,77,77,2023-09-19,2023-09-19,2023-09-19,"N","L0","beach","1",2,0,0,0,0,0,0,0,2,0,0,0,0,0,0,0,"1","0","1","0","0","0","0","0",1,-Inf,1,-Inf,"0",1,0,0,0,0
"659","202324","Port Willunga - Chinaman Gully","FP","202324_Port Willunga - Chinaman Gully_4",80,113,113,2023-09-22,2023-10-25,2023-10-25,"Y","L3","beach","0",0,0,0,0,0,0,0,0,0,0,0,0,0,0,0,0,"1","0","1","0","0","0","0","0",1,-Inf,1,-Inf,"0",1,33,0,0,0
"660","202324","Port Willunga - Chinaman Gully","FP","202324_Port Willunga - Chinaman Gully_5",173,202,202,2023-12-24,2024-01-22,2024-01-22,"Y","L3","beach","0",17,0,2,1,1,0,0,2,17,0,2,1,1,0,0,2,"1","1","1","1","1","0","1","0",2,1,1,-Inf,"0",1,29,1,0,0
"661","202324","Maslin Beach - North","FP","202324_Maslin Beach - North_1",50,62,66,2023-08-23,2023-09-04,2023-09-08,"Y","L3","beach","1",2.5,0,1.5,0.5,1.5,0,0,53.5,4,0,2,1,2,0,0,100,"1","0","1","1","1","0","1","0",1,-Inf,1,-Inf,"0",2,14,0,4,2
"662","202324","Maslin Beach - North","FP","202324_Maslin Beach - North_2",71,76,77,2023-09-13,2023-09-18,2023-09-19,"Y","L3","foredune/face","1",4,0,2.5,1.5,1,0,0,0,5,0,3,3,2,0,0,0,"1","0","1","1","1","0","0","0",1,-Inf,1,-Inf,"0",2,5.5,0,1,0.5
"663","202324","Maslin Beach - North","FP","202324_Maslin Beach - North_5",207,244,244,2024-01-27,2024-03-04,2024-03-04,"Y","L3","beach","0",2,0,1,0,1,0,0,0,2,0,1,0,1,0,0,0,"1","0","1","0","1","0","0","0",-Inf,-Inf,-Inf,-Inf,"0",1,37,0,0,0
"664","202324","Normanville Estuary","FP","202324_Normanville Estuary_1",48,48,49,2023-08-21,2023-08-21,2023-08-22,"N","L0","estuary/spit","1",0.5,0,0.5,0.5,0,0,0,1,1,0,1,1,0,0,0,2,"1","0","1","1","0","0","1","0",2,-Inf,2,-Inf,"0",2,0.5,0,1,0.5
"665","202324","Normanville Estuary","FP","202324_Normanville Estuary_2",70,97,97,2023-09-12,2023-10-09,2023-10-09,"Y","L2","estuary/spit","0",5,0,2,2,0,0,0,1,5,0,2,2,0,0,0,1,"1","0","1","1","0","0","1","0",-Inf,-Inf,-Inf,-Inf,"0",1,27,1,0,0
"666","202324","Normanville Estuary","FP","202324_Normanville Estuary_3",112,114,116,2023-10-24,2023-10-26,2023-10-28,"Y","L3","estuary/spit","1",0,0,0,0,0,0,0,2,0,0,0,0,0,0,0,2,"0","0","0","0","0","0","1","0",-Inf,-Inf,-Inf,-Inf,"0",1,3,1,2,1
"667","202324","Normanville Estuary","FP","202324_Normanville Estuary_4",125,125,126,2023-11-06,2023-11-06,2023-11-07,"Y","L3","estuary/spit","1",0.5,1,1.5,1,0.5,0,0,1,1,2,3,2,1,0,0,1,"1","1","1","1","1","0","1","0",-Inf,-Inf,-Inf,-Inf,"0",2,0.5,0,1,0.5
"668","202324","Normanville Estuary","FP","202324_Normanville Estuary_5",139,157,160,2023-11-20,2023-12-08,2023-12-11,"Y","L3","beach","1",3,0,1,1,0,0,0,0,3,0,1,1,0,0,0,0,"1","0","1","1","0","0","0","0",-Inf,-Inf,-Inf,-Inf,"0",1,19.5,2,3,1.5
"669","202324","Normanville Estuary","FP","202324_Normanville Estuary_6",193,221,221,2024-01-13,2024-02-10,2024-02-10,"Y","L3","beach","0",5,0,2,2,0,0,0,2,5,0,2,2,0,0,0,2,"1","0","1","1","0","0","1","0",-Inf,-Inf,-Inf,-Inf,"0",1,28,1,0,0
"670","202324","Tokuremoar West","FP","202324_Tokuremoar West_1",81,98,100,2023-09-23,2023-10-10,2023-10-12,"Y","L3","foredune/face","1",1,0,0,0,0,0,2,13,2,0,0,0,0,0,4,20,"1","0","1","0","0","1","1","0",1,-Inf,1,-Inf,"0",2,18,3,2,1
"671","202324","Tokuremoar West","FP","202324_Tokuremoar West_2",110,142,142,2023-10-22,2023-11-23,2023-11-23,"Y","L3","foredune/face","0",0,0,0,0,0,0,0,30,0,0,0,0,0,0,0,30,"1","0","1","0","0","0","1","0",1,-Inf,1,-Inf,"0",1,32,0,0,0
"672","202324","Tokuremoar West","FP","202324_Tokuremoar West_4",202,232,232,2024-01-22,2024-02-21,2024-02-21,"Y","L3","foredune/face","0",7,0,2,1,1,0,0,6,7,0,2,1,1,0,0,6,"1","0","1","1","1","0","1","0",1,-Inf,1,-Inf,"0",1,30,0,0,0
"673","200607","Gunnamatta 2nd territory","MP","200607_Gunnamatta 2nd territory_1",105,105,112,2006-10-17,2006-10-17,2006-10-24,"N","L0","foredune/face","1",3.5,0,0,0,0,0,0,4,7,0,0,0,0,0,0,6,"1","0","1","0","0","0","1","0",3,-Inf,1,-Inf,"1",2,3.5,2,7,3.5
"674","200607","Koonya East","MP","200607_Koonya East_1",52,78,78,2006-08-25,2006-09-20,2006-09-20,"N","L0","dune","0",2,0,0,0,0,0,0,1,2,0,0,0,0,0,0,1,"1","0","1","0","0","0","1","0",2,-Inf,1,-Inf,"0",1,26,1,0,0
"675","200607","Koonya East","MP","200607_Koonya East_2",86,87,90,2006-09-28,2006-09-29,2006-10-02,"N","L0","dune","1",0,0,0,0,0,0,0,8,0,0,0,0,0,0,0,14,"1","0","1","0","0","0","1","0",3,-Inf,1,-Inf,"0",2,2.5,3,3,1.5
"676","200607","Koonya East","MP","200607_Koonya East_3",100,133,133,2006-10-12,2006-11-14,2006-11-14,"N","L0","dune","0",3,0,0,0,0,0,0,1,3,0,0,0,0,0,0,1,"1","0","0","0","0","0","1","0",2,-Inf,-Inf,-Inf,"0",1,33,0,0,0
"677","200607","Koonya East","MP","200607_Koonya East_4",142,177,177,2006-11-23,2006-12-28,2006-12-28,"N","L0","dune","0",2,0,0,0,0,0,0,0,2,0,0,0,0,0,0,0,"1","0","1","0","0","0","0","0",3,-Inf,3,-Inf,"0",1,35,1,0,0
"678","200607","Koonya East","MP","200607_Koonya East_5",193,221,224,2007-01-13,2007-02-10,2007-02-13,"N","L0","dune","1",6,0,0,0,0,0,0,1.5,7,0,0,0,0,0,0,3,"1","0","1","0","0","0","1","0",3,-Inf,1,-Inf,"0",2,29.5,2,3,1.5
"679","200607","Koonya West","MP","200607_Koonya West_2",73,78,83,2006-09-15,2006-09-20,2006-09-25,"N","L0","beach","1",0,0,0,0,0,0,0,1.5,0,0,0,0,0,0,0,3,"1","0","1","0","0","0","1","0",2,-Inf,1,-Inf,"0",2,7.5,6,5,2.5
"680","200607","Koonya West","MP","200607_Koonya West_3",100,100,105,2006-10-12,2006-10-12,2006-10-17,"N","L0","dune","1",0,0,0,0,0,0,0,2.5,0,0,0,0,0,0,0,4,"1","0","1","0","0","0","1","0",2,-Inf,1,-Inf,"0",2,2.5,2,5,2.5
"681","200607","Koonya West","MP","200607_Koonya West_4",118,148,148,2006-10-30,2006-11-29,2006-11-29,"N","L0","beach","0",0,0,0,0,0,0,0,0,0,0,0,0,0,0,0,0,"1","0","1","0","0","0","0","0",3,-Inf,1,-Inf,"0",1,30,0,0,0
"682","200607","Koonya West","MP","200607_Koonya West_5",176,199,202,2006-12-27,2007-01-19,2007-01-22,"N","L0","beach","1",6,0,0.5,0,0.5,0,0,1,8,0,1,0,1,0,0,2,"1","0","1","0","1","0","1","0",3,-Inf,1,-Inf,"0",2,24.5,4,3,1.5
"683","200607","Miami drive east access","MP","200607_Miami East_1",176,203,204,2006-12-27,2007-01-23,2007-01-24,"N","L0","dune","1",3,0,1.5,0,1.5,0,0,0,4,0,2,0,2,0,0,0,"1","0","1","0","1","0","0","0",2,-Inf,1,-Inf,"0",2,27.5,2,1,0.5
"684","200607","Portsea Franklin rd access","MP","200607_Portsea Franklin Rd East_1",140,147,147,2006-11-21,2006-11-28,2006-11-28,"N","L0","dune","0",22,0,0,0,0,0,0,6,22,0,0,0,0,0,0,6,"1","0","0","0","0","0","1","0",-Inf,-Inf,-Inf,-Inf,"0",1,7,0,0,0
"685","200607","Portsea London Bridge","MP","200607_Portsea London Bridge_2",103,116,122,2006-10-15,2006-10-28,2006-11-03,"N","L0","foredune/face","1",12,0,0,0,0,0,1,4,12,0,0,0,0,0,1,4,"1","0","1","0","0","1","1","0",1,-Inf,1,-Inf,"0",1,16,2,6,3
"686","200607","St. Andrews car park east","MP","200607_St Andrews Main carpark_2",142,155,155,2006-11-23,2006-12-06,2006-12-06,"N","L0","dune","0",0,0,0,0,0,0,0,7,0,0,0,0,0,0,0,7,"0","0","0","0","0","0","1","0",-Inf,-Inf,-Inf,-Inf,"0",1,13,0,0,0
"687","200708","Gunnamatta 2nd territory","MP","200708_Gunnamatta 2nd territory_2",106,106,106,2007-10-18,2007-10-18,2007-10-18,"N","L0","foredune/face","0",3,0,0,0,0,0,0,1,3,0,0,0,0,0,0,1,"1","0","0","0","0","0","1","0",1,-Inf,-Inf,-Inf,"0",1,0,0,0,0
"688","200708","Koonya East","MP","200708_Koonya East_1",58,75,77,2007-08-31,2007-09-17,2007-09-19,"N","L0","beach","1",0,0,0,0,0,0,0.5,0,0,0,0,0,0,0,1,0,"1","0","1","0","0","1","0","0",2,-Inf,1,-Inf,"0",2,18,0,2,1
"689","200708","Koonya East","MP","200708_Koonya East_2",91,91,96,2007-10-03,2007-10-03,2007-10-08,"N","L0","dune","1",1,0,0,0,0,0,0,3,2,0,0,0,0,0,0,5,"1","0","1","0","0","0","1","0",2,-Inf,1,-Inf,"1",2,2.5,5,5,2.5
"690","200708","Koonya East","MP","200708_Koonya East_3",103,107,111,2007-10-15,2007-10-19,2007-10-23,"Y","L3","beach","1",3,0,0,0,0,0,0,12,9,0,0,0,0,0,0,30,"1","0","0","0","0","0","1","0",2,-Inf,-Inf,-Inf,"0",3,6,2,4,2
"691","200708","Koonya East","MP","200708_Koonya East_4",114,114,119,2007-10-26,2007-10-26,2007-10-31,"N","L0","beach","1",0,0,0,0,0,0,0,0,0,0,0,0,0,0,0,0,"1","0","1","0","0","0","0","0",1,-Inf,1,-Inf,"0",2,2.5,2,5,2.5
"692","200708","Koonya East","MP","200708_Koonya East_5",131,134,141,2007-11-12,2007-11-15,2007-11-22,"N","L0","dune","1",0.5,0,0.5,0,0.5,0,0,0,1,0,1,0,1,0,0,0,"1","0","1","0","1","0","0","0",3,-Inf,1,-Inf,"0",2,6.5,2,7,3.5
"693","200708","Koonya East","MP","200708_Koonya East_6",159,173,173,2007-12-10,2007-12-24,2007-12-24,"N","L0","dune","0",1,0,0,0,0,0,0,0,1,0,0,0,0,0,0,0,"1","0","1","0","0","0","0","0",1,-Inf,1,-Inf,"0",1,14,1,0,0
"694","200708","Koonya West","MP","200708_Koonya West_1",54,58,61,2007-08-27,2007-08-31,2007-09-03,"N","L0","foredune/face","1",0,0,0,0,0,0,0,8,0,0,0,0,0,0,0,9,"1","0","1","0","0","0","1","0",1,-Inf,1,-Inf,"0",2,5.5,2,3,1.5
"695","200708","Koonya West","MP","200708_Koonya West_2",69,87,91,2007-09-11,2007-09-29,2007-10-03,"Y","L3","foredune/face","1",1,0,1,0,1,0,0,4,2,0,2,0,2,0,0,6,"1","0","1","0","1","0","1","0",1,-Inf,1,-Inf,"0",2,20,5,4,2
"696","200708","Koonya West","MP","200708_Koonya West_3",103,114,119,2007-10-15,2007-10-26,2007-10-31,"Y","L3","beach","1",0,0,0,0,0,0,0,0.5,0,0,0,0,0,0,0,1,"1","0","1","0","0","0","1","0",1,-Inf,1,-Inf,"0",2,13.5,2,5,2.5
"697","200708","Miami drive east access","MP","200708_St Andrews - Miami Drive East_1",142,155,155,2007-11-23,2007-12-06,2007-12-06,"Y","L3","beach","0",1,0,2,2,0,0,0,1,1,0,2,2,0,0,0,1,"1","0","1","1","0","0","1","0",2,-Inf,1,-Inf,"0",1,13,0,0,0
"698","200708","Portsea London Bridge","MP","200708_Portsea London Bridge_1",92,92,94,2007-10-04,2007-10-04,2007-10-06,"Y","L2","dune","1",6,0,0,0,0,0,0,0,6,0,0,0,0,0,0,0,"1","0","0","0","0","0","0","0",2,-Inf,-Inf,-Inf,"0",1,1,3,2,1
"699","200708","St. Andrews car park east","MP","200708_St Andrews Main Carpark_1",161,169,169,2007-12-12,2007-12-20,2007-12-20,"N","L0","dune","0",3,0,0,0,0,0,0,2,3,0,0,0,0,0,0,2,"1","0","1","0","0","0","1","0",3,-Inf,2,-Inf,"0",1,8,0,0,0
"700","200708","Gunnamatta Fingal Tk East (P5)","MP","200708_Fingal Pair 2nd_1",166,169,169,2007-12-17,2007-12-20,2007-12-20,"N","L0","dune","0",0,0,0,0,0,0,3,0,0,0,0,0,0,0,3,0,"1","0","0","0","0","1","0","0",1,-Inf,-Inf,-Inf,"1",1,3,0,0,0
"701","200708","Gunnamatta Fingal Tk West","MP","200708_Gunnamatta 3rd territory_2",169,169,187,2007-12-20,2007-12-20,2008-01-07,"N","L0","beach","1",0,0,0,0,0,0,0,0,0,0,0,0,0,0,0,0,"1","0","0","0","0","0","0","0",1,-Inf,-Inf,-Inf,"1",1,9,17,18,9
"702","200708","Gunnamatta Fingal Tk West","MP","200708_Gunnamatta 3rd territory_3",187,189,194,2008-01-07,2008-01-09,2008-01-14,"N","L0","dune","1",0,0,0,0,0,0,1,0,0,0,0,0,0,0,1,0,"1","0","1","0","0","1","0","0",1,-Inf,1,-Inf,"1",1,4.5,6,5,2.5
"703","200708","Gunnamatta SLSC Far East (P1)","MP","200708_Gunnamatta 1st territory_1",161,169,169,2007-12-12,2007-12-20,2007-12-20,"Y","L3","beach","0",6,0,0,0,0,0,5,9,6,0,0,0,0,0,5,9,"1","0","1","0","0","1","1","0",2,-Inf,1,-Inf,"0",1,8,0,0,0
"704","200708","Heyfield Pair 2 (east side) Rye","MP","200708_Number 16 Rye_1",92,92,94,2007-10-04,2007-10-04,2007-10-06,"N","L0","dune","1",0,0,0,0,0,0,1,1,0,0,0,0,0,0,1,1,"1","0","1","0","0","1","1","0",1,-Inf,1,-Inf,"0",1,1,3,2,1
"705","200708","Heyfield Pair 2 (east side) Rye","MP","200708_Number 16 Rye_2",115,119,142,2007-10-27,2007-10-31,2007-11-23,"Y","L3","dune","1",0,0,0,0,0,0,1,5,0,0,0,0,0,0,1,5,"1","0","1","0","0","1","1","0",3,-Inf,1,-Inf,"1",1,15.5,7,23,11.5
"706","200708","Portsea Sphinx rocks","MP","200708_Portsea Franklin Rd East_1",142,161,161,2007-11-23,2007-12-12,2007-12-12,"N","L0","dune","0",4,0,0,0,0,0,0,1,4,0,0,0,0,0,0,1,"1","0","1","0","0","0","1","0",1,-Inf,1,-Inf,"0",1,19,0,0,0
"707","200708","St Andrews - Miami Drive West","MP","200708_St Andrews - Miami Drive West_1",95,96,98,2007-10-07,2007-10-08,2007-10-10,"Y","L2","foredune/face","1",0,0,0,0,0,0,0,0,0,0,0,0,0,0,0,0,"1","0","1","0","0","0","0","0",2,-Inf,1,-Inf,"0",2,2,0,2,1
"708","200809","Koonya West","MP","200809_Koonya West_1",54,75,80,2008-08-27,2008-09-17,2008-09-22,"Y","L2","beach","1",6,0,2,1,1,0,0,0,6,0,2,1,1,0,0,0,"1","0","1","1","1","0","0","0",2,-Inf,1,-Inf,"0",1,23.5,3,5,2.5
"709","200809","Koonya West","MP","200809_Koonya West_2",121,121,121,2008-11-02,2008-11-02,2008-11-02,"Y","L3","dune","0",12,0,1,0,1,0,0,0,12,0,1,0,1,0,0,0,"1","0","1","0","1","0","0","0",3,-Inf,2,-Inf,"0",1,0,1,0,0
"710","200809","Koonya West","MP","200809_Koonya West_4",195,195,206,2009-01-15,2009-01-15,2009-01-26,"Y","L3","beach","1",5,0,0,0,0,0,0,0,5,0,0,0,0,0,0,0,"1","0","1","0","0","0","0","0",3,-Inf,1,-Inf,"0",1,5.5,12,11,5.5
"711","200809","Koonya West","MP","200809_Koonya West_5",210,226,226,2009-01-30,2009-02-15,2009-02-15,"Y","L3","beach","0",0,0,0,0,0,0,0,0,0,0,0,0,0,0,0,0,"1","0","0","0","0","0","0","0",2,-Inf,-Inf,-Inf,"0",1,16,1,0,0
"712","200809","Portsea Franklin rd access","MP","200809_Portsea Franklin Rd access_2",104,104,111,2008-10-16,2008-10-16,2008-10-23,"Y","L3","beach","1",0,0,2,1,1,0,0,0,0,0,2,1,1,0,0,0,"1","0","1","1","1","0","0","0",1,-Inf,1,-Inf,"0",1,3.5,2,7,3.5
"713","200809","Portsea Franklin rd access","MP","200809_Portsea Franklin Rd access_3",205,211,234,2009-01-25,2009-01-31,2009-02-23,"Y","L3","dune","1",8,0,0,0,0,0,0,0,8,0,0,0,0,0,0,0,"1","0","1","0","0","0","0","0",2,-Inf,1,-Inf,"1",1,17.5,8,23,11.5
"714","200809","Portsea Sphinx rocks","MP","200809_Portsea Franklin Rd East_4",226,226,226,2009-02-15,2009-02-15,2009-02-15,"Y","L3","foredune/face","0",0,0,0,0,0,0,0,0,0,0,0,0,0,0,0,0,"1","0","1","0","0","0","0","0",1,-Inf,1,-Inf,"0",1,0,1,0,0
"715","200809","Gunnamatta Car Park 1 (P6)","MP","200809_Gunnamatta Pair 6 (b/w carparks)_3",168,169,169,2008-12-19,2008-12-20,2008-12-20,"Y","L3","dune","0",8,0,0,0,0,0,0,0,8,0,0,0,0,0,0,0,"1","0","1","0","0","0","0","0",2,-Inf,1,-Inf,"0",1,1,1,0,0
"716","200809","Heyfield Pair 1 (west side) Rye","MP","200809_Number 16 Rye_1",72,97,97,2008-09-14,2008-10-09,2008-10-09,"Y","L2","dune","0",2,0,0,0,0,0,0,0,2,0,0,0,0,0,0,0,"1","0","1","0","0","0","0","0",2,-Inf,1,-Inf,"0",1,25,0,0,0
"717","200809","Heyfield Pair 1 (west side) Rye","MP","200809_Number 16 Rye_2",199,227,232,2009-01-19,2009-02-16,2009-02-21,"N","L0","dune","1",29,0,4,0,4,0,0,0,58,0,8,0,8,0,0,0,"1","0","1","0","1","0","0","0",3,-Inf,3,-Inf,"3",2,30.5,1,5,2.5
"718","200910","Koonya East","MP","200910_Koonya East_1",81,106,106,2009-09-23,2009-10-18,2009-10-18,"Y","L3","foredune/face","0",3,0,2,2,0,0,0,0,3,0,2,2,0,0,0,0,"1","0","1","1","0","0","0","0",1,-Inf,1,-Inf,"1",1,25,1,0,0
"719","200910","Koonya East","MP","200910_Koonya East_2",158,178,178,2009-12-09,2009-12-29,2009-12-29,"Y","L3","foredune/face","0",8,0,0,0,0,0,0,0,8,0,0,0,0,0,0,0,"1","0","0","0","0","0","0","0",3,-Inf,-Inf,-Inf,"0",1,20,1,0,0
"720","200910","Koonya East","MP","200910_Koonya East_3",205,205,214,2010-01-25,2010-01-25,2010-02-03,"Y","L3","beach","1",9,0,0,0,0,0,0,0,9,0,0,0,0,0,0,0,"1","0","1","0","0","0","0","0",3,-Inf,1,-Inf,"0",1,4.5,4,9,4.5
"721","200910","Koonya West","MP","200910_Koonya West_1",98,119,119,2009-10-10,2009-10-31,2009-10-31,"Y","L2","dune","0",6,0,1,1,0,0,0,0,6,0,1,1,0,0,0,0,"1","0","1","1","0","0","0","0",1,-Inf,1,-Inf,"0",1,21,1,0,0
"722","200910","Koonya West","MP","200910_Koonya West_3",170,198,198,2009-12-21,2010-01-18,2010-01-18,"Y","L3","dune","0",4,0,0,0,0,0,0,0,4,0,0,0,0,0,0,0,"1","0","1","0","0","0","0","0",1,-Inf,1,-Inf,"0",1,28,1,0,0
"723","200910","Portsea London Bridge","MP","200910_Portsea London Bridge_1",144,144,144,2009-11-25,2009-11-25,2009-11-25,"N","L0","foredune/face","0",0,0,0,0,0,0,0,0,0,0,0,0,0,0,0,0,"1","0","1","0","0","0","0","0",2,-Inf,2,-Inf,"0",1,0,0,0,0
"724","200910","St. Andrews car park east","MP","200910_St Andrews Main Carpark_2",92,109,111,2009-10-04,2009-10-21,2009-10-23,"Y","L3","dune","1",3,0,0,0,0,0,0,0,3,0,0,0,0,0,0,0,"1","0","1","0","0","0","0","0",2,-Inf,1,-Inf,"0",1,18,0,2,1
"725","200910","Gunnamatta Fingal Tk West","MP","200910_Gunnamatta Extra Pair (Fingal West)_1",111,111,122,2009-10-23,2009-10-23,2009-11-03,"N","L0","beach","1",3.5,0,0,0,0,0,0,0,5,0,0,0,0,0,0,0,"1","0","0","0","0","0","0","0",1,-Inf,-Inf,-Inf,"3",2,5.5,5,11,5.5
"726","200910","Moana crt access (east edge)","MP","200910_St Andrews Moana access (east edge)_1",91,111,112,2009-10-03,2009-10-23,2009-10-24,"Y","L3","foredune/face","1",18,0,1.5,0,1.5,0,0,0,30,0,3,0,3,0,0,0,"1","0","1","0","1","0","0","1",3,-Inf,2,2,"0",2,20.5,1,1,0.5
"727","200910","Moana crt access (east edge)","MP","200910_St Andrews Moana access (east edge)_2",129,134,144,2009-11-10,2009-11-15,2009-11-25,"Y","L3","dune","1",6.5,0,0.5,0.5,0,0,0,0,13,0,1,1,0,0,0,0,"1","0","1","1","0","0","0","0",3,-Inf,2,-Inf,"0",2,10,3,10,5
"728","200910","Moana crt access (east edge)","MP","200910_St Andrews Moana access (east edge)_3",152,159,169,2009-12-03,2009-12-10,2009-12-20,"N","L0","beach","1",0,0,0,0,0,0,0,0,0,0,0,0,0,0,0,0,"1","0","1","0","0","0","0","0",2,-Inf,1,-Inf,"0",2,12,4,10,5
"729","200910","St Andrews - Miami Drive West","MP","200910_St Andrews - Miami Drive West_1",144,159,159,2009-11-25,2009-12-10,2009-12-10,"Y","L3","beach","0",1,0,0,0,0,0,0,0,1,0,0,0,0,0,0,0,"1","0","1","0","0","0","0","0",1,-Inf,1,-Inf,"0",1,15,0,0,0
"730","200910","Moana crt access west","MP","200910_Moana West_1",92,105,112,2009-10-04,2009-10-17,2009-10-24,"Y","L3","foredune/face","1",1,0,0,0,0,0,0,0,2,0,0,0,0,0,0,0,"1","0","1","0","0","0","0","0",2,-Inf,2,-Inf,"0",2,16.5,3,7,3.5
"731","200910","Rye car park east","MP","200910_Rye East_1",91,91,91,2009-10-03,2009-10-03,2009-10-03,"N","L0","dune","1",2,0,1,0,1,0,0,0,2,0,1,0,1,0,0,0,"1","0","1","0","1","0","0","0",2,-Inf,1,-Inf,"0",1,0,1,0,0
"732","200910","Rye car park east","MP","200910_Rye East_2",113,118,121,2009-10-25,2009-10-30,2009-11-02,"Y","L3","dune","1",36,0,0,0,0,0,0,0,36,0,0,0,0,0,0,0,"1","0","1","0","0","0","0","0",3,-Inf,2,-Inf,"1",1,6.5,2,3,1.5
"733","201011","Gunnamatta 2nd territory","MP","201011_Gunnamatta 2nd territory_1",90,98,102,2010-10-02,2010-10-10,2010-10-14,"N","L0","dune","1",0,0,0,0,0,0,0,1.5,0,0,0,0,0,0,0,3,"1","0","0","0","0","0","1","0",1,-Inf,-Inf,-Inf,"1",2,10,1,4,2
"734","201011","Gunnamatta 2nd territory","MP","201011_Gunnamatta 2nd territory_2",110,124,132,2010-10-22,2010-11-05,2010-11-13,"N","L0","foredune/face","1",4.5,0,0,0,0,0,0,2,6,0,0,0,0,0,0,4,"1","0","0","0","0","0","1","0",-Inf,-Inf,-Inf,-Inf,"0",2,18,3,8,4
"735","201011","Gunnamatta Fingal Tk (P4)","MP","201011_Gunnamatta Pair 4/ Fingal 1st_1",90,102,102,2010-10-02,2010-10-14,2010-10-14,"N","L0","dune","0",0,0,0,0,0,0,0,0,0,0,0,0,0,0,0,0,"0","0","0","0","0","0","0","0",-Inf,-Inf,-Inf,-Inf,"0",1,12,0,0,0
"736","201011","Gunnamatta Fingal Tk (P4)","MP","201011_Gunnamatta Pair 4/ Fingal 1st_3",171,178,186,2010-12-22,2010-12-29,2011-01-06,"N","L0","dune","1",9.5,0,0,0,0,0,1,0,19,0,0,0,0,0,2,0,"1","0","1","0","0","1","0","0",3,-Inf,1,-Inf,"1",2,11,9,8,4
"737","201011","Koonya East","MP","201011_Koonya East_3",166,201,201,2010-12-17,2011-01-21,2011-01-21,"Y","L3","dune","0",21,0,0,0,0,0,0,0,21,0,0,0,0,0,0,0,"1","0","1","0","0","0","0","0",3,-Inf,1,-Inf,"0",1,35,1,0,0
"738","201011","Koonya West","MP","201011_Koonya West_2",84,84,90,2010-09-26,2010-09-26,2010-10-02,"Y","L3","dune","1",2,0,0.5,0.5,0,0,0.5,0,4,0,1,1,0,0,1,0,"1","0","1","1","0","1","0","0",3,-Inf,2,-Inf,"1",2,3,7,6,3
"739","201011","Koonya West","MP","201011_Koonya West_3",105,116,126,2010-10-17,2010-10-28,2010-11-07,"Y","L3","foredune/face","1",8,0,2,0,2,0,0,16,8,0,2,0,2,0,0,16,"1","0","1","0","1","0","1","0",3,-Inf,2,-Inf,"0",1,16,5,10,5
"740","201011","Koonya West","MP","201011_Koonya West_5",148,177,178,2010-11-29,2010-12-28,2010-12-29,"Y","L3","dune","1",18,0,1,1,0,0,0,4,18,0,1,1,0,0,0,4,"1","0","1","1","0","0","1","0",3,-Inf,2,-Inf,"1",1,29.5,2,1,0.5
"741","201011","Gunnamatta Fingal Tk East (P5)","MP","201011_Gunnamatta Pair 5/Fingal 2nd_1",90,93,96,2010-10-02,2010-10-05,2010-10-08,"N","L0","dune","1",0,0,0,0,0,0,0,0,0,0,0,0,0,0,0,0,"0","0","0","0","0","0","0","0",-Inf,-Inf,-Inf,-Inf,"0",1,4.5,0,3,1.5
"742","201011","Gunnamatta Fingal Tk West","MP","201011_Gunnamatta 3rd territory_1",90,93,96,2010-10-02,2010-10-05,2010-10-08,"N","L0","dune","1",1.5,0,0,0,0,0,0,0,3,0,0,0,0,0,0,0,"1","0","1","0","0","0","0","0",1,-Inf,1,-Inf,"1",2,4.5,0,3,1.5
"743","201011","Gunnamatta Fingal Tk West","MP","201011_Gunnamatta 3rd territory_2",110,132,132,2010-10-22,2010-11-13,2010-11-13,"N","L0","foredune/face","0",6,0,0,0,0,0,0,0,6,0,0,0,0,0,0,0,"1","0","0","0","0","0","0","0",-Inf,-Inf,-Inf,-Inf,"0",1,22,1,0,0
"744","201011","Gunnamatta SLSC Far East (P1)","MP","201011_Gunnamatta 1st territory_1",80,96,98,2010-09-22,2010-10-08,2010-10-10,"N","L1","dune","1",0,0,0,0,0,0,0,2,0,0,0,0,0,0,0,4,"1","0","1","0","0","0","1","0",1,-Inf,1,-Inf,"0",2,17,2,2,1
"745","201011","Heyfield Pair 2 (east side) Rye","MP","201011_Number 16 Rye_1",108,130,130,2010-10-20,2010-11-11,2010-11-11,"Y","L3","dune","0",8,0,4,2,2,0,0,3,8,0,4,2,2,0,0,3,"1","0","1","1","1","0","1","0",3,-Inf,3,-Inf,"0",1,22,0,0,0
"746","201011","Moana crt access (east edge)","MP","201011_St Andrews Moana access (east edge)_3",187,187,194,2011-01-07,2011-01-07,2011-01-14,"Y","L3","dune","1",30,0,0,0,0,0,0,0,30,0,0,0,0,0,0,0,"1","0","1","0","0","0","0","0",3,-Inf,2,-Inf,"0",1,3.5,8,7,3.5
"747","201011","Moana crt access (east edge)","MP","201011_St Andrews Moana access (east edge)_4",196,209,209,2011-01-16,2011-01-29,2011-01-29,"Y","L2","dune","1",4,0,0,0,0,0,0,4,4,0,0,0,0,0,0,4,"1","0","1","0","0","0","1","0",3,-Inf,2,-Inf,"0",1,13,1,0,0
"748","201011","Moana crt access (east edge)","MP","201011_St Andrews Moana access (east edge)_5",209,209,209,2011-01-29,2011-01-29,2011-01-29,"Y","L3","dune","1",4,0,0,0,0,0,0,4,4,0,0,0,0,0,0,4,"1","0","1","0","0","0","1","0",3,-Inf,2,-Inf,"0",1,0,1,0,0
"749","201011","Rye Big Rock","MP","201011_Rye West Big Rock_2",207,224,224,2011-01-27,2011-02-13,2011-02-13,"Y","L3","dune","0",2,0,0,0,0,0,0,0,2,0,0,0,0,0,0,0,"1","0","1","0","0","0","0","0",2,-Inf,3,-Inf,"0",1,17,1,0,0
"750","201011","St Andrews Boags Rocks","MP","201011_St Andrews Boags Rocks_1",84,113,113,2010-09-26,2010-10-25,2010-10-25,"Y","L3","dune","0",0,0,0,0,0,0,0,100,0,0,0,0,0,0,0,100,"0","0","0","0","0","0","1","0",-Inf,-Inf,-Inf,-Inf,"0",1,29,0,0,0
"751","201011","Portsea Farnsworth/SLSC west","MP","201011_Portsea SLSC West Farnsworth Track_1",118,127,129,2010-10-30,2010-11-08,2010-11-10,"N","L1","dune","1",0,0,0,0,0,0,0,4,0,0,0,0,0,0,0,8,"1","0","1","0","0","0","1","0",1,-Inf,1,-Inf,"0",2,10,0,2,1
"752","201011","Rye Carpark","MP","201011_Rye West_1",99,120,120,2010-10-11,2010-11-01,2010-11-01,"N","L1","dune","0",1,0,0,0,0,0,0,4,1,0,0,0,0,0,0,4,"1","0","0","0","0","0","1","0",3,-Inf,-Inf,-Inf,"0",1,21,0,0,0
"753","201011","Rye Carpark","MP","201011_Rye West_3",209,209,209,2011-01-29,2011-01-29,2011-01-29,"Y","L3","dune","0",0,0,0,0,0,0,0,0,0,0,0,0,0,0,0,0,"1","0","1","0","0","0","0","0",3,-Inf,2,-Inf,"0",1,0,1,0,0
"754","201011","St Andrews carpark west","MP","201011_St Andrews Moana East_2",175,176,177,2010-12-26,2010-12-27,2010-12-28,"Y","L3","beach","1",4,0,0,0,0,0,0,0,4,0,0,0,0,0,0,0,"1","0","1","0","0","0","0","0",3,-Inf,3,-Inf,"0",1,1.5,2,1,0.5
"755","201011","St Andrews carpark west","MP","201011_St Andrews Moana East_3",183,183,196,2011-01-03,2011-01-03,2011-01-16,"N","L0","beach","1",2,0,0,0,0,0,0,0,2,0,0,0,0,0,0,0,"1","0","1","0","0","0","0","0",3,-Inf,2,-Inf,"0",1,6.5,14,13,6.5
"756","201112","Gunnamatta 2nd territory","MP","201112_Gunnamatta Pair 2_1",106,116,121,2011-10-18,2011-10-28,2011-11-02,"N","L0","dune","1",0,0,0,0,0,0,0,0,0,0,0,0,0,0,0,0,"0","0","0","0","0","0","0","0",-Inf,-Inf,-Inf,-Inf,"0",2,12.5,3,5,2.5
"757","201112","Gunnamatta Fingal Tk (P4)","MP","201112_Gunnamatta Pair 4 (Fingal 1)_1",80,92,92,2011-09-22,2011-10-04,2011-10-04,"N","L0","dune","0",0,0,0,0,0,0,0,0,0,0,0,0,0,0,0,0,"0","0","0","0","0","0","0","0",-Inf,-Inf,-Inf,-Inf,"0",1,12,1,0,0
"758","201112","Gunnamatta Fingal Tk (P4)","MP","201112_Gunnamatta Pair 4 (Fingal 1)_2",155,163,179,2011-12-06,2011-12-14,2011-12-30,"N","L0","beach","1",0,0,0,0,0,0,0,0,0,0,0,0,0,0,0,0,"0","0","0","0","0","0","0","0",-Inf,-Inf,-Inf,-Inf,"0",2,16,10,16,8
"759","201112","Koonya East","MP","201112_Koonya East_2",124,132,136,2011-11-05,2011-11-13,2011-11-17,"N","L0","dune","1",0,0,0,0,0,0,0,0,0,0,0,0,0,0,0,0,"0","0","0","0","0","0","0","0",-Inf,-Inf,-Inf,-Inf,"0",2,10,1,4,2
"760","201112","Koonya East","MP","201112_Koonya East_3",164,179,179,2011-12-15,2011-12-30,2011-12-30,"Y","L3","dune","1",0,0,0,0,0,0,0,0,0,0,0,0,0,0,0,0,"1","0","0","0","0","0","0","0",3,-Inf,-Inf,-Inf,"0",1,15,1,0,0
"761","201112","Koonya East","MP","201112_Koonya East_4",182,182,190,2012-01-02,2012-01-02,2012-01-10,"Y","L3","dune","1",0,0,0,0,0,0,0,0,0,0,0,0,0,0,0,0,"1","0","1","0","0","0","0","0",1,-Inf,1,-Inf,"0",2,4,9,8,4
"762","201112","Koonya West","MP","201112_Koonya West_1",73,77,84,2011-09-15,2011-09-19,2011-09-26,"N","L0","dune","1",0,0,0,0,0,0,0,0,0,0,0,0,0,0,0,0,"1","0","1","0","0","0","0","0",2,-Inf,1,-Inf,"0",2,7.5,3,7,3.5
"763","201112","Koonya West","MP","201112_Koonya West_3",182,195,196,2012-01-02,2012-01-15,2012-01-16,"Y","L3","dune","1",2,0,0,0,0,0,0,0,4,0,0,0,0,0,0,0,"1","0","0","0","0","0","0","0",2,-Inf,-Inf,-Inf,"0",2,13.5,2,1,0.5
"764","201112","Portsea Franklin rd access","MP","201112_Portsea Franklin Rd Access (10m West)_1",135,164,164,2011-11-16,2011-12-15,2011-12-15,"Y","L3","foredune/face","0",0,0,0,0,0,0,0,0,0,0,0,0,0,0,0,0,"0","0","0","0","0","0","0","0",-Inf,-Inf,-Inf,-Inf,"0",1,29,0,0,0
"765","201112","St. Andrews car park east","MP","201112_Paradise Drive East_1",60,90,90,2011-09-02,2011-10-02,2011-10-02,"N","L0","dune","0",0,0,0,0,0,0,0,0,0,0,0,0,0,0,0,0,"0","0","0","0","0","0","0","0",-Inf,-Inf,-Inf,-Inf,"0",1,30,1,0,0
"766","201112","Alison Ave, Rye","MP","201112_Alison Ave (first pair west)_1",150,156,162,2011-12-01,2011-12-07,2011-12-13,"Y","L3","foredune/face","1",0,0,0,0,0,0,0,0,0,0,0,0,0,0,0,0,"0","0","0","0","0","0","0","0",-Inf,-Inf,-Inf,-Inf,"0",2,9,2,6,3
"767","201112","Gunida Crt Rye","MP","201112_West of Gumboot Rock (Gunida Crt Rye)_1",125,125,125,2011-11-06,2011-11-06,2011-11-06,"N","L0","dune","0",0,0,0,0,0,0,0,0,0,0,0,0,0,0,0,0,"0","0","0","0","0","0","0","0",-Inf,-Inf,-Inf,-Inf,"0",1,0,1,0,0
"768","201112","Gunnamatta Fingal Tk East (P5)","MP","201112_Gunnamatta Pair 5 (Fingal 2)_1",95,108,115,2011-10-07,2011-10-20,2011-10-27,"N","L0","foredune/face","1",0,0,0,0,0,0,0,0,0,0,0,0,0,0,0,0,"0","0","0","0","0","0","0","0",-Inf,-Inf,-Inf,-Inf,"0",2,16.5,2,7,3.5
"769","201112","Gunnamatta Fingal Tk East (P5)","MP","201112_Gunnamatta Pair 5 (Fingal 2)_2",136,151,154,2011-11-17,2011-12-02,2011-12-05,"Y","L3","beach","1",0,0,0,0,0,0,0,0,0,0,0,0,0,0,0,0,"0","0","0","0","0","0","0","0",-Inf,-Inf,-Inf,-Inf,"0",2,16.5,2,3,1.5
"770","201112","Gunnamatta Fingal Tk West","MP","201112_Gunnamatta Pair 3_1",83,116,116,2011-09-25,2011-10-28,2011-10-28,"N","L1","beach","0",0,0,0,0,0,0,0,0,0,0,0,0,0,0,0,0,"0","0","0","0","0","0","0","0",-Inf,-Inf,-Inf,-Inf,"0",1,33,0,0,0
"771","201112","Gunnamatta Fingal Tk West","MP","201112_Gunnamatta Pair 3_2",136,151,155,2011-11-17,2011-12-02,2011-12-06,"Y","L3","beach","1",0,0,0,0,0,0,3,0,0,0,0,0,0,0,6,0,"0","0","0","0","0","1","0","0",-Inf,-Inf,-Inf,-Inf,"0",2,17,2,4,2
"772","201112","Gunnamatta Fingal Tk West","MP","201112_Gunnamatta Pair 3_3",178,192,197,2011-12-29,2012-01-12,2012-01-17,"N","L0","beach","1",0,0,0,0,0,0,1.33333333333333,0,0,0,0,0,0,0,4,0,"0","0","0","0","0","1","0","0",-Inf,-Inf,-Inf,-Inf,"0",3,16.5,6,5,2.5
"773","201112","Heyfield Pair 2 (east side) Rye","MP","201112_No 16 Heyfields East (Trio)_1",176,201,201,2011-12-27,2012-01-21,2012-01-21,"Y","L3","foredune/face","0",0,0,0,0,0,0,0,0,0,0,0,0,0,0,0,0,"0","0","0","0","0","0","0","0",-Inf,-Inf,-Inf,-Inf,"0",1,25,1,0,0
"774","201112","Portsea Sphinx rocks","MP","201112_Portsea Franklin Rd East_2",185,210,210,2012-01-05,2012-01-30,2012-01-30,"Y","L2","dune","0",0,0,0,0,0,0,0,0,0,0,0,0,0,0,0,0,"0","0","0","0","0","0","0","0",-Inf,-Inf,-Inf,-Inf,"0",1,25,1,0,0
"775","201112","Gunnamatta Car Park 1 (P6)","MP","201112_Gunnamatta Pair 6_1",106,108,115,2011-10-18,2011-10-20,2011-10-27,"Y","L3","beach","1",0,0,0,0,0,0,0,0,0,0,0,0,0,0,0,0,"0","0","0","0","0","0","0","0",-Inf,-Inf,-Inf,-Inf,"0",2,5.5,2,7,3.5
"776","201112","Gunnamatta Car Park 1 (P6)","MP","201112_Gunnamatta Pair 6_2",142,143,149,2011-11-23,2011-11-24,2011-11-30,"Y","L3","beach","1",0,0,0,0,0,0,0,0,0,0,0,0,0,0,0,0,"1","0","0","0","0","0","0","0",1,-Inf,-Inf,-Inf,"0",2,4,2,6,3
"777","201112","Rye Big Rock","MP","201112_Rye West Gumboot Rock_1",77,77,83,2011-09-19,2011-09-19,2011-09-25,"N","L1","dune","1",0,0,5,2,3,0,0,0,0,0,5,2,3,0,0,0,"1","0","1","1","1","0","0","0",2,-Inf,1,-Inf,"0",1,3,2,6,3
"778","201112","Rye Big Rock","MP","201112_Rye West Gumboot Rock_2",124,131,132,2011-11-05,2011-11-12,2011-11-13,"Y","L3","dune","1",0,0,0,0,0,0,0,0,0,0,0,0,0,0,0,0,"0","0","0","0","0","0","0","0",-Inf,-Inf,-Inf,-Inf,"0",2,7.5,2,1,0.5
"779","201112","St Andrews Boags Rocks","MP","201112_Paradise Drive (Boags Rocks)_2",76,93,101,2011-09-18,2011-10-05,2011-10-13,"N","L1","dune","1",0,0,0,0,0,0,0,0,0,0,0,0,0,0,0,0,"0","0","0","0","0","0","0","0",-Inf,-Inf,-Inf,-Inf,"0",2,21,5,8,4
"780","201112","St Andrews Boags Rocks","MP","201112_Paradise Drive (Boags Rocks)_3",135,151,151,2011-11-16,2011-12-02,2011-12-02,"N","L0","dune","0",0,0,0,0,0,0,0,0,0,0,0,0,0,0,0,0,"0","0","0","0","0","0","0","0",-Inf,-Inf,-Inf,-Inf,"0",1,16,0,0,0
"781","201112","Moana crt access west","MP","201112_Moana West (200m west)_1",125,138,138,2011-11-06,2011-11-19,2011-11-19,"Y","L3","foredune/face","0",0,0,0,0,0,0,0,0,0,0,0,0,0,0,0,0,"0","0","0","0","0","0","0","0",-Inf,-Inf,-Inf,-Inf,"0",1,13,1,0,0
"782","201112","Rye car park east","MP","201112_Rye East/Miami Drive West_1",76,101,101,2011-09-18,2011-10-13,2011-10-13,"N","L0","dune","0",0,0,0,0,0,0,0,0,0,0,0,0,0,0,0,0,"0","0","0","0","0","0","0","0",-Inf,-Inf,-Inf,-Inf,"0",1,25,0,0,0
"783","201112","Rye car park east","MP","201112_Rye East/Miami Drive West_2",116,116,124,2011-10-28,2011-10-28,2011-11-05,"N","L1","dune","1",0,0,0,0,0,0,0,0,0,0,0,0,0,0,0,0,"0","0","0","0","0","0","0","0",-Inf,-Inf,-Inf,-Inf,"0",1,4,4,8,4
"784","201112","Rye car park east","MP","201112_Rye East/Miami Drive West_3",179,186,190,2011-12-30,2012-01-06,2012-01-10,"Y","L3","dune","1",0,0,0,0,0,0,0,0,0,0,0,0,0,0,0,0,"0","0","0","0","0","0","0","0",-Inf,-Inf,-Inf,-Inf,"0",2,9,5,4,2
"785","201112","Brewster, Rye","MP","201112_Alison Ave (second pair West)_1",125,151,151,2011-11-06,2011-12-02,2011-12-02,"Y","L3","foredune/face","0",0,0,0,0,0,0,0,0,0,0,0,0,0,0,0,0,"0","0","0","0","0","0","0","0",-Inf,-Inf,-Inf,-Inf,"0",1,26,0,0,0
"786","201112","Fowlers","MP","201112_Montforts/Fowlers Beach_1",164,168,192,2011-12-15,2011-12-19,2012-01-12,"N","L0","dune","1",1,0,0,0,0,0,1,0,2,0,0,0,0,0,2,0,"1","0","0","0","0","1","0","0",1,-Inf,-Inf,-Inf,"1",2,16,21,24,12
"787","201112","Portsea SLSC east","MP","201112_Portsea SLSC East_3",128,131,132,2011-11-09,2011-11-12,2011-11-13,"Y","L3","beach","1",3,0,0,0,0,0,0,0,3,0,0,0,0,0,0,0,"1","0","1","0","0","0","0","0",1,-Inf,1,-Inf,"0",1,3.5,2,1,0.5
"788","201112","Portsea SLSC east","MP","201112_Portsea SLSC East_4",151,172,172,2011-12-02,2011-12-23,2011-12-23,"Y","L3","beach","0",0,0,0,0,0,0,0,0,0,0,0,0,0,0,0,0,"0","0","0","0","0","0","0","0",-Inf,-Inf,-Inf,-Inf,"0",1,21,1,0,0
"789","201112","St Andrews carpark west","MP","201112_Moana Far East_1",90,90,106,2011-10-02,2011-10-02,2011-10-18,"N","L0","dune","1",0,0,0,0,0,0,0,0,0,0,0,0,0,0,0,0,"0","0","0","0","0","0","0","0",-Inf,-Inf,-Inf,-Inf,"0",2,8,10,16,8
"790","201112","St Andrews carpark west","MP","201112_Moana Far East_2",136,136,153,2011-11-17,2011-11-17,2011-12-04,"N","L0","dune","1",0,0,0,0,0,0,0,1,0,0,0,0,0,0,0,3,"1","0","0","0","0","0","1","1",1,-Inf,-Inf,1,"0",3,8.5,6,17,8.5
"791","201112","St Andrews carpark west","MP","201112_Moana Far East_3",184,184,184,2012-01-04,2012-01-04,2012-01-04,"Y","L3","dune","0",0,0,0,0,0,0,0,0,0,0,0,0,0,0,0,0,"0","0","0","0","0","0","0","0",-Inf,-Inf,-Inf,-Inf,"0",1,0,1,0,0
"792","201112","Portsea Franklin rd west","MP","201112_Franklin Rd West_1",63,73,73,2011-09-05,2011-09-15,2011-09-15,"Y","L3","dune","1",0,0,0,0,0,0,0,0,0,0,0,0,0,0,0,0,"0","0","0","0","0","0","0","0",-Inf,-Inf,-Inf,-Inf,"0",1,10,0,0,0
"793","201112","Portsea Franklin rd west","MP","201112_Franklin Rd West_2",77,103,103,2011-09-19,2011-10-15,2011-10-15,"Y","L3","dune","0",0,0,0,0,0,0,0,0,0,0,0,0,0,0,0,0,"0","0","0","0","0","0","0","0",-Inf,-Inf,-Inf,-Inf,"0",1,26,1,0,0
"794","201112","Rye car park west","MP","201112_Rye West Carpark (east of Gumboot Rock)_1",75,77,82,2011-09-17,2011-09-19,2011-09-24,"Y","L2","dune","1",5,0,3,0,3,0,0,4,5,0,3,0,3,0,0,4,"1","0","1","0","1","0","1","0",3,-Inf,1,-Inf,"0",1,4.5,1,5,2.5
"795","201112","Rye car park west","MP","201112_Rye West Carpark (east of Gumboot Rock)_3",130,136,138,2011-11-11,2011-11-17,2011-11-19,"Y","L3","dune","1",0,0,0,0,0,0,0,0,0,0,0,0,0,0,0,0,"0","0","0","0","0","0","0","0",-Inf,-Inf,-Inf,-Inf,"0",2,7,1,2,1
"796","201213","Gunnamatta Fingal Tk (P4)","MP","201213_Gunnamatta Pair 4 (BJ & LS)_1",92,112,112,2012-10-04,2012-10-24,2012-10-24,"N","L0","dune","0",1,0,0,0,0,0,0,0,1,0,0,0,0,0,0,0,"1","0","0","0","0","0","0","0",-Inf,-Inf,-Inf,-Inf,"0",1,20,0,0,0
"797","201213","Gunnamatta Fingal Tk (P4)","MP","201213_Gunnamatta Pair 4 (BJ & LS)_2",148,152,156,2012-11-29,2012-12-03,2012-12-07,"N","L0","beach","1",0,0,0,0,0,0,0,0,0,0,0,0,0,0,0,0,"0","0","0","0","0","0","0","0",-Inf,-Inf,-Inf,-Inf,"0",2,6,0,4,2
"798","201213","Gunnamatta Fingal Tk (P4)","MP","201213_Gunnamatta Pair 4 (BJ & LS)_3",176,195,195,2012-12-27,2013-01-15,2013-01-15,"N","L0","beach","0",0,0,0,0,0,0,0,0,0,0,0,0,0,0,0,0,"0","0","0","0","0","0","0","0",-Inf,-Inf,-Inf,-Inf,"0",1,19,1,0,0
"799","201213","Koonya East","MP","201213_Koonya East_1",125,125,132,2012-11-06,2012-11-06,2012-11-13,"Y","L3","dune","1",0,0,0,0,0,0,0,0,0,0,0,0,0,0,0,0,"0","0","0","0","0","0","0","0",-Inf,-Inf,-Inf,-Inf,"0",3,3.5,3,7,3.5
"800","201213","Koonya East","MP","201213_Koonya East_2",144,155,158,2012-11-25,2012-12-06,2012-12-09,"N","L0","dune","1",0,0,0,0,0,0,0,0,0,0,0,0,0,0,0,0,"0","0","0","0","0","0","0","0",-Inf,-Inf,-Inf,-Inf,"0",2,12.5,2,3,1.5
"801","201213","Koonya East","MP","201213_Koonya East_3",160,189,189,2012-12-11,2013-01-09,2013-01-09,"Y","L3","foredune/face","0",2,0,0,0,0,0,0,0,2,0,0,0,0,0,0,0,"1","0","0","0","0","0","0","0",2,-Inf,-Inf,-Inf,"0",1,29,1,0,0
"802","201213","Koonya West","MP","201213_Koonya West_1",97,123,123,2012-10-09,2012-11-04,2012-11-04,"Y","L3","dune","0",0,0,0,0,0,0,0,0,0,0,0,0,0,0,0,0,"0","0","0","0","0","0","0","0",-Inf,-Inf,-Inf,-Inf,"0",1,26,1,0,0
"803","201213","Koonya West","MP","201213_Koonya West_2",170,191,193,2012-12-21,2013-01-11,2013-01-13,"Y","L3","foredune/face","1",0,0,0,0,0,0,0,0,0,0,0,0,0,0,0,0,"0","0","0","0","0","0","0","0",-Inf,-Inf,-Inf,-Inf,"0",2,22,3,2,1
"804","201213","Portsea Franklin rd access","MP","201213_Portsea Franklin rd access (west edge)_2",168,170,196,2012-12-19,2012-12-21,2013-01-16,"Y","L3","dune","1",0,0,0,0,0,0,0,0,0,0,0,0,0,0,0,0,"1","0","0","0","0","0","0","0",2,-Inf,-Inf,-Inf,"0",2,15,26,26,13
"805","201213","St. Andrews car park east","MP","201213_St. Andrews car park east_2",132,145,153,2012-11-13,2012-11-26,2012-12-04,"Y","L3","dune","1",0,0,0,0,0,0,0,0,0,0,0,0,0,0,0,0,"0","0","0","0","0","0","0","0",-Inf,-Inf,-Inf,-Inf,"0",2,17,2,8,4
"806","201213","St. Andrews car park east","MP","201213_St. Andrews car park east_3",158,183,183,2012-12-09,2013-01-03,2013-01-03,"Y","L3","beach","0",0,0,0,0,0,0,0,0,0,0,0,0,0,0,0,0,"0","0","0","0","0","0","0","0",-Inf,-Inf,-Inf,-Inf,"0",1,25,1,0,0
"807","201213","Alison Ave, Rye","MP","201213_Alison ave west Rye_1",170,170,182,2012-12-21,2012-12-21,2013-01-02,"Y","L3","foredune/face","1",0,0,0,0,0,0,0,0,0,0,0,0,0,0,0,0,"0","0","0","0","0","0","0","0",-Inf,-Inf,-Inf,-Inf,"0",2,6,12,12,6
"808","201213","Gunida Crt Rye","MP","201213_Gunida Crt Rye_1",170,182,182,2012-12-21,2013-01-02,2013-01-02,"Y","L3","dune","1",0,0,0,0,0,0,0,0,0,0,0,0,0,0,0,0,"0","0","0","0","0","0","0","0",-Inf,-Inf,-Inf,-Inf,"0",1,12,1,0,0
"809","201213","Gunnamatta Fingal Tk East (P5)","MP","201213_Gunnamatta Pair 5 (DU & ??)_1",91,111,112,2012-10-03,2012-10-23,2012-10-24,"N","L0","foredune/face","1",0,0,0,0,0,0,0,0,0,0,0,0,0,0,0,0,"0","0","0","0","0","0","0","0",-Inf,-Inf,-Inf,-Inf,"0",2,20.5,0,1,0.5
"810","201213","Gunnamatta Fingal Tk East (P5)","MP","201213_Gunnamatta Pair 5 (DU & ??)_2",134,148,152,2012-11-15,2012-11-29,2012-12-03,"N","L0","dune","1",0,0,0,0,0,0,0,0,0,0,0,0,0,0,0,0,"0","0","0","0","0","0","0","0",-Inf,-Inf,-Inf,-Inf,"0",2,16,2,4,2
"811","201213","Gunnamatta Fingal Tk East (P5)","MP","201213_Gunnamatta Pair 5 (DU & ??)_3",163,163,168,2012-12-14,2012-12-14,2012-12-19,"N","L0","beach","1",0,0,0,0,0,0,0,0,0,0,0,0,0,0,0,0,"0","0","0","0","0","0","0","0",-Inf,-Inf,-Inf,-Inf,"0",2,2.5,2,5,2.5
"812","201213","Gunnamatta Fingal Tk East (P5)","MP","201213_Gunnamatta Pair 5 (DU & ??)_4",176,204,204,2012-12-27,2013-01-24,2013-01-24,"N","L0","beach","0",0,0,0,0,0,0,0,0,0,0,0,0,0,0,0,0,"0","0","0","0","0","0","0","0",-Inf,-Inf,-Inf,-Inf,"0",1,28,1,0,0
"813","201213","Gunnamatta Fingal Tk West","MP","201213_Gunnamatta Pair 3 (Unbanded)_1",92,103,111,2012-10-04,2012-10-15,2012-10-23,"N","L0","foredune/face","1",0,0,0,0,0,0,0,0,0,0,0,0,0,0,0,0,"0","0","0","0","0","0","0","0",-Inf,-Inf,-Inf,-Inf,"0",2,15,2,8,4
"814","201213","Gunnamatta Fingal Tk West","MP","201213_Gunnamatta Pair 3 (Unbanded)_2",130,134,138,2012-11-11,2012-11-15,2012-11-19,"Y","L3","beach","1",0.5,0,0,0,0,0,0,0,1,0,0,0,0,0,0,0,"1","0","0","0","0","0","0","0",-Inf,-Inf,-Inf,-Inf,"0",2,6,2,4,2
"815","201213","Gunnamatta Fingal Tk West","MP","201213_Gunnamatta Pair 3 (Unbanded)_3",156,183,183,2012-12-07,2013-01-03,2013-01-03,"N","L0","foredune/face","0",0,0,0,0,0,0,0,0,0,0,0,0,0,0,0,0,"0","0","0","0","0","0","0","0",-Inf,-Inf,-Inf,-Inf,"0",1,27,1,0,0
"816","201213","Gunnamatta SLSC Far East (P1)","MP","201213_Gunnamatta Pair 1 (Unbanded)_1",111,130,134,2012-10-23,2012-11-11,2012-11-15,"N","L0","dune","1",0,0,0,0,0,0,0,0,0,0,0,0,0,0,0,0,"0","0","0","0","0","0","0","0",-Inf,-Inf,-Inf,-Inf,"0",3,21,1,4,2
"817","201213","Gunnamatta SLSC Far East (P1)","MP","201213_Gunnamatta Pair 1 (Unbanded)_2",156,168,176,2012-12-07,2012-12-19,2012-12-27,"N","L0","foredune/face","1",0,0,0,0,0,0,0,0,0,0,0,0,0,0,0,0,"0","0","0","0","0","0","0","0",-Inf,-Inf,-Inf,-Inf,"0",2,16,6,8,4
"818","201213","Gunnamatta SLSC Far East (P1)","MP","201213_Gunnamatta Pair 1 (Unbanded)_3",195,195,198,2013-01-15,2013-01-15,2013-01-18,"N","L0","beach","1",0,0,0,0,0,0,0,0,0,0,0,0,0,0,0,0,"0","0","0","0","0","0","0","0",-Inf,-Inf,-Inf,-Inf,"0",2,1.5,4,3,1.5
"819","201213","Heyfield Pair 2 (east side) Rye","MP","201213_Heyfield Pair 2 (east side) Rye_1",94,100,106,2012-10-06,2012-10-12,2012-10-18,"Y","L3","dune","1",0,0,0,0,0,0,0,0,0,0,0,0,0,0,0,0,"0","0","0","0","0","0","0","0",-Inf,-Inf,-Inf,-Inf,"0",3,9,2,6,3
"820","201213","Moana crt access (east edge)","MP","201213_Moana crt access (east edge)_1",145,171,171,2012-11-26,2012-12-22,2012-12-22,"Y","L2","dune","0",0,0,0,0,0,0,0,0,0,0,0,0,0,0,0,0,"1","0","0","0","0","0","0","0",2,-Inf,-Inf,-Inf,"0",1,26,1,0,0
"821","201213","Alison Ave east bay, Rye","MP","201213_Alison ave east Rye_1",170,170,182,2012-12-21,2012-12-21,2013-01-02,"Y","L3","dune","1",0,0,0,0,0,0,0,0,0,0,0,0,0,0,0,0,"0","0","0","0","0","0","0","0",-Inf,-Inf,-Inf,-Inf,"0",2,6,12,12,6
"822","201213","Rye Big Rock","MP","201213_Rye Big Rock_2",170,182,182,2012-12-21,2013-01-02,2013-01-02,"Y","L3","beach","0",0,0,0,0,0,0,0,0,0,0,0,0,0,0,0,0,"0","0","0","0","0","0","0","0",-Inf,-Inf,-Inf,-Inf,"0",1,12,1,0,0
"823","201213","St Andrews Boags Rocks","MP","201213_St Andrews Boags Rocks_1",104,104,114,2012-10-16,2012-10-16,2012-10-26,"Y","L2","foredune/face","1",0,0,0,0,0,0,0,0,0,0,0,0,0,0,0,0,"0","0","0","0","0","0","0","1",-Inf,-Inf,-Inf,2,"0",2,5,2,10,5
"824","201213","St Andrews Boags Rocks","MP","201213_St Andrews Boags Rocks_2",127,129,145,2012-11-08,2012-11-10,2012-11-26,"Y","L2","dune","1",0,0,0,0,0,6,0,0,0,0,0,0,0,12,0,0,"1","0","0","0","0","0","0","1",1,-Inf,-Inf,2,"0",2,10,6,16,8
"825","201213","Moana crt access west","MP","201213_Moana crt access west_2",99,129,130,2012-10-11,2012-11-10,2012-11-11,"N","L1","beach","1",3.5,0,0,0,0,0,0.5,0.5,7,0,0,0,0,0,1,1,"1","0","0","0","0","1","1","0",1,-Inf,-Inf,-Inf,"0",2,30.5,2,1,0.5
"826","201213","Moana crt access west","MP","201213_Moana crt access west_3",138,153,158,2012-11-19,2012-12-04,2012-12-09,"Y","L3","beach","1",0,0,0,0,0,0,0,2.5,0,0,0,0,0,0,0,5,"1","0","0","0","0","0","1","0",3,-Inf,-Inf,-Inf,"0",2,17.5,2,5,2.5
"827","201213","Rye car park east","MP","201213_Rye car park east_1",169,182,182,2012-12-20,2013-01-02,2013-01-02,"Y","L3","beach","0",0,0,0,0,0,0,0,0,0,0,0,0,0,0,0,0,"0","0","0","0","0","0","0","0",-Inf,-Inf,-Inf,-Inf,"0",1,13,1,0,0
"828","201213","Portsea Farnsworth/SLSC west","MP","201213_Portsea Farnsworth/SLSC west_2",179,199,199,2012-12-30,2013-01-19,2013-01-19,"Y","L3","beach","0",10,0,0,0,0,0,2,3,10,0,0,0,0,0,2,3,"1","0","0","0","0","1","1","0",3,-Inf,-Inf,-Inf,"1",1,20,1,0,0
"829","201213","Portsea SLSC east","MP","201213_Portsea SLSC east_1",170,170,179,2012-12-21,2012-12-21,2012-12-30,"N","L0","dune","1",0,0,0,0,0,0,1,0,0,0,0,0,0,0,2,0,"1","0","0","0","0","1","0","0",3,-Inf,-Inf,-Inf,"0",2,4.5,9,9,4.5
"830","201213","St Andrews carpark west","MP","201213_Moana crt east (St Andrews)_1",93,114,119,2012-10-05,2012-10-26,2012-10-31,"Y","L3","foredune/face","1",1.5,0,0,0,0,0,0,0,3,0,0,0,0,0,0,0,"1","0","0","0","0","0","0","0",2,-Inf,-Inf,-Inf,"1",2,23.5,2,5,2.5
"831","201213","St Andrews carpark west","MP","201213_Moana crt east (St Andrews)_2",145,153,158,2012-11-26,2012-12-04,2012-12-09,"Y","L3","beach","1",0,0,0,0,0,0,0,0,0,0,0,0,0,0,0,0,"0","0","0","0","0","0","0","0",-Inf,-Inf,-Inf,-Inf,"0",2,10.5,2,5,2.5
"832","201213","St Andrews carpark west","MP","201213_Moana crt east (St Andrews)_3",169,199,200,2012-12-20,2013-01-19,2013-01-20,"Y","L3","beach","0",0,0,0,0,0,0,0,0,0,0,0,0,0,0,0,0,"1","0","0","0","0","0","0","0",3,-Inf,-Inf,-Inf,"0",2,30.5,2,1,0.5
"833","201213","Portsea Franklin rd west","MP","201213_Portsea Franklin rd west_1",130,136,155,2012-11-11,2012-11-17,2012-12-06,"Y","L2","foredune/face","1",0,0,0,0,0,0,0,0,0,0,0,0,0,0,0,0,"1","0","0","0","0","0","0","0",1,-Inf,-Inf,-Inf,"0",2,15.5,6,19,9.5
"834","201213","Rye car park west","MP","201213_Rye car park west_2",170,170,182,2012-12-21,2012-12-21,2013-01-02,"Y","L3","foredune/face","1",0,0,0,0,0,0,0,0,0,0,0,0,0,0,0,0,"0","0","0","0","0","0","0","0",-Inf,-Inf,-Inf,-Inf,"0",2,6,12,12,6
"835","201213","Bushrangers Bay","MP","201213_Bushranger's Bay_1",194,225,239,2013-01-14,2013-02-14,2013-02-28,"N","L0","beach","1",0,0,0,0,0,0,0,0,0,0,0,0,0,0,0,0,"0","0","0","0","0","0","0","0",-Inf,-Inf,-Inf,-Inf,"0",2,38,4,14,7
"836","201213","Flinders, Mushroom Reef, HP","MP","201213_Flinders_1",131,131,138,2012-11-12,2012-11-12,2012-11-19,"Y","L3","beach","1",0,0,0,0,0,0,0,0,0,0,0,0,0,0,0,0,"0","0","0","0","0","0","0","0",-Inf,-Inf,-Inf,-Inf,"0",2,3.5,2,7,3.5
"837","201213","Montforts","MP","201213_Montforts_1",130,130,130,2012-11-11,2012-11-11,2012-11-11,"N","L0","dune","0",0,0,0,0,0,0,0,0,0,0,0,0,0,0,0,0,"0","0","0","0","0","0","0","0",-Inf,-Inf,-Inf,-Inf,"0",1,0,1,0,0
"838","201213","Point King Rd, Portsea","MP","201213_Point King Rd, Portsea_1",103,122,122,2012-10-15,2012-11-03,2012-11-03,"N","L0","beach","0",11,1,1,0,1,0,0,0,11,1,1,0,1,0,0,0,"1","1","1","0","1","0","0","0",2,1,-Inf,-Inf,"0",1,19,1,0,0
"839","201213","Point King Rd, Portsea","MP","201213_Point King Rd, Portsea_2",198,201,213,2013-01-18,2013-01-21,2013-02-02,"Y","L3","beach","1",0,0,0,0,0,0,0,0,0,0,0,0,0,0,0,0,"1","1","0","0","0","0","0","0",2,1,-Inf,-Inf,"0",2,9,9,12,6
"840","201213","Pt Nepean Monash Break","MP","201213_Monash Break_1",182,182,198,2013-01-02,2013-01-02,2013-01-18,"N","L0","beach","1",0,0,0,0,0,0,0,0,0,0,0,0,0,0,0,0,"0","0","0","0","0","0","0","0",-Inf,-Inf,-Inf,-Inf,"0",2,8,17,16,8
"841","201314","Gunnamatta 2nd territory","MP","201314_Gunnamatta Pair 2 (CE & ??)_1",162,169,169,2013-12-13,2013-12-20,2013-12-20,"Y","L3","foredune/face","0",0,0,0,0,0,0,0,0,0,0,0,0,0,0,0,0,"0","0","0","0","0","0","0","0",-Inf,-Inf,-Inf,-Inf,"0",1,7,0,0,0
"842","201314","Gunnamatta Fingal Tk (P4)","MP","201314_Gunnamatta Pair 4 (BJ & LS)_1",162,162,168,2013-12-13,2013-12-13,2013-12-19,"N","L0","beach","1",0,0,0,0,0,0,1,0,0,0,0,0,0,0,2,0,"1","1","0","0","0","1","0","0",1,1,-Inf,-Inf,"2",2,3,2,6,3
"843","201314","Gunnamatta Fingal Tk (P4)","MP","201314_Gunnamatta Pair 4 (BJ & LS)_2",169,169,187,2013-12-20,2013-12-20,2014-01-07,"N","L0","foredune/face","1",0,0,0,0,0,0,0,0,0,0,0,0,0,0,0,0,"0","0","0","0","0","0","0","0",-Inf,-Inf,-Inf,-Inf,"0",2,9,18,18,9
"844","201314","Gunnamatta Fingal Tk (P4)","MP","201314_Gunnamatta Pair 4 (BJ & LS)_3",209,209,214,2014-01-29,2014-01-29,2014-02-03,"N","L0","beach","1",0,0,0,0,0,0,2.5,4,0,0,0,0,0,0,5,8,"1","0","0","0","0","1","1","0",1,-Inf,-Inf,-Inf,"1",2,2.5,2,5,2.5
"845","201314","Koonya East","MP","201314_Koonya East_1",76,81,93,2013-09-18,2013-09-23,2013-10-05,"N","L1","foredune/face","1",0,0,0,0,0,0,0,0,0,0,0,0,0,0,0,0,"0","0","0","0","0","0","0","0",-Inf,-Inf,-Inf,-Inf,"0",2,11,13,12,6
"846","201314","Koonya East","MP","201314_Koonya East_3",140,155,155,2013-11-21,2013-12-06,2013-12-06,"Y","L3","beach","0",0,0,0,0,0,0,0,0,0,0,0,0,0,0,0,0,"0","0","0","0","0","0","0","0",-Inf,-Inf,-Inf,-Inf,"0",1,15,0,0,0
"847","201314","Koonya East","MP","201314_Koonya East_4",183,183,187,2014-01-03,2014-01-03,2014-01-07,"Y","L3","beach","1",0,0,0,0,0,0,0,0,0,0,0,0,0,0,0,0,"0","0","0","0","0","0","0","0",-Inf,-Inf,-Inf,-Inf,"0",2,2,5,4,2
"848","201314","Koonya West","MP","201314_Koonya West_1",77,77,80,2013-09-19,2013-09-19,2013-09-22,"N","L1","dune","1",0,0,0,0,0,0,0,0,0,0,0,0,0,0,0,0,"0","0","0","0","0","0","0","0",-Inf,-Inf,-Inf,-Inf,"0",2,1.5,2,3,1.5
"849","201314","Koonya West","MP","201314_Koonya West_2",120,120,128,2013-11-01,2013-11-01,2013-11-09,"N","L1","dune","1",0,0,0,0,0,0,0,0,0,0,0,0,0,0,0,0,"0","0","0","0","0","0","0","0",-Inf,-Inf,-Inf,-Inf,"0",2,4,4,8,4
"850","201314","Koonya West","MP","201314_Koonya West_3",140,163,168,2013-11-21,2013-12-14,2013-12-19,"Y","L3","beach","1",3.5,0,0,0,0,0,0,3.5,7,0,0,0,0,0,0,7,"1","1","1","0","0","0","1","0",2,1,1,-Inf,"0",2,25.5,2,5,2.5
"851","201314","Koonya West","MP","201314_Koonya West_4",187,210,210,2014-01-07,2014-01-30,2014-01-30,"Y","L3","beach","0",0,0,0,0,0,0,0,0,0,0,0,0,0,0,0,0,"0","0","0","0","0","0","0","0",-Inf,-Inf,-Inf,-Inf,"0",1,23,0,0,0
"852","201314","Portsea Franklin rd access","MP","201314_Portsea Franklin rd access (west edge)_1",100,117,117,2013-10-12,2013-10-29,2013-10-29,"Y","L2","foredune/face","0",0,0,0,0,0,0,0,0,0,0,0,0,0,0,0,0,"1","0","1","0","0","0","0","0",1,-Inf,1,-Inf,"0",1,17,0,0,0
"853","201314","Portsea Franklin rd access","MP","201314_Portsea Franklin rd access (west edge)_2",151,173,173,2013-12-02,2013-12-24,2013-12-24,"Y","L2","foredune/face","0",0,0,0,0,0,0,0,0,0,0,0,0,0,0,0,0,"0","0","0","0","0","0","0","0",-Inf,-Inf,-Inf,-Inf,"0",1,22,1,0,0
"854","201314","St. Andrews car park east","MP","201314_St. Andrews car park east_1",111,141,141,2013-10-23,2013-11-22,2013-11-22,"Y","L3","foredune/face","0",0,0,0,0,0,0,0,0,0,0,0,0,0,0,0,0,"0","0","0","0","0","0","0","0",-Inf,-Inf,-Inf,-Inf,"0",1,30,0,0,0
"855","201314","St. Andrews car park east","MP","201314_St. Andrews car park east_2",166,169,172,2013-12-17,2013-12-20,2013-12-23,"Y","L3","foredune/face","1",0,0,0,0,0,7,0,6,0,0,0,0,0,14,0,7,"1","0","0","0","0","0","1","1",1,-Inf,-Inf,2,"1",2,4.5,3,3,1.5
"856","201314","Gunnamatta Fingal Tk East (P5)","MP","201314_Gunnamatta Pair 5 (DU & ??)_1",168,169,188,2013-12-19,2013-12-20,2014-01-08,"N","L0","beach","1",0,0,0,0,0,0,0,0,0,0,0,0,0,0,0,0,"0","0","0","0","0","0","0","0",-Inf,-Inf,-Inf,-Inf,"0",2,10.5,19,19,9.5
"857","201314","Gunnamatta Fingal Tk East (P5)","MP","201314_Gunnamatta Pair 5 (DU & ??)_2",209,214,221,2014-01-29,2014-02-03,2014-02-10,"N","L0","beach","1",0,0,0,0,0,0,0,0,0,0,0,0,0,0,0,0,"0","0","0","0","0","0","0","0",-Inf,-Inf,-Inf,-Inf,"0",2,8.5,2,7,3.5
"858","201314","Gunnamatta Fingal Tk West","MP","201314_Gunnamatta Pair 3 (Unbanded)_1",188,188,190,2014-01-08,2014-01-08,2014-01-10,"N","L0","dune","1",0,0,0,0,0,0,0,0,0,0,0,0,0,0,0,0,"0","0","0","0","0","0","0","0",-Inf,-Inf,-Inf,-Inf,"0",2,1,3,2,1
"859","201314","Heyfield Pair 2 (east side) Rye","MP","201314_Heyfield Pair 2 (east side) Rye_1",96,116,116,2013-10-08,2013-10-28,2013-10-28,"Y","L3","foredune/face","0",1,0,1,0,1,0,0,0,1,0,1,0,1,0,0,0,"1","0","1","0","1","0","0","0",1,-Inf,1,-Inf,"0",1,20,0,0,0
"860","201314","Heyfield Pair 2 (east side) Rye","MP","201314_Heyfield Pair 2 (east side) Rye_2",148,159,165,2013-11-29,2013-12-10,2013-12-16,"Y","L3","foredune/face","1",0.5,0,0.5,0.5,0,0,0,0,1,0,1,1,0,0,0,0,"1","0","1","1","0","0","0","0",3,-Inf,1,-Inf,"0",2,14,2,6,3
"861","201314","Moana crt access (east edge)","MP","201314_Moana crt access (east edge)_1",144,144,155,2013-11-25,2013-11-25,2013-12-06,"Y","L2","dune","1",6.5,0,0,0,0,0,0,0,13,0,0,0,0,0,0,0,"1","0","1","0","0","0","0","0",2,-Inf,1,-Inf,"1",2,5.5,2,11,5.5
"862","201314","Alison Ave east bay, Rye","MP","201314_Alison ave east Rye_1",210,222,231,2014-01-30,2014-02-11,2014-02-20,"Y","L3","beach","1",0,0,0,0,0,0,0,0,0,0,0,0,0,0,0,0,"0","0","0","0","0","0","0","0",-Inf,-Inf,-Inf,-Inf,"0",2,16.5,2,9,4.5
"863","201314","Heyfield Pair 1 (west side) Rye","MP","201314_Heyfield Pair 1 (west side) Rye",97,97,98,2013-10-09,2013-10-09,2013-10-10,"Y","L3","dune","1",0,0,0,0,0,0,0,0,0,0,0,0,0,0,0,0,"0","0","0","0","0","0","0","0",-Inf,-Inf,-Inf,-Inf,"0",2,0.5,0,1,0.5
"864","201314","St Andrews Boags Rocks","MP","201314_St Andrews Boags Rocks_1",74,83,95,2013-09-16,2013-09-25,2013-10-07,"N","L1","dune","1",4,0,1,0,1,2.5,0,0,6,0,2,0,2,5,0,0,"1","0","1","0","1","0","0","1",2,-Inf,1,2,"1",2,15,12,12,6
"865","201314","St Andrews Boags Rocks","MP","201314_St Andrews Boags Rocks_2",103,130,138,2013-10-15,2013-11-11,2013-11-19,"Y","L3","dune","1",2,0,0,0,0,0,0,0,2,0,0,0,0,0,0,0,"1","0","1","0","0","0","0","1",1,-Inf,1,1,"1",2,31,2,8,4
"866","201314","St Andrews Boags Rocks","MP","201314_St Andrews Boags Rocks_3",159,166,182,2013-12-10,2013-12-17,2014-01-02,"Y","L3","dune","1",1,0,0,0,0,1.5,0,2,2,0,0,0,0,3,0,4,"1","0","1","0","0","0","1","1",2,-Inf,1,2,"1",2,15,13,16,8
"867","201314","St Andrews Boags Rocks","MP","201314_St Andrews Boags Rocks_4",182,184,187,2014-01-02,2014-01-04,2014-01-07,"Y","L2","foredune/face","1",0,0,0,0,0,0,0,0,0,0,0,0,0,0,0,0,"1","0","0","0","0","0","0","1",1,-Inf,-Inf,1,"1",2,3.5,4,3,1.5
"868","201314","St Andrews Boags Rocks","MP","201314_St Andrews Boags Rocks_5",208,238,238,2014-01-28,2014-02-27,2014-02-27,"Y","L2","foredune/face","0",0,0,0,0,0,0,0,0,0,0,0,0,0,0,0,0,"1","0","0","0","0","0","0","1",1,-Inf,-Inf,1,"1",1,30,0,0,0
"869","201314","Moana crt access west","MP","201314_Moana crt access west_1",103,123,130,2013-10-15,2013-11-04,2013-11-11,"Y","L2","dune","1",6.5,0,0,0,0,0,1,1.5,9,0,0,0,0,0,1,3,"1","0","1","0","0","1","1","0",2,-Inf,2,-Inf,"1",2,23.5,3,7,3.5
"870","201314","Moana crt access west","MP","201314_Moana crt access west_2",138,166,166,2013-11-19,2013-12-17,2013-12-17,"Y","L3","beach","0",2,0,0,0,0,0,0,0,2,0,0,0,0,0,0,0,"1","0","1","0","0","0","0","0",1,-Inf,1,-Inf,"1",1,28,0,0,0
"871","201314","Fowlers","MP","201314_Fowlers_1",147,155,160,2013-11-28,2013-12-06,2013-12-11,"N","L0","foredune/face","1",0,0,0,0,0,0,0,0,0,0,0,0,0,0,0,0,"0","0","0","0","0","0","0","0",-Inf,-Inf,-Inf,-Inf,"0",2,10.5,2,5,2.5
"872","201314","Fowlers","MP","201314_Fowlers_2",168,176,187,2013-12-19,2013-12-27,2014-01-07,"N","L0","beach","1",1.5,0,0.5,0.5,0,0,0,0,3,0,1,1,0,0,0,0,"1","0","1","1","0","0","0","0",1,-Inf,1,-Inf,"0",2,13.5,12,11,5.5
"873","201314","Fowlers","MP","201314_Fowlers_3",203,223,223,2014-01-23,2014-02-12,2014-02-12,"N","L0","beach","0",0,0,0,0,0,0,0,0,0,0,0,0,0,0,0,0,"0","0","0","0","0","0","0","0",-Inf,-Inf,-Inf,-Inf,"0",1,20,0,0,0
"874","201314","Portsea Farnsworth/SLSC west","MP","201314_Portsea Farnsworth/SLSC west_1",187,202,202,2014-01-07,2014-01-22,2014-01-22,"Y","L3","foredune/face","0",0,0,0,0,0,0,0,0,0,0,0,0,0,0,0,0,"0","0","0","0","0","0","0","0",-Inf,-Inf,-Inf,-Inf,"0",1,15,1,0,0
"875","201314","St Andrews carpark west","MP","201314_Moana crt east (St Andrews)_1",110,140,140,2013-10-22,2013-11-21,2013-11-21,"Y","L3","dune","0",1,0,0,0,0,0,0,0,1,0,0,0,0,0,0,0,"1","0","1","0","0","0","0","0",1,-Inf,1,-Inf,"1",1,30,0,0,0
"876","201314","St Andrews carpark west","MP","201314_Moana crt east (St Andrews)_2",176,182,184,2013-12-27,2014-01-02,2014-01-04,"Y","L3","beach","1",2.33333333333333,0,0,0,0,0,0,0,5,0,0,0,0,0,0,0,"1","0","1","0","0","0","0","0",2,-Inf,2,-Inf,"1",3,7,3,2,1
"877","201314","Rye car park west","MP","201314_Rye car park west_1",137,140,140,2013-11-18,2013-11-21,2013-11-21,"N","L1","dune","0",0,0,0,0,0,0,0,1,0,0,0,0,0,0,0,1,"1","0","0","0","0","0","1","0",1,-Inf,-Inf,-Inf,"0",1,3,0,0,0
"878","201314","Rye car park west","MP","201314_Rye car park west_2",162,188,188,2013-12-13,2014-01-08,2014-01-08,"N","L1","dune","0",0,0,0,0,0,0,0,0,0,0,0,0,0,0,0,0,"0","0","0","0","0","0","0","0",-Inf,-Inf,-Inf,-Inf,"0",1,26,1,0,0
"879","201314","Flinders, Mushroom Reef, HP","MP","201314_Flinders_1",158,158,160,2013-12-09,2013-12-09,2013-12-11,"N","L0","beach","1",0,0,0,0,0,0,0,1,0,0,0,0,0,0,0,2,"1","0","0","0","0","0","1","0",1,-Inf,-Inf,-Inf,"1",2,1,0,2,1
"880","201314","Montforts","MP","201314_Montforts_1",108,119,130,2013-10-20,2013-10-31,2013-11-11,"N","L1","foredune/face","1",0,0,0,0,0,0,0,0,0,0,0,0,0,0,0,0,"0","0","0","0","0","0","0","0",-Inf,-Inf,-Inf,-Inf,"0",2,16.5,5,11,5.5
"881","201314","Montforts","MP","201314_Montforts_2",140,140,147,2013-11-21,2013-11-21,2013-11-28,"N","L1","dune","1",0,0,0,0,0,0,0,0,0,0,0,0,0,0,0,0,"1","0","0","0","0","0","0","0",2,-Inf,-Inf,-Inf,"0",2,3.5,2,7,3.5
"882","201314","Montforts","MP","201314_Montforts_3",155,160,176,2013-12-06,2013-12-11,2013-12-27,"N","L1","dune","1",2.25,0,0,0,0,0,0,2.75,9,0,0,0,0,0,0,11,"1","0","1","0","0","0","1","0",3,-Inf,1,-Inf,"0",4,13,9,16,8
"883","201314","Montforts","MP","201314_Montforts_4",191,191,199,2014-01-11,2014-01-11,2014-01-19,"Y","L3","dune","1",1,0,0,0,0,0,0,0,2,0,0,0,0,0,0,0,"1","0","0","0","0","0","0","0",2,-Inf,-Inf,-Inf,"0",2,4,9,8,4
"884","201314","Point King Rd, Portsea","MP","201314_Point King Rd, Portsea_1",114,128,128,2013-10-26,2013-11-09,2013-11-09,"Y","L3","beach","0",0,0,0,0,0,0,0,0,0,0,0,0,0,0,0,0,"0","0","0","0","0","0","0","0",-Inf,-Inf,-Inf,-Inf,"0",1,14,1,0,0
"885","201314","Point King Rd, Portsea","MP","201314_Point King Rd, Portsea_2",146,175,175,2013-11-27,2013-12-26,2013-12-26,"Y","L3","beach","0",0,0,0,0,0,0,0,0,0,0,0,0,0,0,0,0,"0","0","0","0","0","0","0","0",-Inf,-Inf,-Inf,-Inf,"0",1,29,1,0,0
"886","201415","Gunnamatta 2nd territory","MP","201415_Gunnamatta Pair 3_2",192,203,208,2015-01-12,2015-01-23,2015-01-28,"Y","L3","foredune/face","1",0,0,0,0,0,0,0,0,0,0,0,0,0,0,0,0,"0","0","0","0","0","0","0","0",-Inf,-Inf,-Inf,-Inf,"0",2,13.5,5,5,2.5
"887","201415","Gunnamatta Fingal Tk (P4)","MP","201415_Gunnamatta Pair 4 (BJ & LS)_1",150,168,168,2014-12-01,2014-12-19,2014-12-19,"Y","L3","beach","0",0,0,0,0,0,0,0,0,0,0,0,0,0,0,0,0,"0","0","0","0","0","0","0","0",-Inf,-Inf,-Inf,-Inf,"0",1,18,0,0,0
"888","201415","Gunnamatta Fingal Tk (P4)","MP","201415_Gunnamatta Pair 4 (BJ & LS)_2",201,203,208,2015-01-21,2015-01-23,2015-01-28,"Y","L3","beach","1",0,0,0,0,0,0,0,0,0,0,0,0,0,0,0,0,"0","0","0","0","0","0","0","0",-Inf,-Inf,-Inf,-Inf,"0",2,4.5,5,5,2.5
"889","201415","Koonya East","MP","201415_Koonya East_1",125,145,145,2014-11-06,2014-11-26,2014-11-26,"N","L0","dune","0",10,0,0,0,0,0,0,6,10,0,0,0,0,0,0,6,"1","0","0","0","0","0","1","0",-Inf,-Inf,-Inf,-Inf,"0",1,20,0,0,0
"890","201415","Koonya East","MP","201415_Koonya East_2",208,234,234,2015-01-28,2015-02-23,2015-02-23,"N","L1","dune","0",0,0,0,0,0,0,0,0,0,0,0,0,0,0,0,0,"0","0","0","0","0","0","0","0",-Inf,-Inf,-Inf,-Inf,"0",1,26,0,0,0
"891","201415","Koonya West","MP","201415_Koonya West_2",115,115,118,2014-10-27,2014-10-27,2014-10-30,"Y","L3","beach","1",0,0,0,0,0,0,0,0,0,0,0,0,0,0,0,0,"0","0","0","0","0","0","0","0",-Inf,-Inf,-Inf,-Inf,"0",2,1.5,0,3,1.5
"892","201415","Koonya West","MP","201415_Koonya West_3",145,153,159,2014-11-26,2014-12-04,2014-12-10,"Y","L3","foredune/face","1",0,0,0,0,0,0,0,1,0,0,0,0,0,0,0,2,"1","0","0","0","0","0","1","0",2,-Inf,-Inf,-Inf,"0",2,11,2,6,3
"893","201415","Koonya West","MP","201415_Koonya West_4",166,182,184,2014-12-17,2015-01-02,2015-01-04,"Y","L3","foredune/face","1",5.5,0,0.5,0.5,0,0,0,4.5,11,0,1,1,0,0,0,9,"1","0","1","1","0","0","1","0",-Inf,-Inf,-Inf,-Inf,"0",2,17,3,2,1
"894","201415","Koonya West","MP","201415_Koonya West_5",195,212,217,2015-01-15,2015-02-01,2015-02-06,"Y","L3","dune","1",0,0,0,0,0,0,0,0,0,0,0,0,0,0,0,0,"0","0","0","0","0","0","0","0",-Inf,-Inf,-Inf,-Inf,"0",2,19.5,1,5,2.5
"895","201415","Koonya West","MP","201415_Koonya West_6",225,225,229,2015-02-14,2015-02-14,2015-02-18,"N","L1","foredune/face","1",1,0,0,0,0,0,0,0,2,0,0,0,0,0,0,0,"1","0","0","0","0","0","0","0",3,-Inf,-Inf,-Inf,"1",2,2,2,4,2
"896","201415","Portsea Franklin rd access","MP","201415_Portsea Franklin rd access_1",88,97,105,2014-09-30,2014-10-09,2014-10-17,"N","L1","foredune/face","1",0,0,0,0,0,0,1.5,3.5,0,0,0,0,0,0,3,7,"1","0","0","0","0","1","1","0",1,-Inf,-Inf,-Inf,"0",2,13,2,8,4
"897","201415","Portsea Franklin rd access","MP","201415_Portsea Franklin rd access_2",126,141,147,2014-11-07,2014-11-22,2014-11-28,"N","L1","foredune/face","1",0,0,0,0,0,0,2,0,0,0,0,0,0,0,4,0,"1","0","1","0","0","1","0","0",3,-Inf,1,-Inf,"0",2,18,2,6,3
"898","201415","Portsea Franklin rd access","MP","201415_Portsea Franklin rd access_3",177,177,177,2014-12-28,2014-12-28,2014-12-28,"Y","L3","beach","0",0,0,0,0,0,0,0,0,0,0,0,0,0,0,0,0,"1","0","0","0","0","0","0","0",2,-Inf,-Inf,-Inf,"0",1,0,1,0,0
"899","201415","St. Andrews car park east","MP","201415_St. Andrews car park east_1",110,116,117,2014-10-22,2014-10-28,2014-10-29,"Y","L3","foredune/face","1",1.5,0,0,0,0,0,5,7.5,3,0,0,0,0,0,10,10,"1","0","0","0","0","1","1","0",-Inf,-Inf,-Inf,-Inf,"1",2,6.5,0,1,0.5
"900","201415","St. Andrews car park east","MP","201415_St. Andrews car park east_2",132,151,151,2014-11-13,2014-12-02,2014-12-02,"Y","L3","beach","0",0,0,0,0,0,0,0,0,0,0,0,0,0,0,0,0,"1","1","0","0","0","0","0","1",1,1,-Inf,1,"1",1,19,0,0,0
"901","201415","St. Andrews car park east","MP","201415_St. Andrews car park east_3",187,203,207,2015-01-07,2015-01-23,2015-01-27,"Y","L3","beach","1",0,0,0,0,0,0,0,2,0,0,0,0,0,0,0,4,"1","0","0","0","0","0","1","1",3,-Inf,-Inf,2,"1",2,18,5,4,2
"902","201415","Gunida Crt Rye","MP","201415_Gunida Crt Rye_1",158,184,184,2014-12-09,2015-01-04,2015-01-04,"Y","L3","dune","0",2,0,0,0,0,0,0,0,2,0,0,0,0,0,0,0,"1","0","0","0","0","0","0","0",-Inf,-Inf,-Inf,-Inf,"0",1,26,1,0,0
"903","201415","Gunnamatta Fingal Tk East (P5)","MP","201415_Gunnamatta Pair 5 (DU)_1",150,173,178,2014-12-01,2014-12-24,2014-12-29,"N","L1","beach","1",0,0,0,0,0,0,0,0,0,0,0,0,0,0,0,0,"0","0","0","0","0","0","0","0",-Inf,-Inf,-Inf,-Inf,"0",2,25.5,6,5,2.5
"904","201415","Gunnamatta Fingal Tk East (P5)","MP","201415_Gunnamatta Pair 5 (DU)_2",188,203,208,2015-01-08,2015-01-23,2015-01-28,"N","L0","beach","1",0,0,0,0,0,0,0,0,0,0,0,0,0,0,0,0,"0","0","0","0","0","0","0","0",-Inf,-Inf,-Inf,-Inf,"0",2,17.5,5,5,2.5
"905","201415","Gunnamatta Fingal Tk West","MP","201415_Gunnamatta Fingal.Tk.West_1",192,203,208,2015-01-12,2015-01-23,2015-01-28,"Y","L3","beach","1",0,0,0,0,0,0,0,0,0,0,0,0,0,0,0,0,"0","0","0","0","0","0","0","0",-Inf,-Inf,-Inf,-Inf,"0",2,13.5,5,5,2.5
"906","201415","Gunnamatta SLSC Far East (P1)","MP","201415_Gunnamatta Pair 1_1",151,164,168,2014-12-02,2014-12-15,2014-12-19,"Y","L3","beach","1",0,0,0,0,0,0,0,0,0,0,0,0,0,0,0,0,"0","0","0","0","0","0","0","0",-Inf,-Inf,-Inf,-Inf,"0",2,15,0,4,2
"907","201415","Gunnamatta SLSC Far East (P1)","MP","201415_Gunnamatta Pair 1_2",178,178,185,2014-12-29,2014-12-29,2015-01-05,"Y","L3","beach","1",0,0,0,0,0,0,0,0,0,0,0,0,0,0,0,0,"0","0","0","0","0","0","0","0",-Inf,-Inf,-Inf,-Inf,"0",2,3.5,8,7,3.5
"908","201415","Heyfield Pair 2 (east side) Rye","MP","201415_Heyfield Pair 2 (east side) Rye_1",94,107,107,2014-10-06,2014-10-19,2014-10-19,"Y","L3","beach","0",1,0,1,1,0,0,0,0,1,0,1,1,0,0,0,0,"1","0","1","1","0","0","0","0",3,-Inf,2,-Inf,"0",1,13,1,0,0
"909","201415","Heyfield Pair 2 (east side) Rye","MP","201415_Heyfield Pair 2 (east side) Rye_2",186,186,187,2015-01-06,2015-01-06,2015-01-07,"Y","L3","foredune/face","1",0,0,1.5,0,1.5,0,0,0,0,0,3,0,3,0,0,0,"1","0","1","0","1","0","0","0",3,-Inf,3,-Inf,"3",2,0.5,2,1,0.5
"910","201415","Moana crt access (east edge)","MP","201415_Moana crt access (east edge)_1",101,123,123,2014-10-13,2014-11-04,2014-11-04,"N","L1","dune","0",0,0,0,0,0,0,1,0,0,0,0,0,0,0,1,0,"0","0","0","0","0","1","0","0",-Inf,-Inf,-Inf,-Inf,"0",1,22,1,0,0
"911","201415","Moana crt access (east edge)","MP","201415_Moana crt access (east edge)_2",146,173,173,2014-11-27,2014-12-24,2014-12-24,"Y","L2","dune","0",0,0,0,0,0,0,0,0,0,0,0,0,0,0,0,0,"0","0","0","0","0","0","0","0",-Inf,-Inf,-Inf,-Inf,"0",1,27,1,0,0
"912","201415","Moana crt access (east edge)","MP","201415_Moana crt access (east edge)_3",187,217,217,2015-01-07,2015-02-06,2015-02-06,"N","L1","dune","0",1,0,1,1,0,0,0,6,1,0,1,1,0,0,0,6,"1","0","1","1","0","0","1","0",-Inf,-Inf,-Inf,-Inf,"0",1,30,0,0,0
"913","201415","Portsea Sphinx rocks","MP","201415_Portsea Sphinx rocks_1",84,84,84,2014-09-26,2014-09-26,2014-09-26,"N","L1","dune","0",2,0,0,0,0,0,0,0,2,0,0,0,0,0,0,0,"1","0","0","0","0","0","0","0",-Inf,-Inf,-Inf,-Inf,"0",1,0,1,0,0
"914","201415","Portsea Sphinx rocks","MP","201415_Portsea Sphinx rocks_2",162,184,189,2014-12-13,2015-01-04,2015-01-09,"Y","L3","beach","1",5.5,0.5,0,0,0,0,2,2,11,1,0,0,0,0,4,4,"1","1","0","0","0","1","1","0",3,-Inf,-Inf,-Inf,"0",2,24.5,6,5,2.5
"915","201415","Rye Big Rock","MP","201415_Rye Big Rock_2",192,203,207,2015-01-12,2015-01-23,2015-01-27,"Y","L3","beach","1",3,0,0,0,0,0,0,1,5,0,0,0,0,0,0,2,"1","0","1","0","0","0","1","0",3,-Inf,1,-Inf,"1",2,13,5,4,2
"916","201415","St Andrews Boags Rocks","MP","201415_St Andrews Boags Rocks_2",132,142,146,2014-11-13,2014-11-23,2014-11-27,"Y","L3","foredune/face","1",2,0,1,0,1,0,0,0,4,0,2,0,2,0,0,0,"1","0","1","0","1","0","0","0",3,-Inf,2,-Inf,"0",2,12,1,4,2
"917","201415","St Andrews Boags Rocks","MP","201415_St Andrews Boags Rocks_4",187,203,207,2015-01-07,2015-01-23,2015-01-27,"Y","L3","beach","1",0,0,0,0,0,0,0,4,0,0,0,0,0,0,0,4,"1","0","0","0","0","0","1","1",3,-Inf,-Inf,2,"1",2,18,5,4,2
"918","201415","St Andrews Boags Rocks","MP","201415_St Andrews Boags Rocks_5",213,220,227,2015-02-02,2015-02-09,2015-02-16,"Y","L3","beach","1",2,0,0,0,0,0,0,10,4,0,0,0,0,0,0,12,"1","0","0","0","0","0","1","1",2,-Inf,-Inf,2,"1",2,10.5,2,7,3.5
"919","201415","Moana crt access west","MP","201415_Moana crt access west_1",82,101,110,2014-09-24,2014-10-13,2014-10-22,"Y","L2","dune","1",10.5,0,0,0,0,0,0.5,2,21,0,0,0,0,0,1,4,"1","0","1","0","0","1","1","0",1,-Inf,1,-Inf,"1",2,23.5,2,9,4.5
"920","201415","Moana crt access west","MP","201415_Moana crt access west_2",116,117,117,2014-10-28,2014-10-29,2014-10-29,"Y","L3","dune","1",1,0,0,0,0,0,0,0,1,0,0,0,0,0,0,0,"1","0","1","0","0","0","0","0",-Inf,-Inf,1,-Inf,"1",1,1,0,0,0
"921","201415","Moana crt access west","MP","201415_Moana crt access west_3",122,122,132,2014-11-03,2014-11-03,2014-11-13,"N","L1","dune","1",0.5,0,1,0,1,0,0,4,1,0,2,0,2,0,0,8,"1","0","1","0","1","0","1","0",1,-Inf,1,-Inf,"1",2,5,3,10,5
"922","201415","Moana crt access west","MP","201415_Moana crt access west_4",146,177,179,2014-11-27,2014-12-28,2014-12-30,"Y","L3","dune","1",2,0,0,0,0,0,0,1.5,4,0,0,0,0,0,0,3,"1","0","1","0","0","0","1","0",3,-Inf,3,-Inf,"1",2,32,3,2,1
"923","201415","Moana crt access west","MP","201415_Moana crt access west_5",199,213,220,2015-01-19,2015-02-02,2015-02-09,"Y","L3","dune","1",0.5,0,0.5,0.5,0,0,0,0.5,1,0,1,1,0,0,0,1,"1","0","1","1","0","0","1","0",3,-Inf,2,-Inf,"1",2,17.5,2,7,3.5
"924","201415","Rye car park east","MP","201415_Rye car park east_1",163,170,170,2014-12-14,2014-12-21,2014-12-21,"Y","L3","dune","0",8,0,0,0,0,0,0,3,8,0,0,0,0,0,0,3,"1","0","0","0","0","0","1","0",-Inf,-Inf,-Inf,-Inf,"0",1,7,1,0,0
"925","201415","Fowlers","MP","201415_Fowlers_1",85,95,104,2014-09-27,2014-10-07,2014-10-16,"Y","L3","beach","1",0,0,0,0,0,0,0,1,0,0,0,0,0,0,0,2,"1","0","1","0","0","0","1","0",1,-Inf,1,-Inf,"0",2,14.5,3,9,4.5
"926","201415","Fowlers","MP","201415_Fowlers_2",125,151,151,2014-11-06,2014-12-02,2014-12-02,"Y","L3","beach","0",0,0,0,0,0,0,0,0,0,0,0,0,0,0,0,0,"0","0","0","0","0","0","0","0",-Inf,-Inf,-Inf,-Inf,"0",1,26,0,0,0
"927","201415","Fowlers","MP","201415_Fowlers_3",200,202,208,2015-01-20,2015-01-22,2015-01-28,"Y","L3","beach","1",0,0,0,0,0,0,0,0,0,0,0,0,0,0,0,0,"0","0","0","0","0","0","0","0",-Inf,-Inf,-Inf,-Inf,"0",2,5,6,6,3
"928","201415","Fowlers","MP","201415_Fowlers_4",217,241,241,2015-02-06,2015-03-02,2015-03-02,"Y","L3","beach","0",0,0,0,0,0,0,0,0,0,0,0,0,0,0,0,0,"0","0","0","0","0","0","0","0",-Inf,-Inf,-Inf,-Inf,"0",1,24,0,0,0
"929","201415","Portsea Farnsworth/SLSC west","MP","201415_Portsea Farnsworth/SLSC west_1",84,97,97,2014-09-26,2014-10-09,2014-10-09,"Y","L3","foredune/face","0",0,0,0,0,0,0,0,0,0,0,0,0,0,0,0,0,"1","0","0","0","0","0","0","0",1,-Inf,-Inf,-Inf,"0",1,13,0,0,0
"930","201415","Portsea Farnsworth/SLSC west","MP","201415_Portsea Farnsworth/SLSC west_2",177,195,199,2014-12-28,2015-01-15,2015-01-19,"Y","L3","dune","1",3.33333333333333,0,0,0,0,0,0,4.66666666666667,10,0,0,0,0,0,0,14,"1","0","0","0","0","0","1","0",2,-Inf,-Inf,-Inf,"0",3,20,5,4,2
"931","201415","St Andrews carpark west","MP","201415_St Andrews carpark west_1",158,167,172,2014-12-09,2014-12-18,2014-12-23,"Y","L3","beach","1",7.5,0,2,2,0,0,0,1,13,0,4,4,0,0,0,2,"1","0","1","1","0","0","1","0",2,-Inf,2,-Inf,"1",2,11.5,4,5,2.5
"932","201415","St Andrews carpark west","MP","201415_St Andrews carpark west_2",172,172,179,2014-12-23,2014-12-23,2014-12-30,"Y","L3","beach","1",1,0,0,0,0,0,0,0,2,0,0,0,0,0,0,0,"1","0","1","0","0","0","0","0",2,-Inf,2,-Inf,"1",2,3.5,8,7,3.5
"933","201415","St Andrews carpark west","MP","201415_St Andrews carpark west_3",184,224,227,2015-01-04,2015-02-13,2015-02-16,"Y","L3","dune","1",0,0,0,0,0,0,0,1.5,0,0,0,0,0,0,0,3,"1","0","1","0","0","0","1","0",2,-Inf,2,-Inf,"1",2,41.5,2,3,1.5
"934","201415","Portsea Franklin rd west","MP","201415_Portsea Franklin rd west_1",65,84,97,2014-09-07,2014-09-26,2014-10-09,"N","L1","foredune/face","1",0.333333333333333,0,0,0,0,0,0.666666666666667,0,1,0,0,0,0,0,2,0,"1","0","0","0","0","1","0","0",1,-Inf,-Inf,-Inf,"0",3,25.5,12,13,6.5
"935","201415","Portsea Franklin rd west","MP","201415_Portsea Franklin rd west_2",126,126,144,2014-11-07,2014-11-07,2014-11-25,"N","L1","dune","1",0.666666666666667,0,0,0,0,0,2.66666666666667,1,2,0,0,0,0,0,5,3,"1","0","1","0","0","1","1","0",3,-Inf,1,-Inf,"0",3,9,6,18,9
"936","201415","Portsea Franklin rd west","MP","201415_Portsea Franklin rd west_3",178,184,198,2014-12-29,2015-01-04,2015-01-18,"N","L1","foredune/face","1",0,0,0,0,0,0,0,0,0,0,0,0,0,0,0,0,"1","0","0","0","0","0","0","0",2,-Inf,-Inf,-Inf,"0",3,13,15,14,7
"937","201415","Portsea Franklin rd west","MP","201415_Portsea Franklin rd west_4",205,225,225,2015-01-25,2015-02-14,2015-02-14,"Y","L2","foredune/face","0",0,0,0,0,0,0,0,0,0,0,0,0,0,0,0,0,"0","0","0","0","0","0","0","0",-Inf,-Inf,-Inf,-Inf,"0",1,20,1,0,0
"938","201415","Rye car park west","MP","201415_Rye car park west_1",158,173,177,2014-12-09,2014-12-24,2014-12-28,"Y","L3","dune","1",2,0,0,0,0,0,0,0,4,0,0,0,0,0,0,0,"1","0","0","0","0","0","0","0",-Inf,-Inf,-Inf,-Inf,"0",2,17,5,4,2
"939","201415","Montforts","MP","201415_Montforts_1",98,115,118,2014-10-10,2014-10-27,2014-10-30,"N","L0","dune","1",0,0,0,0,0,0,0,0,0,0,0,0,0,0,0,0,"0","0","0","0","0","0","0","0",-Inf,-Inf,-Inf,-Inf,"0",2,18.5,0,3,1.5
"940","201415","Montforts","MP","201415_Montforts_2",125,137,145,2014-11-06,2014-11-18,2014-11-26,"N","L0","dune","1",0,0,0,0,0,0,0,0,0,0,0,0,0,0,0,0,"0","0","0","0","0","0","0","0",-Inf,-Inf,-Inf,-Inf,"0",2,16,2,8,4
"941","201415","Montforts","MP","201415_Montforts_3",151,151,154,2014-12-02,2014-12-02,2014-12-05,"N","L0","dune","1",0,0,0,0,0,0,0,1.5,0,0,0,0,0,0,0,3,"0","0","0","0","0","0","1","0",-Inf,-Inf,-Inf,-Inf,"0",2,1.5,0,3,1.5
"942","201415","Montforts","MP","201415_Montforts_4",166,172,176,2014-12-17,2014-12-23,2014-12-27,"Y","L3","beach","1",0,0,1,0,1,0,0,0,0,0,2,0,2,0,0,0,"1","0","1","0","1","0","0","0",3,-Inf,1,-Inf,"0",2,8,5,4,2
"943","201415","Montforts","MP","201415_Montforts_5",184,203,208,2015-01-04,2015-01-23,2015-01-28,"Y","L3","beach","1",0,0,0,0,0,0,0,0,0,0,0,0,0,0,0,0,"0","0","0","0","0","0","0","0",-Inf,-Inf,-Inf,-Inf,"0",2,21.5,5,5,2.5
"944","201415","Montforts","MP","201415_Montforts_6",217,225,234,2015-02-06,2015-02-14,2015-02-23,"Y","L3","beach","1",0,0,0,0,0,0,0,0,0,0,0,0,0,0,0,0,"1","0","1","0","0","0","0","0",2,-Inf,1,-Inf,"0",2,12.5,4,9,4.5
"945","201516","Gunnamatta 2nd territory","MP","201516_Gunnamatta Pair 3_1",96,114,115,2015-10-08,2015-10-26,2015-10-27,"Y","L3","foredune/face","1",0,0,0,0,0,0,2,6,0,0,0,0,0,0,2,8,"1","0","0","0","0","1","1","0",2,-Inf,-Inf,-Inf,"0",2,18.5,0,1,0.5
"946","201516","Gunnamatta 2nd territory","MP","201516_Gunnamatta Pair 3_2",163,173,173,2015-12-14,2015-12-24,2015-12-24,"Y","L3","foredune/face","0",8,0,0,0,0,0,2,2,8,0,0,0,0,0,2,2,"1","0","0","0","0","1","1","0",2,-Inf,-Inf,-Inf,"0",1,10,1,0,0
"947","201516","Gunnamatta Fingal Tk (P4)","MP","201516_Gunnamatta Pair 4 (BJ & LS)_1",114,115,117,2015-10-26,2015-10-27,2015-10-29,"Y","L3","foredune/face","1",0,0,0,0,0,0,0.5,4,0,0,0,0,0,0,1,4,"1","0","0","0","0","1","1","0",1,-Inf,-Inf,-Inf,"0",2,2,0,2,1
"948","201516","Gunnamatta Fingal Tk (P4)","MP","201516_Gunnamatta Pair 4 (BJ & LS)_2",123,138,142,2015-11-04,2015-11-19,2015-11-23,"Y","L3","beach","1",1,0,0,0,0,0,0,0,2,0,0,0,0,0,0,0,"1","0","0","0","0","0","0","0",1,-Inf,-Inf,-Inf,"2",2,17,2,4,2
"949","201516","Gunnamatta Fingal Tk (P4)","MP","201516_Gunnamatta Pair 4 (BJ & LS)_3",166,186,190,2015-12-17,2016-01-06,2016-01-10,"Y","L3","beach","1",0,0,0,0,0,0,0,1,0,0,0,0,0,0,0,2,"1","0","0","0","0","0","1","0",2,-Inf,-Inf,-Inf,"2",2,22,5,4,2
"950","201516","Koonya East","MP","201516_Koonya East_1",136,142,146,2015-11-17,2015-11-23,2015-11-27,"Y","L3","beach","1",1.5,0,0.5,0.5,0,0,0,0,3,0,1,1,0,0,0,0,"1","0","1","1","0","0","0","0",2,-Inf,1,-Inf,"0",2,8,0,4,2
"951","201516","Koonya East","MP","201516_Koonya East_2",164,184,185,2015-12-15,2016-01-04,2016-01-05,"Y","L3","dune","1",26.5,0,0.5,0.5,0,0,0,0,35,0,1,1,0,0,0,0,"1","0","1","1","0","0","0","0",3,-Inf,2,-Inf,"0",2,20.5,2,1,0.5
"952","201516","Koonya West","MP","201516_Koonya West_1",136,139,140,2015-11-17,2015-11-20,2015-11-21,"Y","L3","beach","1",1,0,0,0,0,0,0,7.5,2,0,0,0,0,0,0,15,"1","0","1","0","0","0","1","0",3,-Inf,2,-Inf,"0",2,3.5,1,1,0.5
"953","201516","Koonya West","MP","201516_Koonya West_3",212,218,218,2016-02-01,2016-02-07,2016-02-07,"Y","L2","foredune/face","1",16,0,2,0,2,0,0,0,16,0,2,0,2,0,0,0,"1","0","1","0","1","0","0","0",3,-Inf,1,-Inf,"0",1,6,1,0,0
"954","201516","Portsea Franklin rd access","MP","201516_Portsea Franklin rd access_1",90,121,121,2015-10-02,2015-11-02,2015-11-02,"Y","L2","dune","0",0,0,0,0,0,0,0,4,0,0,0,0,0,0,0,4,"1","0","0","0","0","0","1","0",1,-Inf,-Inf,-Inf,"0",1,31,0,0,0
"955","201516","Portsea Franklin rd access","MP","201516_Portsea Franklin rd access_2",141,147,149,2015-11-22,2015-11-28,2015-11-30,"N","L1","dune","1",0,0,0,0,0,0,10.5,3,0,0,0,0,0,0,14,4,"1","0","1","0","0","1","1","0",1,-Inf,1,-Inf,"0",2,7,2,2,1
"956","201516","Portsea Franklin rd access","MP","201516_Portsea Franklin rd access_3",155,171,171,2015-12-06,2015-12-22,2015-12-22,"Y","L3","beach","0",1,0,0,0,0,0,7,0,1,0,0,0,0,0,7,0,"1","0","0","0","0","1","0","0",1,-Inf,-Inf,-Inf,"0",1,16,1,0,0
"957","201516","Portsea London Bridge","MP","201516_Portsea Farnsworth/SLSC west_2",124,141,147,2015-11-05,2015-11-22,2015-11-28,"Y","L3","beach","1",0,0,0,0,0,0,0,0,0,0,0,0,0,0,0,0,"0","0","0","0","0","0","0","0",-Inf,-Inf,-Inf,-Inf,"0",1,20,2,6,3
"958","201516","St. Andrews car park east","MP","201516_St. Andrews car park east_1",107,139,139,2015-10-19,2015-11-20,2015-11-20,"Y","L3","foredune/face","0",0,0,0,0,0,5,0,0,0,0,0,0,0,5,0,0,"0","0","0","0","0","0","0","1",-Inf,-Inf,-Inf,-Inf,"0",1,32,0,0,0
"959","201516","St. Andrews car park east","MP","201516_St. Andrews car park east_2",163,191,191,2015-12-14,2016-01-11,2016-01-11,"Y","L3","beach","0",4,0,0,0,0,5,0,0,4,0,0,0,0,5,0,0,"1","0","1","0","0","0","0","1",2,-Inf,1,2,"0",1,28,1,0,0
"960","201516","Gunida Crt Rye","MP","201516_Gunida Crt Rye_1",143,144,146,2015-11-24,2015-11-25,2015-11-27,"Y","L3","beach","1",2,0,0.5,0.5,0,0,0,1,4,0,1,1,0,0,0,2,"1","0","1","1","0","0","1","0",-Inf,-Inf,-Inf,-Inf,"0",2,2,0,2,1
"961","201516","Gunida Crt Rye","MP","201516_Gunida Crt Rye_2",172,177,180,2015-12-23,2015-12-28,2015-12-31,"Y","L3","beach","1",12.5,0,0,0,0,0,0,0,20,0,0,0,0,0,0,0,"1","0","1","0","0","0","0","0",3,-Inf,2,-Inf,"2",2,6.5,4,3,1.5
"962","201516","Gunnamatta Fingal Tk East (P5)","MP","201516_Gunnamatta Pair 5 (DU)_1",75,107,107,2015-09-17,2015-10-19,2015-10-19,"Y","L3","beach","0",2,0,0,0,0,0,2,0,2,0,0,0,0,0,2,0,"1","0","0","0","0","1","0","0",1,-Inf,-Inf,-Inf,"2",1,32,0,0,0
"963","201516","Gunnamatta Fingal Tk East (P5)","MP","201516_Gunnamatta Pair 5 (DU)_2",123,125,129,2015-11-04,2015-11-06,2015-11-10,"Y","L2","beach","1",0,0,0,0,0,0,0,2,0,0,0,0,0,0,0,2,"1","0","0","0","0","0","1","0",1,-Inf,-Inf,-Inf,"0",2,4,2,4,2
"964","201516","Gunnamatta Fingal Tk East (P5)","MP","201516_Gunnamatta Pair 5 (DU)_3",132,163,166,2015-11-13,2015-12-14,2015-12-17,"Y","L2","beach","1",0,0,0,0,0,0,2,3,0,0,0,0,0,0,2,4,"1","0","0","0","0","1","1","0",1,-Inf,-Inf,-Inf,"1",2,32.5,0,3,1.5
"965","201516","Gunnamatta Fingal Tk West","MP","201516_Gunnamatta Fingal.Tk.West_1",209,214,219,2016-01-29,2016-02-03,2016-02-08,"Y","L3","beach","1",0,0,0,0,0,0,2.5,0,0,0,0,0,0,0,3,0,"1","0","0","0","0","1","0","0",3,-Inf,-Inf,-Inf,"3",2,7.5,2,5,2.5
"966","201516","Gunnamatta SLSC Far East (P1)","MP","201516_Gunnamatta Pair 1_1",86,89,93,2015-09-28,2015-10-01,2015-10-05,"Y","L3","beach","1",4,0,0,0,0,0,0,0,8,0,0,0,0,0,0,0,"1","0","0","0","0","0","0","0",2,-Inf,-Inf,-Inf,"0",2,5,5,4,2
"967","201516","Gunnamatta SLSC Far East (P1)","MP","201516_Gunnamatta Pair 1_2",119,151,151,2015-10-31,2015-12-02,2015-12-02,"Y","L3","beach","0",0,0,0,0,0,0,2,0,0,0,0,0,0,0,2,0,"0","0","0","0","0","1","0","0",-Inf,-Inf,-Inf,-Inf,"0",1,32,0,0,0
"968","201516","Gunnamatta SLSC Far East (P1)","MP","201516_Gunnamatta Pair 1_3",172,199,199,2015-12-23,2016-01-19,2016-01-19,"Y","L3","beach","0",2,0,0,0,0,0,1,10,2,0,0,0,0,0,1,10,"1","0","0","0","0","1","1","0",1,-Inf,-Inf,-Inf,"1",1,27,1,0,0
"969","201516","Heyfield Pair 2 (east side) Rye","MP","201516_Heyfield Pair 2 (east side) Rye_1",86,112,112,2015-09-28,2015-10-24,2015-10-24,"Y","L3","dune","0",10,0,0,0,0,0,0,0,10,0,0,0,0,0,0,0,"1","0","0","0","0","0","0","0",-Inf,-Inf,-Inf,-Inf,"0",1,26,1,0,0
"970","201516","Heyfield Pair 2 (east side) Rye","MP","201516_Heyfield Pair 2 (east side) Rye_2",139,163,166,2015-11-20,2015-12-14,2015-12-17,"Y","L3","dune","1",0,0,0,0,0,0,0,0,0,0,0,0,0,0,0,0,"0","0","1","0","0","0","0","0",-Inf,-Inf,1,-Inf,"0",2,25.5,0,3,1.5
"971","201516","Heyfield Pair 2 (east side) Rye","MP","201516_Heyfield Pair 2 (east side) Rye_3",202,216,218,2016-01-22,2016-02-05,2016-02-07,"Y","L3","foredune/face","1",7,0,0,0,0,0,0,2.5,14,0,0,0,0,0,0,5,"1","0","1","0","0","0","1","0",2,-Inf,2,-Inf,"1",2,15,2,2,1
"972","201516","Moana crt access (east edge)","MP","201516_Moana crt access (east edge)_1",93,115,115,2015-10-05,2015-10-27,2015-10-27,"Y","L2","dune","0",0,0,0,0,0,0,4,6,0,0,0,0,0,0,4,6,"1","0","0","0","0","1","1","0",1,-Inf,-Inf,-Inf,"0",1,22,0,0,0
"973","201516","Moana crt access (east edge)","MP","201516_Moana crt access (east edge)_2",150,168,168,2015-12-01,2015-12-19,2015-12-19,"Y","L2","dune","0",11,0,0,0,0,0,0,0,11,0,0,0,0,0,0,0,"1","0","1","0","0","0","0","0",3,-Inf,3,-Inf,"0",1,18,1,0,0
"974","201516","Gunnamatta Car Park 1 (P6)","MP","201516_Gunnamatta Pair 6_1",108,114,115,2015-10-20,2015-10-26,2015-10-27,"Y","L3","beach","1",0,0,0,0,0,0,0,4,0,0,0,0,0,0,0,4,"1","0","0","0","0","0","1","0",1,-Inf,-Inf,-Inf,"0",2,6.5,0,1,0.5
"975","201516","Gunnamatta Car Park 1 (P6)","MP","201516_Gunnamatta Pair 6_2",129,138,142,2015-11-10,2015-11-19,2015-11-23,"Y","L3","beach","1",0,0,0,0,0,0,0.5,1,0,0,0,0,0,0,1,2,"1","0","0","0","0","1","1","0",1,-Inf,-Inf,-Inf,"0",2,11,2,4,2
"976","201516","Gunnamatta Car Park 1 (P6)","MP","201516_Gunnamatta Pair 6_3",169,184,184,2015-12-20,2016-01-04,2016-01-04,"Y","L3","dune","0",8,0,0,0,0,0,0,15,8,0,0,0,0,0,0,15,"1","0","0","0","0","0","1","0",2,-Inf,-Inf,-Inf,"0",1,15,1,0,0
"977","201516","Rye Big Rock","MP","201516_Rye Big Rock_1",86,89,91,2015-09-28,2015-10-01,2015-10-03,"Y","L3","beach","1",2,0,1.5,0,1.5,0,3,10,4,0,3,0,3,0,6,20,"1","0","1","0","1","1","1","0",2,-Inf,2,-Inf,"1",2,4,3,2,1
"978","201516","Rye Big Rock","MP","201516_Rye Big Rock_2",103,131,133,2015-10-15,2015-11-12,2015-11-14,"Y","L3","beach","1",1,0,0,0,0,0,0,11,2,0,0,0,0,0,0,22,"1","0","1","0","0","0","1","0",2,-Inf,2,-Inf,"2",2,29,1,2,1
"979","201516","Rye Big Rock","MP","201516_Rye Big Rock_3",143,143,146,2015-11-24,2015-11-24,2015-11-27,"Y","L3","beach","1",2.5,0,0.5,0.5,0,0,1,4,4,0,1,1,0,0,2,8,"1","0","1","1","0","1","1","0",2,-Inf,2,-Inf,"2",2,1.5,0,3,1.5
"980","201516","Rye Big Rock","MP","201516_Rye Big Rock_4",153,179,179,2015-12-04,2015-12-30,2015-12-30,"Y","L3","beach","0",11,0,3,3,0,0,0,0,11,0,3,3,0,0,0,0,"1","0","1","1","0","0","0","0",2,-Inf,1,-Inf,"0",1,26,1,0,0
"981","201516","Rye Big Rock","MP","201516_Rye Big Rock_5",209,225,226,2016-01-29,2016-02-14,2016-02-15,"Y","L3","beach","1",2.5,0,0,0,0,0,0,3.5,5,0,0,0,0,0,0,6,"1","0","1","0","0","0","1","0",3,-Inf,2,-Inf,"2",2,16.5,1,1,0.5
"982","201516","St Andrews Boags Rocks","MP","201516_St Andrews Boags Rocks_2",131,141,144,2015-11-12,2015-11-22,2015-11-25,"Y","L3","foredune/face","1",0,0,0,0,0,0,0,0,0,0,0,0,0,0,0,0,"1","0","0","0","0","0","0","0",3,-Inf,-Inf,-Inf,"0",2,11.5,1,3,1.5
"983","201516","St Andrews Boags Rocks","MP","201516_St Andrews Boags Rocks_3",156,184,184,2015-12-07,2016-01-04,2016-01-04,"N","L1","dune","1",6,0,0,0,0,9,0,23,6,0,0,0,0,9,0,23,"1","0","1","0","0","0","1","1",2,-Inf,1,2,"1",1,28,1,0,0
"984","201516","St Andrews Boags Rocks","MP","201516_St Andrews Boags Rocks_4",199,214,214,2016-01-19,2016-02-03,2016-02-03,"Y","L3","foredune/face","1",0,0,0,0,0,0,0,0,0,0,0,0,0,0,0,0,"0","0","0","0","0","0","0","0",-Inf,-Inf,-Inf,-Inf,"2",1,15,0,0,0
"985","201516","Moana crt access west","MP","201516_Moana crt access west_1",100,100,107,2015-10-12,2015-10-12,2015-10-19,"N","L1","dune","1",2,0,0.5,0.5,0,0,0,0,2,0,1,1,0,0,0,0,"1","0","1","1","0","0","0","0",3,-Inf,2,-Inf,"1",2,3.5,2,7,3.5
"986","201516","Moana crt access west","MP","201516_Moana crt access west_2",155,184,184,2015-12-06,2016-01-04,2016-01-04,"Y","L3","beach","0",7,0,0,0,0,0,1,0,7,0,0,0,0,0,1,0,"1","0","1","0","0","1","0","0",2,-Inf,2,-Inf,"0",1,29,1,0,0
"987","201516","Moana crt access west","MP","201516_Moana crt access west_3",203,238,238,2016-01-23,2016-02-27,2016-02-27,"Y","L3","beach","0",0,0,0,0,0,0,0,1,0,0,0,0,0,0,0,1,"1","0","1","0","0","0","1","0",2,-Inf,2,-Inf,"1",1,35,1,0,0
"988","201516","Brewster, Rye","MP","201516_Alison Ave next bay west Rye_1",182,202,213,2016-01-02,2016-01-22,2016-02-02,"Y","L3","dune","1",1,0,0,0,0,0,0,6,2,0,0,0,0,0,0,12,"1","0","1","0","0","0","1","0",3,-Inf,3,-Inf,"0",2,25.5,7,11,5.5
"989","201516","Fowlers","MP","201516_Fowlers_1",83,91,92,2015-09-25,2015-10-03,2015-10-04,"Y","L3","beach","1",2.5,0,0,0,0,0,0,0,5,0,0,0,0,0,0,0,"1","0","1","0","0","0","0","0",-Inf,-Inf,1,-Inf,"0",2,8.5,2,1,0.5
"990","201516","Fowlers","MP","201516_Fowlers_2",110,122,125,2015-10-22,2015-11-03,2015-11-06,"N","L0","beach","1",0,0,0,0,0,0,1.5,0,0,0,0,0,0,0,3,0,"1","0","1","0","0","1","0","0",3,-Inf,3,-Inf,"0",2,13.5,1,3,1.5
"991","201516","Fowlers","MP","201516_Fowlers_3",139,142,149,2015-11-20,2015-11-23,2015-11-30,"N","L0","beach","1",1,0,0,0,0,0,0,0.5,2,0,0,0,0,0,0,1,"1","0","0","0","0","0","1","0",2,-Inf,-Inf,-Inf,"0",2,6.5,2,7,3.5
"992","201516","Fowlers","MP","201516_Fowlers_4",181,184,184,2016-01-01,2016-01-04,2016-01-04,"N","L0","foredune/face","0",9,0,0,0,0,0,0,0,9,0,0,0,0,0,0,0,"1","0","1","0","0","0","0","0",3,-Inf,3,-Inf,"0",1,3,1,0,0
"993","201516","Portsea Farnsworth/SLSC west","MP","201516_Portsea Farnsworth/SLSC west_1",103,106,107,2015-10-15,2015-10-18,2015-10-19,"N","L1","foredune/face","1",1.5,0,0,0,0,0,2.5,1.5,3,0,0,0,0,0,5,3,"1","0","0","0","0","1","1","0",3,-Inf,-Inf,-Inf,"0",2,3.5,1,1,0.5
"994","201516","Portsea Farnsworth/SLSC west","MP","201516_Portsea Farnsworth/SLSC west_3",163,183,183,2015-12-14,2016-01-03,2016-01-03,"Y","L3","beach","0",8,0,0,0,0,0,1,4,8,0,0,0,0,0,1,4,"1","0","1","0","0","1","1","0",3,-Inf,1,-Inf,"0",1,20,1,0,0
"995","201516","St Andrews carpark west","MP","201516_St Andrews carpark west_1",120,147,147,2015-11-01,2015-11-28,2015-11-28,"Y","L3","foredune/face","0",3,0,0,0,0,0,0,0,3,0,0,0,0,0,0,0,"1","0","1","0","0","0","0","0",1,-Inf,1,-Inf,"0",1,27,1,0,0
"996","201516","St Andrews carpark west","MP","201516_St Andrews carpark west_2",163,191,191,2015-12-14,2016-01-11,2016-01-11,"Y","L3","beach","0",3,0,0,0,0,4,0,0,3,0,0,0,0,4,0,0,"1","0","1","0","0","0","0","1",3,-Inf,2,-Inf,"0",1,28,1,0,0
"997","201516","Portsea Franklin rd west","MP","201516_Portsea Franklin rd west_1",106,112,114,2015-10-18,2015-10-24,2015-10-26,"Y","L3","beach","1",0.5,0,0.5,0,0.5,0,1.5,5,1,0,1,0,1,0,3,10,"1","0","1","0","1","1","1","0",-Inf,-Inf,-Inf,-Inf,"0",2,7,2,2,1
"998","201516","Portsea Franklin rd west","MP","201516_Portsea Franklin rd west_2",115,119,121,2015-10-27,2015-10-31,2015-11-02,"Y","L3","beach","1",2,0,0,0,0,0,2.5,14.5,4,0,0,0,0,0,5,25,"1","0","0","0","0","1","1","0",2,-Inf,-Inf,-Inf,"0",2,5,2,2,1
"999","201516","Portsea Franklin rd west","MP","201516_Portsea Franklin rd west_4",190,203,204,2016-01-10,2016-01-23,2016-01-24,"Y","L3","beach","1",8,0,0,0,0,0,0,0,15,0,0,0,0,0,0,0,"1","0","0","0","0","0","0","0",2,-Inf,-Inf,-Inf,"0",2,13.5,2,1,0.5
"1000","201516","Rye car park west","MP","201516_Rye car park west_1",119,136,136,2015-10-31,2015-11-17,2015-11-17,"Y","L2","foredune/face","0",0,0,0,0,0,0,0,0,0,0,0,0,0,0,0,0,"1","0","1","0","0","0","0","0",2,-Inf,3,-Inf,"3",1,17,0,0,0
"1001","201516","Rye car park west","MP","201516_Rye car park west_2",158,181,183,2015-12-09,2016-01-01,2016-01-03,"Y","L3","dune","1",2,0,0,0,0,0,0,2.5,3,0,0,0,0,0,0,5,"1","0","1","0","0","0","1","0",2,-Inf,2,-Inf,"0",2,24,3,2,1
"1002","201516","Rye car park west","MP","201516_Rye car park west_3",192,223,223,2016-01-12,2016-02-12,2016-02-12,"Y","L3","dune","0",0,0,0,0,0,0,0,0,0,0,0,0,0,0,0,0,"0","0","0","0","0","0","0","0",-Inf,-Inf,-Inf,-Inf,"0",1,31,0,0,0
"1003","201516","Bushrangers Bay","MP","201516_Bushrangers Bay_1",144,144,161,2015-11-25,2015-11-25,2015-12-12,"Y","L2","beach","1",6,0,0,0,0,0,1.66666666666667,3.66666666666667,17,0,0,0,0,0,5,6,"1","0","0","0","0","1","1","0",1,-Inf,-Inf,-Inf,"1",3,8.5,5,17,8.5
"1004","201516","Bushrangers Bay","MP","201516_Bushrangers Bay_2",161,174,176,2015-12-12,2015-12-25,2015-12-27,"Y","L3","beach","1",10.5,0,0.5,0,0.5,0,0,7.5,17,0,1,0,1,0,0,10,"1","0","1","0","1","0","1","0",2,-Inf,1,-Inf,"0",2,14,3,2,1
"1005","201516","Flinders, Mushroom Reef, HP","MP","201516_Flinders_1",102,118,119,2015-10-14,2015-10-30,2015-10-31,"Y","L3","dune","1",4,0,0.5,0,0.5,0,0.5,3,4,0,1,0,1,0,1,6,"1","0","1","0","1","1","1","0",1,-Inf,1,-Inf,"0",2,16.5,1,1,0.5
"1006","201516","Flinders, Mushroom Reef, HP","MP","201516_Flinders_2",132,144,146,2015-11-13,2015-11-25,2015-11-27,"Y","L3","dune","1",0,0,0,0,0,0,0,0,0,0,0,0,0,0,0,0,"1","0","0","0","0","0","0","0",1,-Inf,-Inf,-Inf,"0",2,13,0,2,1
"1007","201516","Flinders, Mushroom Reef, HP","MP","201516_Flinders_3",157,177,181,2015-12-08,2015-12-28,2016-01-01,"Y","L3","beach","1",7,0,1,0.2,0.8,0,0,10.6,25,0,3,1,3,0,0,40,"1","0","1","1","1","0","1","0",2,-Inf,1,-Inf,"0",5,22,5,4,2
"1008","201516","Montforts","MP","201516_Montforts_1",118,118,118,2015-10-30,2015-10-30,2015-10-30,"N","L0","dune","0",0,0,0,0,0,0,0,0,0,0,0,0,0,0,0,0,"0","0","0","0","0","0","0","0",-Inf,-Inf,-Inf,-Inf,"0",1,0,0,0,0
"1009","201516","Montforts","MP","201516_Montforts_2",156,181,184,2015-12-07,2016-01-01,2016-01-04,"Y","L3","dune","1",18.5,0,2.5,1,1.5,0,0,1.5,30,0,3,1,2,0,0,3,"1","0","1","1","1","0","1","0",2,-Inf,2,-Inf,"0",2,26.5,4,3,1.5
"1010","201516","Pt Nepean Monash Break","MP","201516_Pt Nepean Monash Break_1",92,103,106,2015-10-04,2015-10-15,2015-10-18,"Y","L2","beach","1",0,0,0,0,0,0,0,0,0,0,0,0,0,0,0,0,"0","0","0","0","0","0","0","0",-Inf,-Inf,-Inf,-Inf,"0",2,12.5,2,3,1.5
"1011","201516","Coppins Lookout","MP","201516_Coppins Lookout_1",134,141,141,2015-11-15,2015-11-22,2015-11-22,"Y","L3","dune","0",8,0,0,0,0,0,0,0,8,0,0,0,0,0,0,0,"1","0","0","0","0","0","0","0",2,-Inf,-Inf,-Inf,"0",1,7,1,0,0
"1012","201516","Coppins Lookout","MP","201516_Coppins Lookout_2",171,192,192,2015-12-22,2016-01-12,2016-01-12,"Y","L3","dune","0",11,0,0,0,0,0,2,0,11,0,0,0,0,0,2,0,"1","0","0","0","0","1","0","0",-Inf,-Inf,-Inf,-Inf,"0",1,21,1,0,0
"1013","201516","Dimmicks Beach","MP","201516_Dimmicks Beach_1",189,193,198,2016-01-09,2016-01-13,2016-01-18,"Y","L3","beach","1",2.5,0,0.5,0,0.5,0,0,0.5,5,0,1,0,1,0,0,1,"1","0","1","0","1","0","1","0",3,-Inf,2,-Inf,"0",2,6.5,6,5,2.5
"1014","201516","Point Leo","MP","201516_Point Leo_1",157,172,176,2015-12-08,2015-12-23,2015-12-27,"Y","L3","beach","1",8.5,0,0.5,0,0.5,0,0,2,13,0,1,0,1,0,0,4,"1","0","1","0","1","0","1","0",2,-Inf,1,-Inf,"0",2,17,5,4,2
"1015","201516","Pt Nepean (authorised personnel only) - Spooks","MP","201516_Pt Nepean (authorised personnel only) - Sierra Nevada Rocks_1",219,219,230,2016-02-08,2016-02-08,2016-02-19,"N","L0","beach","1",0,0,0,0,0,0,0,0,0,0,0,0,0,0,0,0,"1","0","0","0","0","0","0","0",2,-Inf,-Inf,-Inf,"0",2,5.5,2,11,5.5
"1016","201516","Pt Nepean (authorised personnel only) - Spooks","MP","201516_Pt Nepean (authorised personnel only) - Spooks_2",241,241,249,2016-03-01,2016-03-01,2016-03-09,"N","L0","foredune/face","1",0,0,0,0,0,0,0,0,0,0,0,0,0,0,0,0,"1","0","0","0","0","0","0","0",1,-Inf,-Inf,-Inf,"0",2,4,2,8,4
"1017","201617","Gunnamatta Fingal Tk (P4)","MP","201617_Gunnamatta Fingal Tk (P4)_1",136,136,139,2016-11-17,2016-11-17,2016-11-20,"N","L1","foredune/face","1",1,0,0,0,0,0,1.33333333333333,0,2,0,0,0,0,0,4,0,"1","0","0","0","0","1","0","0",1,-Inf,-Inf,-Inf,"0",3,1.5,2,3,1.5
"1018","201617","Gunnamatta Fingal Tk (P4)","MP","201617_Gunnamatta Fingal Tk (P4)_2",151,169,172,2016-12-02,2016-12-20,2016-12-23,"Y","L3","beach","1",0,0,0,0,0,0,0,0,0,0,0,0,0,0,0,0,"0","0","0","0","0","0","0","0",-Inf,-Inf,-Inf,-Inf,"1",2,19.5,3,3,1.5
"1019","201617","Gunnamatta Fingal Tk (P4)","MP","201617_Gunnamatta Fingal Tk (P4)_3",183,208,208,2017-01-03,2017-01-28,2017-01-28,"Y","L3","beach","0",1,0,0,0,0,0,0,0,1,0,0,0,0,0,0,0,"1","0","1","0","0","0","0","0",1,-Inf,1,-Inf,"1",1,25,1,0,0
"1020","201617","Koonya East","MP","201617_Koonya East_1",134,162,162,2016-11-15,2016-12-13,2016-12-13,"Y","L3","dune","0",0,0,0,0,0,0,0,0,0,0,0,0,0,0,0,0,"1","0","0","0","0","0","0","0",3,-Inf,-Inf,-Inf,"0",1,28,0,0,0
"1021","201617","Koonya West","MP","201617_Koonya West_1",134,136,138,2016-11-15,2016-11-17,2016-11-19,"Y","L3","foredune/face","1",8.5,0,0,0,0,0,0,0,13,0,0,0,0,0,0,0,"1","0","1","0","0","0","0","0",2,-Inf,1,-Inf,"0",2,3,1,2,1
"1022","201617","Koonya West","MP","201617_Koonya West_2",180,184,184,2016-12-31,2017-01-04,2017-01-04,"N","L0","dune","0",0,0,0,0,0,0,0,0,0,0,0,0,0,0,0,0,"0","0","0","0","0","0","0","0",-Inf,-Inf,-Inf,-Inf,"2",1,4,1,0,0
"1023","201617","Miami drive east access","MP","201617_Miami drive east access_1",121,121,126,2016-11-02,2016-11-02,2016-11-07,"Y","L3","dune","1",0,0,0,0,0,0,0,0,0,0,0,0,0,0,0,0,"1","0","1","0","0","0","0","0",3,-Inf,1,-Inf,"1",2,2.5,2,5,2.5
"1024","201617","Miami drive east access","MP","201617_Miami drive east access_2",139,161,164,2016-11-20,2016-12-12,2016-12-15,"Y","L3","dune","1",3,0,0,0,0,0,0,8,4,0,0,0,0,0,0,16,"1","0","1","0","0","0","1","0",2,-Inf,1,-Inf,"1",2,23.5,0,3,1.5
"1025","201617","Miami drive east access","MP","201617_Miami drive east access_3",196,227,227,2017-01-16,2017-02-16,2017-02-16,"Y","L3","dune","0",0,0,0,0,0,0,0,4,0,0,0,0,0,0,0,4,"1","0","1","0","0","0","1","0",1,-Inf,1,-Inf,"1",1,31,0,0,0
"1026","201617","Portsea Franklin rd access","MP","201617_Portsea Franklin rd access_1",82,96,99,2016-09-24,2016-10-08,2016-10-11,"N","L1","dune","1",0,0,0,0,0,0,0,0,0,0,0,0,0,0,0,0,"0","0","0","0","0","0","0","0",-Inf,-Inf,-Inf,-Inf,"0",2,15.5,2,3,1.5
"1027","201617","Portsea Franklin rd access","MP","201617_Portsea Franklin rd access_2",212,212,214,2017-02-01,2017-02-01,2017-02-03,"Y","L3","beach","1",0,0,0,0,0,0,0,0,0,0,0,0,0,0,0,0,"1","0","0","0","0","0","0","0",2,-Inf,-Inf,-Inf,"0",2,1,0,2,1
"1028","201617","St. Andrews car park east","MP","201617_St. Andrews car park east_1",126,133,139,2016-11-07,2016-11-14,2016-11-20,"Y","L3","beach","1",2.5,0,0,0,0,3,1,1.5,5,0,0,0,0,6,2,3,"1","0","0","0","0","1","1","1",2,-Inf,-Inf,2,"1",2,10,2,6,3
"1029","201617","St. Andrews car park east","MP","201617_St. Andrews car park east_2",148,149,156,2016-11-29,2016-11-30,2016-12-07,"Y","L3","beach","1",2,0,0,0,0,2,0,0,4,0,0,0,0,4,0,0,"1","0","0","0","0","0","0","1",2,-Inf,-Inf,2,"1",2,4.5,2,7,3.5
"1030","201617","St. Andrews car park east","MP","201617_St. Andrews car park east_3",161,161,169,2016-12-12,2016-12-12,2016-12-20,"Y","L3","beach","1",1.5,0,0,0,0,6,1,24.5,3,0,0,0,0,6,2,28,"1","0","0","0","0","1","1","1",2,-Inf,-Inf,2,"1",2,4,2,8,4
"1031","201617","St. Andrews car park east","MP","201617_St. Andrews car park east_4",169,169,171,2016-12-20,2016-12-20,2016-12-22,"Y","L3","beach","1",1.5,0,0,0,0,3,1,10.5,3,0,0,0,0,6,2,21,"1","0","0","0","0","1","1","1",1,-Inf,-Inf,1,"1",2,1,2,2,1
"1032","201617","St. Andrews car park east","MP","201617_St. Andrews car park east_5",187,192,196,2017-01-07,2017-01-12,2017-01-16,"Y","L3","foredune/face","1",5,0,0,0,0,6,0,9,6,0,0,0,0,12,0,18,"1","0","1","0","0","0","1","1",2,-Inf,1,2,"1",2,7,5,4,2
"1033","201617","St. Andrews car park east","MP","201617_St. Andrews car park east_6",207,214,218,2017-01-27,2017-02-03,2017-02-07,"Y","L3","foredune/face","1",1,0,0,0,0,0,0,1,2,0,0,0,0,0,0,2,"1","0","0","0","0","0","1","1",1,-Inf,-Inf,1,"1",2,9,2,4,2
"1034","201617","Gunida Crt Rye","MP","201617_Gunida Crt Rye_1",77,103,103,2016-09-19,2016-10-15,2016-10-15,"Y","L3","beach","0",0,0,0,0,0,0,0,0,0,0,0,0,0,0,0,0,"1","0","1","0","0","0","0","0",2,-Inf,2,-Inf,"2",1,26,1,0,0
"1035","201617","Gunida Crt Rye","MP","201617_Gunida Crt Rye_2",139,159,159,2016-11-20,2016-12-10,2016-12-10,"N","L1","foredune/face","0",1,0,0,0,0,0,0,0,1,0,0,0,0,0,0,0,"1","0","1","0","0","0","0","0",1,-Inf,1,-Inf,"3",1,20,1,0,0
"1036","201617","Gunida Crt Rye","MP","201617_Gunida Crt Rye_3",174,183,185,2016-12-25,2017-01-03,2017-01-05,"N","L0","foredune/face","1",6.5,0,0,0,0,0,0,0,13,0,0,0,0,0,0,0,"1","0","1","0","0","0","0","0",3,-Inf,1,-Inf,"3",2,10,3,2,1
"1037","201617","Gunida Crt Rye","MP","201617_Gunida Crt Rye_4",196,224,224,2017-01-16,2017-02-13,2017-02-13,"Y","L3","beach","0",0,0,0,0,0,0,0,0,0,0,0,0,0,0,0,0,"1","0","0","0","0","0","0","0",2,-Inf,-Inf,-Inf,"2",1,28,0,0,0
"1038","201617","Gunnamatta Fingal Tk East (P5)","MP","201617_Gunnamatta Fingal Tk East (P5)_1",102,102,107,2016-10-14,2016-10-14,2016-10-19,"N","L0","beach","1",0,0,0,0,0,0,0,0,0,0,0,0,0,0,0,0,"1","0","0","0","0","0","0","0",1,-Inf,-Inf,-Inf,"2",2,2.5,2,5,2.5
"1039","201617","Gunnamatta Fingal Tk East (P5)","MP","201617_Gunnamatta Fingal Tk East (P5)_2",144,165,169,2016-11-25,2016-12-16,2016-12-20,"Y","L3","beach","1",0,0,0,0,0,0,0,0,0,0,0,0,0,0,0,0,"0","0","0","0","0","0","0","0",-Inf,-Inf,-Inf,-Inf,"0",2,23,2,4,2
"1040","201617","Gunnamatta Fingal Tk East (P5)","MP","201617_Gunnamatta Fingal Tk East (P5)_3",183,193,194,2017-01-03,2017-01-13,2017-01-14,"Y","L3","foredune/face","1",3,0,0,0,0,0,0,0,6,0,0,0,0,0,0,0,"1","0","0","0","0","0","0","0",1,-Inf,-Inf,-Inf,"0",2,10.5,2,1,0.5
"1041","201617","Gunnamatta Fingal Tk East (P5)","MP","201617_Gunnamatta Fingal Tk East (P5)_4",206,234,234,2017-01-26,2017-02-23,2017-02-23,"Y","L3","beach","0",0,0,0,0,0,0,0,0,0,0,0,0,0,0,0,0,"0","0","0","0","0","0","0","0",-Inf,-Inf,-Inf,-Inf,"0",1,28,0,0,0
"1042","201617","Gunnamatta Fingal Tk West","MP","201617_Gunnamatta Fingal Tk West_1",114,121,137,2016-10-26,2016-11-02,2016-11-18,"N","L0","foredune/face","1",0.5,0,0,0,0,0,8,0,1,0,0,0,0,0,16,0,"1","0","0","0","0","1","0","0",1,-Inf,-Inf,-Inf,"2",2,15,4,16,8
"1043","201617","Gunnamatta Fingal Tk West","MP","201617_Gunnamatta Fingal Tk West_2",165,193,193,2016-12-16,2017-01-13,2017-01-13,"Y","L3","beach","0",0,0,0,0,0,0,0,1,0,0,0,0,0,0,0,1,"0","0","0","0","0","0","1","0",-Inf,-Inf,-Inf,-Inf,"0",1,28,1,0,0
"1044","201617","Gunnamatta SLSC Far East (P1)","MP","201617_Gunnamatta No Dogs East (P1)_1",79,91,102,2016-09-21,2016-10-03,2016-10-14,"Y","L3","beach","1",0,0,0,0,0,0,0,0,0,0,0,0,0,0,0,0,"1","0","0","0","0","0","0","0",1,-Inf,-Inf,-Inf,"1",2,17.5,2,11,5.5
"1045","201617","Gunnamatta SLSC Far East (P1)","MP","201617_Gunnamatta No Dogs East (P1)_2",165,193,193,2016-12-16,2017-01-13,2017-01-13,"Y","L3","beach","0",0,0,0,0,0,0,0,1,0,0,0,0,0,0,0,1,"0","0","0","0","0","0","1","0",-Inf,-Inf,-Inf,-Inf,"0",1,28,1,0,0
"1046","201617","Heyfield Pair 2 (east side) Rye","MP","201617_Heyfield Pair 2 (east side) Rye_1",73,96,96,2016-09-15,2016-10-08,2016-10-08,"Y","L3","foredune/face","0",0,0,0,0,0,0,0,0,0,0,0,0,0,0,0,0,"1","0","1","0","0","0","0","0",2,-Inf,1,-Inf,"1",1,23,1,0,0
"1047","201617","Heyfield Pair 2 (east side) Rye","MP","201617_Heyfield Pair 2 (east side) Rye_2",122,123,126,2016-11-03,2016-11-04,2016-11-07,"Y","L3","beach","1",0,0,0,0,0,0,0,0,0,0,0,0,0,0,0,0,"1","0","1","0","0","0","0","0",1,-Inf,1,-Inf,"1",2,2.5,2,3,1.5
"1048","201617","Heyfield Pair 2 (east side) Rye","MP","201617_Heyfield Pair 2 (east side) Rye_3",134,164,164,2016-11-15,2016-12-15,2016-12-15,"Y","L3","foredune/face","0",5,0,0,0,0,0,0,4,5,0,0,0,0,0,0,4,"1","0","1","0","0","0","1","0",3,-Inf,1,-Inf,"1",1,30,0,0,0
"1049","201617","Heyfield Pair 2 (east side) Rye","MP","201617_Heyfield Pair 2 (east side) Rye_4",187,215,215,2017-01-07,2017-02-04,2017-02-04,"Y","L3","dune","0",5,0,0,0,0,0,0,0,5,0,0,0,0,0,0,0,"1","0","0","0","0","0","0","0",-Inf,-Inf,-Inf,-Inf,"0",1,28,1,0,0
"1050","201617","Moana crt access (east edge)","MP","201617_Moana crt access (east edge)_1",133,134,139,2016-11-14,2016-11-15,2016-11-20,"Y","L2","dune","1",4.5,0,0,0,0,0,0,0,9,0,0,0,0,0,0,0,"1","0","1","0","0","0","0","0",2,-Inf,1,-Inf,"1",2,3.5,2,5,2.5
"1051","201617","Moana crt access (east edge)","MP","201617_Moana crt access (east edge)_2",161,192,192,2016-12-12,2017-01-12,2017-01-12,"Y","L3","dune","0",3,0,0,0,0,0,0,0,3,0,0,0,0,0,0,0,"1","0","0","0","0","0","0","0",1,-Inf,-Inf,-Inf,"0",1,31,1,0,0
"1052","201617","Gunnamatta Car Park 1 (P6)","MP","201617_Gunnamatta Car Park 1 (P6)_1",165,165,169,2016-12-16,2016-12-16,2016-12-20,"Y","L3","beach","1",6,0,0,0,0,0,1,10,10,0,0,0,0,0,2,12,"1","0","0","0","0","1","1","0",1,-Inf,-Inf,-Inf,"2",2,2,2,4,2
"1053","201617","Rye Big Rock","MP","201617_Rye Big Rock_1",80,84,88,2016-09-22,2016-09-26,2016-09-30,"Y","L3","foredune/face","1",0,0,0,0,0,0,0,0,0,0,0,0,0,0,0,0,"1","0","1","0","0","0","0","0",3,-Inf,2,-Inf,"2",2,6,5,4,2
"1054","201617","Rye Big Rock","MP","201617_Rye Big Rock_2",139,172,172,2016-11-20,2016-12-23,2016-12-23,"Y","L3","beach","0",9,0,0,0,0,0,0,7,9,0,0,0,0,0,0,7,"1","0","1","0","0","0","1","0",3,-Inf,3,-Inf,"3",1,33,1,0,0
"1055","201617","Rye Big Rock","MP","201617_Rye Big Rock_3",196,229,229,2017-01-16,2017-02-18,2017-02-18,"Y","L3","beach","0",10,0,0,0,0,0,0,4,10,0,0,0,0,0,0,4,"1","0","0","0","0","0","1","0",2,-Inf,-Inf,-Inf,"3",1,33,1,0,0
"1056","201617","St Andrews Boags Rocks","MP","201617_St Andrews Boags Rocks_1",113,119,126,2016-10-25,2016-10-31,2016-11-07,"Y","L2","dune","1",0,0,0,0,0,0,0,0,0,0,0,0,0,0,0,0,"1","0","1","0","0","0","0","0",1,-Inf,1,-Inf,"1",2,9.5,3,7,3.5
"1057","201617","St Andrews Boags Rocks","MP","201617_St Andrews Boags Rocks_4",189,189,196,2017-01-09,2017-01-09,2017-01-16,"Y","L3","beach","1",6.66666666666667,0,0.333333333333333,0.333333333333333,0,11.6666666666667,0,8.33333333333333,13,0,1,1,0,23,0,25,"1","0","1","1","0","0","1","1",3,-Inf,1,2,"1",3,3.5,8,7,3.5
"1058","201617","Moana crt access west","MP","201617_Moana crt access west_1",95,105,109,2016-10-07,2016-10-17,2016-10-21,"Y","L3","beach","1",0,0,0,0,0,0,0,0,0,0,0,0,0,0,0,0,"1","0","1","0","0","0","0","0",1,-Inf,1,-Inf,"0",2,12,0,4,2
"1059","201617","Moana crt access west","MP","201617_Moana crt access west_2",116,116,119,2016-10-28,2016-10-28,2016-10-31,"Y","L3","foredune/face","1",0,0,0,0,0,0,0,0,0,0,0,0,0,0,0,0,"1","0","1","0","0","0","0","0",2,-Inf,1,-Inf,"0",2,1.5,2,3,1.5
"1060","201617","Moana crt access west","MP","201617_Moana crt access west_3",144,173,173,2016-11-25,2016-12-24,2016-12-24,"Y","L3","beach","0",7,0,0,0,0,0,0,1,7,0,0,0,0,0,0,1,"1","0","1","0","0","0","1","0",2,-Inf,1,-Inf,"1",1,29,1,0,0
"1061","201617","Moana crt access west","MP","201617_Moana crt access west_4",199,224,226,2017-01-19,2017-02-13,2017-02-15,"Y","L3","beach","1",2.5,0,0,0,0,0,0,10,5,0,0,0,0,0,0,18,"1","0","0","0","0","0","1","0",2,-Inf,-Inf,-Inf,"1",2,26,0,2,1
"1062","201617","Brewster, Rye","MP","201617_Alison Ave next bay west Rye_1",102,105,108,2016-10-14,2016-10-17,2016-10-20,"Y","L3","beach","1",0,0,0,0,0,0,0,0,0,0,0,0,0,0,0,0,"1","0","0","0","0","0","0","0",1,-Inf,-Inf,-Inf,"0",2,4.5,0,3,1.5
"1063","201617","Fowlers","MP","201617_Fowlers_1",90,93,101,2016-10-02,2016-10-05,2016-10-13,"N","L1","dune","1",0,0,0,0,0,0,0,0,0,0,0,0,0,0,0,0,"1","0","1","0","0","0","0","0",1,-Inf,1,-Inf,"1",2,7,2,8,4
"1064","201617","Fowlers","MP","201617_Fowlers_2",107,107,111,2016-10-19,2016-10-19,2016-10-23,"N","L1","beach","1",0,0,0,0,0,0,0,0,0,0,0,0,0,0,0,0,"1","0","1","0","0","0","0","0",1,-Inf,1,-Inf,"0",2,2,2,4,2
"1065","201617","Fowlers","MP","201617_Fowlers_3",120,146,146,2016-11-01,2016-11-27,2016-11-27,"Y","L2","foredune/face","0",2,0,0,0,0,0,0,4,2,0,0,0,0,0,0,4,"1","0","1","0","0","0","1","0",1,-Inf,1,-Inf,"0",1,26,1,0,0
"1066","201617","Fowlers","MP","201617_Fowlers_4",169,197,197,2016-12-20,2017-01-17,2017-01-17,"Y","L2","dune","0",1,0,1,0,1,0,0,3,1,0,1,0,1,0,0,3,"1","0","1","0","1","0","1","0",1,-Inf,1,-Inf,"0",1,28,1,0,0
"1067","201617","Portsea Farnsworth/SLSC west","MP","201617_Portsea Farnsworth/SLSC west_1",82,103,103,2016-09-24,2016-10-15,2016-10-15,"Y","L3","dune","0",0,0,0,0,0,0,0,0,0,0,0,0,0,0,0,0,"0","0","0","0","0","0","0","0",-Inf,-Inf,-Inf,-Inf,"0",1,21,1,0,0
"1068","201617","Portsea SLSC east","MP","201617_Portsea SLSC east_1",116,135,140,2016-10-28,2016-11-16,2016-11-21,"Y","L3","dune","1",1.5,0,0,0,0,0,1.5,0.5,3,0,0,0,0,0,3,1,"1","0","0","0","0","1","1","0",2,-Inf,-Inf,-Inf,"1",2,21.5,2,5,2.5
"1069","201617","St Andrews carpark west","MP","201617_St Andrews carpark west_1",77,106,109,2016-09-19,2016-10-18,2016-10-21,"Y","L4","beach","1",0,0,0,0,0,0,0,0,0,0,0,0,0,0,0,0,"1","0","1","0","0","0","0","0",1,-Inf,1,-Inf,"0",2,30.5,0,3,1.5
"1070","201617","St Andrews carpark west","MP","201617_St Andrews carpark west_2",133,139,148,2016-11-14,2016-11-20,2016-11-29,"Y","L3","beach","1",2.5,0,0,0,0,0,1,0,5,0,0,0,0,0,2,0,"1","0","1","0","0","1","0","0",2,-Inf,1,-Inf,"1",2,10.5,3,9,4.5
"1071","201617","St Andrews carpark west","MP","201617_St Andrews carpark west_3",156,156,161,2016-12-07,2016-12-07,2016-12-12,"Y","L3","beach","1",1,0,0,0,0,0,0,7.5,2,0,0,0,0,0,0,15,"1","0","0","0","0","0","1","1",2,-Inf,-Inf,1,"1",2,2.5,2,5,2.5
"1072","201617","St Andrews carpark west","MP","201617_St Andrews carpark west_4",168,168,169,2016-12-19,2016-12-19,2016-12-20,"Y","L3","foredune/face","1",0.5,0,0,0,0,0,0,9,1,0,0,0,0,0,0,18,"1","0","0","0","0","0","1","0",1,-Inf,-Inf,-Inf,"1",2,0.5,0,1,0.5
"1073","201617","St Andrews carpark west","MP","201617_St Andrews carpark west_5",179,210,210,2016-12-30,2017-01-30,2017-01-30,"Y","L3","beach","0",0,0,0,0,0,0,2,9,0,0,0,0,0,0,2,9,"1","0","0","0","0","1","1","0",3,-Inf,-Inf,-Inf,"1",1,31,1,0,0
"1074","201617","Portsea Franklin rd west","MP","201617_Portsea Franklin rd west_1",76,83,83,2016-09-18,2016-09-25,2016-09-25,"N","L1","dune","1",0,0,0,0,0,0,0,0,0,0,0,0,0,0,0,0,"0","0","0","0","0","0","0","0",-Inf,-Inf,-Inf,-Inf,"1",1,7,1,0,0
"1075","201617","Portsea Franklin rd west","MP","201617_Portsea Franklin rd west_2",87,99,107,2016-09-29,2016-10-11,2016-10-19,"N","L1","foredune/face","1",0,0,0,0,0,0,0,0,0,0,0,0,0,0,0,0,"1","0","1","0","0","0","0","0",1,-Inf,1,-Inf,"0",2,16,2,8,4
"1076","201617","Portsea Franklin rd west","MP","201617_Portsea Franklin rd west_3",156,156,157,2016-12-07,2016-12-07,2016-12-08,"Y","L3","beach","1",3,0,0,0,0,0,0,10,6,0,0,0,0,0,0,20,"1","0","0","0","0","0","1","0",2,-Inf,-Inf,-Inf,"0",2,0.5,0,1,0.5
"1077","201617","Portsea Franklin rd west","MP","201617_Portsea Franklin rd west_4",176,194,195,2016-12-27,2017-01-14,2017-01-15,"Y","L3","foredune/face","1",2,0,0,0,0,0,0,0.5,4,0,0,0,0,0,0,1,"1","0","0","0","0","0","1","0",1,-Inf,-Inf,-Inf,"0",2,18.5,2,1,0.5
"1078","201617","Portsea Franklin rd west","MP","201617_Portsea Franklin rd west_5",205,226,230,2017-01-25,2017-02-15,2017-02-19,"Y","L3","beach","1",3,0,0,0,0,0,0,0,4,0,0,0,0,0,0,0,"1","0","1","0","0","0","0","0",1,-Inf,1,-Inf,"0",2,23,2,4,2
"1079","201617","Rye car park west","MP","201617_Rye car park west_1",78,106,108,2016-09-20,2016-10-18,2016-10-20,"Y","L3","dune","1",0,0,0,0,0,0,0,0,0,0,0,0,0,0,0,0,"1","0","1","0","0","0","0","0",2,-Inf,2,-Inf,"2",2,29,0,2,1
"1080","201617","Flinders, Mushroom Reef, HP","MP","201617_Flinders_1",104,106,107,2016-10-16,2016-10-18,2016-10-19,"Y","L3","foredune/face","1",0,0,0,0,0,0,0,0,0,0,0,0,0,0,0,0,"0","0","0","0","0","0","0","0",-Inf,-Inf,-Inf,-Inf,"0",2,2.5,0,1,0.5
"1081","201617","Flinders, Mushroom Reef, HP","MP","201617_Flinders_2",122,123,124,2016-11-03,2016-11-04,2016-11-05,"Y","L3","beach","1",0,0,0,0,0,0,0,0,0,0,0,0,0,0,0,0,"0","0","0","0","0","0","0","0",-Inf,-Inf,-Inf,-Inf,"0",2,1.5,1,1,0.5
"1082","201617","Flinders, Mushroom Reef, HP","MP","201617_Flinders_3",141,153,155,2016-11-22,2016-12-04,2016-12-06,"Y","L3","beach","1",3.5,0,0,0,0,0,0,0,7,0,0,0,0,0,0,0,"1","0","0","0","0","0","0","0",3,-Inf,-Inf,-Inf,"0",2,13,1,2,1
"1083","201617","Flinders, Mushroom Reef, HP","MP","201617_Flinders_4",180,182,184,2016-12-31,2017-01-02,2017-01-04,"Y","L3","beach","1",11,0,0,0,0,0,2,14,14,0,0,0,0,0,4,20,"1","0","0","0","0","1","1","0",3,-Inf,-Inf,-Inf,"0",2,3,3,2,1
"1084","201617","Montforts","MP","201617_Montforts_1",88,93,93,2016-09-30,2016-10-05,2016-10-05,"Y","L2","dune","0",0,0,0,0,0,0,0,0,0,0,0,0,0,0,0,0,"1","0","1","0","0","0","0","0",3,-Inf,2,-Inf,"0",1,5,0,0,0
"1085","201617","Montforts","MP","201617_Montforts_2",165,185,185,2016-12-16,2017-01-05,2017-01-05,"Y","L2","foredune/face","0",17,0,0,0,0,0,0,0,17,0,0,0,0,0,0,0,"1","0","0","0","0","0","0","0",1,-Inf,-Inf,-Inf,"0",1,20,1,0,0
"1086","201617","Montforts","MP","201617_Montforts_3",206,232,233,2017-01-26,2017-02-21,2017-02-22,"Y","L3","foredune/face","1",6,0,0,0,0,0,0,2,12,0,0,0,0,0,0,4,"1","0","1","0","0","0","1","0",1,-Inf,1,-Inf,"0",2,26.5,0,1,0.5
"1087","201617","Point King Rd, Portsea","MP","201617_Point King Rd, Portsea_1",172,181,186,2016-12-23,2017-01-01,2017-01-06,"Y","L3","beach","1",11.5,0,6,0.5,5.5,0,0,0,13,0,8,1,7,0,0,0,"1","0","1","1","1","0","0","0",3,-Inf,3,-Inf,"0",2,11.5,6,5,2.5
"1088","201617","Coppins Lookout","MP","201617_Coppins Lookout_1",93,117,121,2016-10-05,2016-10-29,2016-11-02,"Y","L3","dune","1",0,0,0,0,0,0,0,0,0,0,0,0,0,0,0,0,"1","0","0","0","0","0","0","0",3,-Inf,-Inf,-Inf,"0",2,26,3,4,2
"1089","201617","Coppins Lookout","MP","201617_Coppins Lookout_2",138,155,161,2016-11-19,2016-12-06,2016-12-12,"Y","L2","dune","1",15.5,0,0,0,0,0,1,6,29,0,0,0,0,0,2,12,"1","0","0","0","0","1","1","0",3,-Inf,-Inf,-Inf,"1",2,20,2,6,3
"1090","201617","Coppins Lookout","MP","201617_Coppins Lookout_4",205,226,226,2017-01-25,2017-02-15,2017-02-15,"Y","L3","foredune/face","0",7,0,0,0,0,0,1,4,7,0,0,0,0,0,1,4,"1","0","1","0","0","1","1","0",1,-Inf,1,-Inf,"0",1,21,0,0,0
"1091","201617","Point Leo","MP","201617_Point Leo_1",137,137,143,2016-11-18,2016-11-18,2016-11-24,"Y","L3","dune","1",2.66666666666667,0,0,0,0,0,2.33333333333333,1.66666666666667,6,0,0,0,0,0,7,5,"1","0","1","0","0","1","1","0",1,-Inf,1,-Inf,"1",3,3,2,6,3
"1092","201617","Pt Nepean (authorised personnel only) - Spooks","MP","201617_Pt Nepean (authorised personnel only) - Spooks_1",65,80,93,2016-09-07,2016-09-22,2016-10-05,"N","L0","beach","1",0,0,0,0,0,0,0,0,0,0,0,0,0,0,0,0,"1","0","0","0","0","0","0","0",2,-Inf,-Inf,-Inf,"1",2,21.5,11,13,6.5
"1093","201617","Pt Nepean (authorised personnel only) - Spooks","MP","201617_Pt Nepean (authorised personnel only) - Spooks_2",170,185,199,2016-12-21,2017-01-05,2017-01-19,"N","L0","beach","1",6,0,0,0,0,0,0.5,0,12,0,0,0,0,0,1,0,"1","0","0","0","0","1","0","0",1,-Inf,-Inf,-Inf,"1",2,22,15,14,7
"1094","201617","Pt Nepean (authorised personnel only) - Spooks","MP","201617_Pt Nepean (authorised personnel only) - Spooks_3",241,258,258,2017-03-02,2017-03-19,2017-03-19,"N","L0","dune","0",0,0,0,0,0,0,0,0,0,0,0,0,0,0,0,0,"0","0","0","0","0","0","0","0",-Inf,-Inf,-Inf,-Inf,"0",1,17,1,0,0
"1095","201617","Pt Nepean (authorised personnel only) - Borgs Rocks","MP","201617_Pt Nepean (authorised personnel only) - Borgs Rocks_1",80,96,96,2016-09-22,2016-10-08,2016-10-08,"N","L0","beach","0",0,0,0,0,0,0,0,0,0,0,0,0,0,0,0,0,"0","0","0","0","0","0","0","0",-Inf,-Inf,-Inf,-Inf,"0",1,16,1,0,0
"1096","201617","Pt Nepean (authorised personnel only) - Borgs Rocks","MP","201617_Pt Nepean (authorised personnel only) - Borgs Rocks_2",140,157,170,2016-11-21,2016-12-08,2016-12-21,"N","L0","beach","1",0,0,0,0,0,0,0,0,0,0,0,0,0,0,0,0,"0","0","0","0","0","0","0","0",-Inf,-Inf,-Inf,-Inf,"1",2,23.5,5,13,6.5
"1097","201617","Pt Nepean (authorised personnel only) - Borgs Rocks","MP","201617_Pt Nepean (authorised personnel only) - Borgs Rocks_3",185,185,199,2017-01-05,2017-01-05,2017-01-19,"N","L0","beach","1",0,0,0,0,0,0,0,6,0,0,0,0,0,0,0,12,"0","0","0","0","0","0","1","0",-Inf,-Inf,-Inf,-Inf,"1",2,7,15,14,7
"1098","201617","Pt Nepean (authorised personnel only) - Cheviot Beach","MP","201617_Pt Nepean (authorised personnel only) - Cheviot Beach_1",211,211,217,2017-01-31,2017-01-31,2017-02-06,"N","L0","beach","1",0,0,0,0,0,0,0,0,0,0,0,0,0,0,0,0,"0","0","0","0","0","0","0","0",-Inf,-Inf,-Inf,-Inf,"1",2,3,2,6,3
"1099","201617","Pt Nepean (authorised personnel only) - CT Cove","MP","201617_Pt Nepean (authorised personnel only) - CT Cove_1",157,157,170,2016-12-08,2016-12-08,2016-12-21,"N","L0","beach","1",0,0,0,0,0,0,0,0,0,0,0,0,0,0,0,0,"0","0","0","0","0","0","0","0",-Inf,-Inf,-Inf,-Inf,"0",2,6.5,5,13,6.5
"1100","201617","Pt Nepean (authorised personnel only) - CT Cove","MP","201617_Pt Nepean (authorised personnel only) - CT Cove_2",185,185,199,2017-01-05,2017-01-05,2017-01-19,"N","L0","beach","1",0,0,0,0,0,0,0,0,0,0,0,0,0,0,0,0,"0","0","0","0","0","0","0","0",-Inf,-Inf,-Inf,-Inf,"1",2,7,15,14,7
"1101","201617","Pt Nepean (authorised personnel only) - Sierra Nevada Rocks","MP","201617_Pt Nepean (authorised personnel only) - Sierra Nevada Rocks_1",126,126,140,2016-11-07,2016-11-07,2016-11-21,"N","L0","beach","1",0.5,0,0,0,0,0,0,0,1,0,0,0,0,0,0,0,"1","0","0","0","0","0","0","0",1,-Inf,-Inf,-Inf,"1",2,7,4,14,7
"1102","201617","Pt Nepean (authorised personnel only) - Sierra Nevada Rocks","MP","201617_Pt Nepean (authorised personnel only) - Sierra Nevada Rocks_2",185,199,199,2017-01-05,2017-01-19,2017-01-19,"N","L0","beach","0",0,0,0,0,0,0,0,0,0,0,0,0,0,0,0,0,"1","0","0","0","0","0","0","0",1,-Inf,-Inf,-Inf,"1",1,14,1,0,0
"1103","201617","Somers, Sandy Point","MP","201617_Somers, Sandy Point_1",86,86,86,2016-09-28,2016-09-28,2016-09-28,"N","L1","beach","0",0,0,0,0,0,0,0,0,0,0,0,0,0,0,0,0,"0","1","0","0","0","0","0","0",-Inf,3,-Inf,-Inf,"2",1,0,1,0,0
"1104","201718","Gunnamatta Fingal Tk (P4)","MP","201718_Gunnamatta Fingal Tk (P4)_1",119,149,149,2017-10-31,2017-11-30,2017-11-30,"Y","L3","beach","1",0,0,0,0,0,0,0,0,0,0,0,0,0,0,0,0,"0","0","0","0","0","0","0","0",-Inf,-Inf,-Inf,-Inf,"0",1,30,0,0,0
"1105","201718","Gunnamatta Fingal Tk (P4)","MP","201718_Gunnamatta Fingal Tk (P4)_2",161,183,189,2017-12-12,2018-01-03,2018-01-09,"Y","L3","beach","1",0.666666666666667,0,0,0,0,0,0.666666666666667,0,2,0,0,0,0,0,2,0,"1","0","0","0","0","1","0","0",-Inf,-Inf,-Inf,-Inf,"1",3,25,7,6,3
"1106","201718","Koonya East","MP","201718_Koonya East_1",106,114,116,2017-10-18,2017-10-26,2017-10-28,"Y","L3","foredune/face","1",2,0,0,0,0,0,0,0,4,0,0,0,0,0,0,0,"1","0","0","0","0","0","0","0",2,-Inf,-Inf,-Inf,"1",2,9,1,2,1
"1107","201718","Koonya East","MP","201718_Koonya East_2",136,153,153,2017-11-17,2017-12-04,2017-12-04,"Y","L3","beach","0",0,0,0,0,0,0,2,0,0,0,0,0,0,0,2,0,"1","0","0","0","0","1","0","0",2,-Inf,-Inf,-Inf,"0",1,17,0,0,0
"1108","201718","Koonya West","MP","201718_Koonya West_1",82,83,86,2017-09-24,2017-09-25,2017-09-28,"N","L1","foredune/face","1",1,0,0,0,0,0,0,0,2,0,0,0,0,0,0,0,"1","0","0","0","0","0","0","0",3,-Inf,-Inf,-Inf,"0",2,2.5,4,3,1.5
"1109","201718","Koonya West","MP","201718_Koonya West_2",106,124,125,2017-10-18,2017-11-05,2017-11-06,"N","L0","dune","1",3.5,0,0,0,0,0,0,3.5,5,0,0,0,0,0,0,5,"1","0","1","0","0","0","1","0",3,-Inf,1,-Inf,"0",2,18.5,1,1,0.5
"1110","201718","Koonya West","MP","201718_Koonya West_3",159,168,170,2017-12-10,2017-12-19,2017-12-21,"Y","L3","foredune/face","1",0,0,0,0,0,0,0,0,0,0,0,0,0,0,0,0,"1","0","0","0","0","0","0","0",1,-Inf,-Inf,-Inf,"0",2,10,0,2,1
"1111","201718","Koonya West","MP","201718_Koonya West_4",183,211,211,2018-01-03,2018-01-31,2018-01-31,"Y","L3","foredune/face","0",0,0,0,0,0,0,10,4,0,0,0,0,0,0,10,4,"1","0","1","0","0","1","1","0",3,-Inf,1,-Inf,"2",1,28,0,0,0
"1112","201718","Miami drive east access","MP","201718_Miami drive east access_1",90,118,118,2017-10-02,2017-10-30,2017-10-30,"Y","L3","dune","0",1,0,0,0,0,0,0,3,1,0,0,0,0,0,0,3,"1","0","0","0","0","0","1","0",1,-Inf,-Inf,-Inf,"1",1,28,0,0,0
"1113","201718","Miami drive east access","MP","201718_Miami drive east access_2",208,210,213,2018-01-28,2018-01-30,2018-02-02,"Y","L3","foredune/face","1",0,0,0,0,0,0,0,0,0,0,0,0,0,0,0,0,"1","0","0","0","0","0","0","0",3,-Inf,-Inf,-Inf,"2",3,3.5,0,3,1.5
"1114","201718","Portsea Franklin rd access","MP","201718_Portsea Franklin rd access_1",91,126,126,2017-10-03,2017-11-07,2017-11-07,"Y","L3","foredune/face","0",0,0,0,0,0,0,0,0,0,0,0,0,0,0,0,0,"0","0","0","0","0","0","0","0",-Inf,-Inf,-Inf,-Inf,"1",1,35,1,0,0
"1115","201718","Portsea Franklin rd access","MP","201718_Portsea Franklin rd access_2",158,185,188,2017-12-09,2018-01-05,2018-01-08,"Y","L3","foredune/face","1",0.666666666666667,0,0,0,0,0,0,1.33333333333333,2,0,0,0,0,0,0,4,"1","0","1","0","0","0","1","0",3,-Inf,1,-Inf,"0",3,28.5,4,3,1.5
"1116","201718","St. Andrews car park east","MP","201718_St. Andrews car park east_1",139,169,169,2017-11-20,2017-12-20,2017-12-20,"Y","L3","beach","0",0,0,0,0,0,0,0,2,0,0,0,0,0,0,0,2,"1","0","0","0","0","0","1","0",1,-Inf,-Inf,-Inf,"1",1,30,0,0,0
"1117","201718","St. Andrews car park east","MP","201718_St. Andrews car park east_2",183,189,190,2018-01-03,2018-01-09,2018-01-10,"Y","L3","beach","1",0,0,0,0,0,0,0,2,0,0,0,0,0,0,0,4,"1","0","0","0","0","0","1","0",1,-Inf,-Inf,-Inf,"0",2,6.5,2,1,0.5
"1118","201718","Alison Ave, Rye","MP","201718_Alison ave west Rye_1",116,146,146,2017-10-28,2017-11-27,2017-11-27,"Y","L2","foredune/face","0",0,0,0,0,0,0,0,0,0,0,0,0,0,0,0,0,"0","0","0","0","0","0","0","0",-Inf,-Inf,-Inf,-Inf,"0",1,30,0,0,0
"1119","201718","Alison Ave, Rye","MP","201718_Alison ave west Rye_2",187,215,215,2018-01-07,2018-02-04,2018-02-04,"Y","L3","foredune/face","0",0,0,0,0,0,0,0,0,0,0,0,0,0,0,0,0,"1","0","1","0","0","0","0","0",3,-Inf,1,-Inf,"0",1,28,1,0,0
"1120","201718","Gunida Crt Rye","MP","201718_Gunida Crt Rye_1",93,122,122,2017-10-05,2017-11-03,2017-11-03,"N","L1","foredune/face","0",0,0,0,0,0,0,0,0,0,0,0,0,0,0,0,0,"1","0","1","0","0","0","0","0",1,-Inf,1,-Inf,"0",1,29,0,0,0
"1121","201718","Gunnamatta Fingal Tk East (P5)","MP","201718_Gunnamatta Fingal Tk East (P5)_1",133,157,161,2017-11-14,2017-12-08,2017-12-12,"Y","L3","beach","1",1,0,0,0,0,0,0,1.5,2,0,0,0,0,0,0,3,"1","0","0","0","0","0","1","0",1,-Inf,-Inf,-Inf,"0",2,26,2,4,2
"1122","201718","Gunnamatta Fingal Tk East (P5)","MP","201718_Gunnamatta Fingal Tk East (P5)_2",176,183,189,2017-12-27,2018-01-03,2018-01-09,"Y","L3","foredune/face","1",0,0,0,0,0,0,0,1.33333333333333,0,0,0,0,0,0,0,4,"0","0","0","0","0","0","1","0",-Inf,-Inf,-Inf,-Inf,"0",3,10,7,6,3
"1123","201718","Gunnamatta Fingal Tk West","MP","201718_Gunnamatta Fingal Tk West_1",129,140,146,2017-11-10,2017-11-21,2017-11-27,"Y","L3","beach","1",0,0,0,0,0,0,0.5,0,0,0,0,0,0,0,1,0,"0","0","0","0","0","1","0","0",-Inf,-Inf,-Inf,-Inf,"0",2,14,2,6,3
"1124","201718","Gunnamatta Fingal Tk West","MP","201718_Gunnamatta Fingal Tk West_2",155,169,176,2017-12-06,2017-12-20,2017-12-27,"Y","L3","beach","1",2,0,0,0,0,0,0,0,4,0,0,0,0,0,0,0,"1","0","0","0","0","0","0","0",-Inf,-Inf,-Inf,-Inf,"0",2,17.5,5,7,3.5
"1125","201718","Gunnamatta Fingal Tk West","MP","201718_Gunnamatta Fingal Tk West_3",182,183,189,2018-01-02,2018-01-03,2018-01-09,"Y","L3","beach","1",0,0,0,0,0,0,2.66666666666667,0,0,0,0,0,0,0,8,0,"0","0","0","0","0","1","0","0",-Inf,-Inf,-Inf,-Inf,"0",3,4,7,6,3
"1126","201718","Gunnamatta SLSC Far East (P1)","MP","201718_Gunnamatta SLSC Far East (P1)_1",104,129,133,2017-10-16,2017-11-10,2017-11-14,"Y","L3","beach","1",5.5,0,0.5,0,0.5,0,1,1,7,0,1,0,1,0,2,2,"1","0","1","0","1","1","1","0",-Inf,-Inf,-Inf,-Inf,"0",2,27,2,4,2
"1127","201718","Gunnamatta SLSC Far East (P1)","MP","201718_Gunnamatta SLSC Far East (P1)_2",166,169,176,2017-12-17,2017-12-20,2017-12-27,"Y","L3","beach","1",5,0,0,0,0,0,0,0,10,0,0,0,0,0,0,0,"1","0","0","0","0","0","0","0",-Inf,-Inf,-Inf,-Inf,"0",2,6.5,5,7,3.5
"1128","201718","Gunnamatta SLSC Far East (P1)","MP","201718_Gunnamatta SLSC Far East (P1)_3",182,193,196,2018-01-02,2018-01-13,2018-01-16,"Y","L3","foredune/face","1",0,0,0,0,0,0,0,0,0,0,0,0,0,0,0,0,"1","0","0","0","0","0","0","0",1,-Inf,-Inf,-Inf,"0",2,12.5,4,3,1.5
"1129","201718","Heyfield Pair 2 (east side) Rye","MP","201718_Heyfield Pair 2 (east side) Rye_1",79,97,97,2017-09-21,2017-10-09,2017-10-09,"Y","L3","dune","0",0,0,0,0,0,0,0,0,0,0,0,0,0,0,0,0,"0","0","1","0","0","0","0","0",-Inf,-Inf,1,-Inf,"0",1,18,0,0,0
"1130","201718","Heyfield Pair 2 (east side) Rye","MP","201718_Heyfield Pair 2 (east side) Rye_2",121,143,143,2017-11-02,2017-11-24,2017-11-24,"Y","L3","dune","0",0,0,0,0,0,0,0,0,0,0,0,0,0,0,0,0,"0","0","1","0","0","0","0","0",-Inf,-Inf,2,-Inf,"0",1,22,0,0,0
"1131","201718","Moana crt access (east edge)","MP","201718_Moana crt access (east edge)_1",118,125,132,2017-10-30,2017-11-06,2017-11-13,"N","L1","dune","1",7,0,0,0,0,0,0,0,8,0,0,0,0,0,0,0,"1","0","0","0","0","0","0","0",2,-Inf,-Inf,-Inf,"1",2,10.5,3,7,3.5
"1132","201718","Moana crt access (east edge)","MP","201718_Moana crt access (east edge)_2",153,160,167,2017-12-04,2017-12-11,2017-12-18,"N","L1","foredune/face","1",1.33333333333333,0,0,0,0,0,0,0.333333333333333,3,0,0,0,0,0,0,1,"1","0","1","0","0","0","1","0",2,-Inf,1,-Inf,"1",3,10.5,2,7,3.5
"1133","201718","Moana crt access (east edge)","MP","201718_Moana crt access (east edge)_3",176,182,186,2017-12-27,2018-01-02,2018-01-06,"N","L1","dune","1",1,0,0,0,0,0,0,0.333333333333333,3,0,0,0,0,0,0,1,"1","0","0","0","0","0","1","0",2,-Inf,-Inf,-Inf,"1",3,8,5,4,2
"1134","201718","Portsea Sphinx rocks","MP","201718_Portsea Sphinx rocks_1",188,196,196,2018-01-08,2018-01-16,2018-01-16,"Y","L3","foredune/face","0",0,0,0,0,0,0,0,3,0,0,0,0,0,0,0,3,"1","0","0","0","0","0","1","0",3,-Inf,-Inf,-Inf,"1",1,8,1,0,0
"1135","201718","Rye Big Rock","MP","201718_Rye Big Rock_1",101,133,133,2017-10-13,2017-11-14,2017-11-14,"Y","L3","beach","0",4,0,0,0,0,0,0,0,4,0,0,0,0,0,0,0,"1","0","0","0","0","0","0","0",2,-Inf,-Inf,-Inf,"0",1,32,0,0,0
"1136","201718","Rye Big Rock","MP","201718_Rye Big Rock_2",188,201,202,2018-01-08,2018-01-21,2018-01-22,"Y","L3","beach","1",3.5,0,0.5,0.5,0,0,0,1,5,0,1,1,0,0,0,1,"1","0","1","1","0","0","1","0",3,-Inf,3,-Inf,"2",2,13.5,2,1,0.5
"1137","201718","St Andrews Boags Rocks","MP","201718_St Andrews Boags Rocks_1",111,125,132,2017-10-23,2017-11-06,2017-11-13,"Y","L3","foredune/face","1",0,0,0,0,0,1,0.5,8,0,0,0,0,0,2,1,8,"1","0","1","0","0","1","1","1",2,-Inf,1,2,"1",2,17.5,3,7,3.5
"1138","201718","St Andrews Boags Rocks","MP","201718_St Andrews Boags Rocks_2",146,157,160,2017-11-27,2017-12-08,2017-12-11,"Y","L3","beach","1",0.5,0,0,0,0,0,0,2,1,0,0,0,0,0,0,4,"1","0","0","0","0","0","1","1",1,-Inf,-Inf,2,"1",2,12.5,2,3,1.5
"1139","201718","St Andrews Boags Rocks","MP","201718_St Andrews Boags Rocks_3",167,169,173,2017-12-18,2017-12-20,2017-12-24,"Y","L3","beach","1",0,0,0,0,0,0,1,3,0,0,0,0,0,0,2,4,"1","0","0","0","0","1","1","1",2,-Inf,-Inf,2,"1",2,4,2,4,2
"1140","201718","St Andrews Boags Rocks","MP","201718_St Andrews Boags Rocks_4",180,192,195,2017-12-31,2018-01-12,2018-01-15,"Y","L3","foredune/face","1",0,0,0,0,0,1,0,0,0,0,0,0,0,3,0,0,"0","0","0","0","0","0","0","1",-Inf,-Inf,-Inf,-Inf,"0",3,13.5,4,3,1.5
"1141","201718","Moana crt access west","MP","201718_Moana crt access west_1",111,111,118,2017-10-23,2017-10-23,2017-10-30,"N","L1","dune","1",1,0,0,0,0,0,0,1,1,0,0,0,0,0,0,2,"1","0","1","0","0","0","1","0",2,-Inf,1,-Inf,"1",2,3.5,2,7,3.5
"1142","201718","Moana crt access west","MP","201718_Moana crt access west_2",132,132,139,2017-11-13,2017-11-13,2017-11-20,"Y","L3","beach","1",3,0,0,0,0,0,0,0.5,5,0,0,0,0,0,0,1,"1","0","0","0","0","0","1","0",2,-Inf,-Inf,-Inf,"1",2,3.5,2,7,3.5
"1143","201718","Brewster, Rye","MP","201718_Alison Ave next bay west Rye_1",179,202,202,2017-12-30,2018-01-22,2018-01-22,"N","L1","foredune/face","0",0,0,0,0,0,0,0,0,0,0,0,0,0,0,0,0,"1","0","1","0","0","0","0","0",2,-Inf,2,-Inf,"2",1,23,1,0,0
"1144","201718","Fowlers","MP","201718_Fowlers_1",157,169,172,2017-12-08,2017-12-20,2017-12-23,"Y","L3","beach","1",2,0,1.5,0,1.5,0,0,0,4,0,3,0,3,0,0,0,"1","0","1","0","1","0","0","0",1,-Inf,1,-Inf,"0",2,13.5,1,3,1.5
"1145","201718","Fowlers","MP","201718_Fowlers_2",182,209,210,2018-01-02,2018-01-29,2018-01-30,"Y","L3","foredune/face","1",0,0,0,0,0,0,0,0,0,0,0,0,0,0,0,0,"1","0","0","0","0","0","0","0",1,-Inf,-Inf,-Inf,"1",2,27.5,0,1,0.5
"1146","201718","Portsea Farnsworth/SLSC west","MP","201718_Portsea Farnsworth/SLSC west_1",90,99,101,2017-10-02,2017-10-11,2017-10-13,"Y","L3","foredune/face","1",2,0,0,0,0,0,0,0,3,0,0,0,0,0,0,0,"1","0","0","0","0","0","0","0",1,-Inf,-Inf,-Inf,"1",2,10,0,2,1
"1147","201718","Portsea Farnsworth/SLSC west","MP","201718_Portsea Farnsworth/SLSC west_2",146,169,170,2017-11-27,2017-12-20,2017-12-21,"Y","L3","beach","1",0,0,0,0,0,0,0,0,0,0,0,0,0,0,0,0,"1","0","0","0","0","0","0","0",1,-Inf,-Inf,-Inf,"0",2,23.5,0,1,0.5
"1148","201718","Portsea Farnsworth/SLSC west","MP","201718_Portsea Farnsworth/SLSC west_3",180,211,211,2017-12-31,2018-01-31,2018-01-31,"Y","L3","foredune/face","0",5,0,0,0,0,0,3,4,5,0,0,0,0,0,3,4,"1","0","0","0","0","1","1","0",2,-Inf,-Inf,-Inf,"0",1,31,0,0,0
"1149","201718","St Andrews carpark west","MP","201718_St Andrews carpark west_1",104,111,118,2017-10-16,2017-10-23,2017-10-30,"Y","L3","dune","1",1,0,0,0,0,0,0,1,1,0,0,0,0,0,0,2,"1","0","1","0","0","0","1","0",1,-Inf,1,-Inf,"1",2,10.5,2,7,3.5
"1150","201718","St Andrews carpark west","MP","201718_St Andrews carpark west_2",125,125,132,2017-11-06,2017-11-06,2017-11-13,"Y","L3","dune","1",6,0,0,0,0,0,0,0.5,6,0,0,0,0,0,0,1,"1","0","0","0","0","0","1","0",2,-Inf,-Inf,-Inf,"1",2,3.5,3,7,3.5
"1151","201718","St Andrews carpark west","MP","201718_St Andrews carpark west_3",146,168,168,2017-11-27,2017-12-19,2017-12-19,"Y","L3","beach","0",9,0,0,0,0,0,0,0,9,0,0,0,0,0,0,0,"1","0","0","0","0","0","0","0",1,-Inf,-Inf,-Inf,"0",1,22,0,0,0
"1152","201718","St Andrews carpark west","MP","201718_St Andrews carpark west_4",183,194,195,2018-01-03,2018-01-14,2018-01-15,"Y","L3","beach","1",0,0,0,0,0,0,1,0.5,0,0,0,0,0,0,2,1,"1","0","1","0","0","1","1","0",3,-Inf,2,-Inf,"1",2,11.5,2,1,0.5
"1153","201718","Portsea Franklin rd west","MP","201718_Portsea Franklin rd west_1",66,86,86,2017-09-08,2017-09-28,2017-09-28,"N","L0","dune","0",0,0,0,0,0,0,0,0,0,0,0,0,0,0,0,0,"0","0","0","0","0","0","0","0",-Inf,-Inf,-Inf,-Inf,"0",1,20,1,0,0
"1154","201718","Portsea Franklin rd west","MP","201718_Portsea Franklin rd west_2",128,135,139,2017-11-09,2017-11-16,2017-11-20,"Y","L3","foredune/face","1",0.5,0,0,0,0,0,4,7.5,1,0,0,0,0,0,4,9,"1","0","0","0","0","1","1","0",2,-Inf,-Inf,-Inf,"0",2,9,2,4,2
"1155","201718","Portsea Franklin rd west","MP","201718_Portsea Franklin rd west_3",146,169,172,2017-11-27,2017-12-20,2017-12-23,"Y","L3","foredune/face","1",1,0,0,0,0,0,0,0.5,2,0,0,0,0,0,0,1,"1","0","0","0","0","0","1","0",1,-Inf,-Inf,-Inf,"0",2,24.5,1,3,1.5
"1156","201718","Portsea Franklin rd west","MP","201718_Portsea Franklin rd west_4",179,179,180,2017-12-30,2017-12-30,2017-12-31,"Y","L3","foredune/face","1",7,0,0,0,0,0,4,1,10,0,0,0,0,0,6,2,"1","0","1","0","0","1","1","0",2,-Inf,1,-Inf,"0",2,0.5,2,1,0.5
"1157","201718","Portsea Franklin rd west","MP","201718_Portsea Franklin rd west_5",184,211,211,2018-01-04,2018-01-31,2018-01-31,"Y","L3","dune","0",1,0,0,0,0,0,11,3,1,0,0,0,0,0,11,3,"1","0","0","0","0","1","1","0",1,-Inf,-Inf,-Inf,"0",1,27,0,0,0
"1158","201718","Rye car park west","MP","201718_Rye car park west_1",93,126,127,2017-10-05,2017-11-07,2017-11-08,"N","L1","dune","1",0,0,0,0,0,0,2,1,0,0,0,0,0,0,4,2,"1","0","0","0","0","1","1","0",2,-Inf,-Inf,-Inf,"3",2,33.5,1,1,0.5
"1159","201718","Flinders, Mushroom Reef, HP","MP","201718_Flinders_1",111,113,118,2017-10-23,2017-10-25,2017-10-30,"Y","L3","beach","1",0,0,0,0,0,0,2,18.6666666666667,0,0,0,0,0,0,3,50,"1","0","1","0","0","1","1","0",1,-Inf,1,-Inf,"0",3,4.5,2,5,2.5
"1160","201718","Flinders, Mushroom Reef, HP","MP","201718_Flinders_2",155,167,170,2017-12-06,2017-12-18,2017-12-21,"Y","L3","beach","1",4.5,0,0,0,0,0,0,2,6,0,0,0,0,0,0,4,"1","0","0","0","0","0","1","0",2,-Inf,-Inf,-Inf,"0",2,13.5,0,3,1.5
"1161","201718","Montforts","MP","201718_Montforts_1",153,170,171,2017-12-04,2017-12-21,2017-12-22,"Y","L3","beach","1",0.5,0,0,0,0,0,1,0,1,0,0,0,0,0,2,0,"1","0","0","0","0","1","0","0",1,-Inf,-Inf,-Inf,"0",2,17.5,0,1,0.5
"1162","201718","Montforts","MP","201718_Montforts_2",179,211,211,2017-12-30,2018-01-31,2018-01-31,"Y","L3","foredune/face","0",0,0,0,0,0,0,0,2,0,0,0,0,0,0,0,2,"1","0","0","0","0","0","1","0",2,-Inf,-Inf,-Inf,"0",1,32,0,0,0
"1163","201718","Coppins Lookout","MP","201718_Coppins Lookout_1",105,105,115,2017-10-17,2017-10-17,2017-10-27,"N","L0","dune","1",0,0,0,0,0,0,0,2,0,0,0,0,0,0,0,4,"1","0","1","0","0","0","1","0",3,-Inf,1,-Inf,"1",4,5,2,10,5
"1164","201718","Coppins Lookout","MP","201718_Coppins Lookout_2",123,123,125,2017-11-04,2017-11-04,2017-11-06,"N","L1","dune","1",7.33333333333333,0,0,0,0,0,1.33333333333333,3.33333333333333,11,0,0,0,0,0,4,6,"1","0","0","0","0","1","1","0",3,-Inf,-Inf,-Inf,"1",3,1,2,2,1
"1165","201718","Coppins Lookout","MP","201718_Coppins Lookout_3",155,166,166,2017-12-06,2017-12-17,2017-12-17,"N","L1","foredune/face","0",0,0,0,0,0,0,0,0,0,0,0,0,0,0,0,0,"1","0","0","0","0","0","0","0",1,-Inf,-Inf,-Inf,"0",1,11,1,0,0
"1166","201718","Point Leo","MP","201718_Point Leo_1",155,166,171,2017-12-06,2017-12-17,2017-12-22,"Y","L3","beach","1",6.66666666666667,0,2,0,2,0,0,1,14,0,4,0,4,0,0,3,"1","1","1","0","1","0","1","0",2,1,1,-Inf,"0",3,13.5,1,5,2.5
"1167","201718","Pt Nepean (authorised personnel only) - Spooks","MP","201718_Pt Nepean (authorised personnel only) - Spooks_1",99,99,120,2017-10-11,2017-10-11,2017-11-01,"N","L0","beach","1",0,0,0,0,0,0,0,1,0,0,0,0,0,0,0,2,"1","0","0","0","0","0","1","0",1,-Inf,-Inf,-Inf,"1",2,10.5,6,21,10.5
"1168","201819","Gunnamatta Fingal Tk (P4)","MP","201819_Gunnamatta Fingal Tk (P4)_1",156,185,185,2018-12-07,2019-01-05,2019-01-05,"Y","L3","dune","0",0,0,0,0,0,0,0,0,0,0,0,0,0,0,0,0,"1","0","0","0","0","0","0","0",1,-Inf,-Inf,-Inf,"0",1,29,1,0,0
"1169","201819","Koonya East","MP","201819_Koonya East_1",166,166,170,2018-12-17,2018-12-17,2018-12-21,"Y","L3","foredune/face","1",6.5,0,0,0,0,0,1,2.5,8,0,0,0,0,0,2,3,"1","0","1","0","0","1","1","0",2,-Inf,2,-Inf,"2",2,2,0,4,2
"1170","201819","Koonya East","MP","201819_Koonya East_2",198,227,229,2019-01-18,2019-02-16,2019-02-18,"Y","L3","dune","1",1,0,0,0,0,0,0,2.5,2,0,0,0,0,0,0,5,"1","0","1","0","0","0","1","0",2,-Inf,1,-Inf,"0",2,30,2,2,1
"1171","201819","Koonya West","MP","201819_Koonya West_1",165,188,188,2018-12-16,2019-01-08,2019-01-08,"Y","L3","foredune/face","0",2,0,0,0,0,0,0,6,2,0,0,0,0,0,0,6,"1","0","0","0","0","0","1","0",2,-Inf,-Inf,-Inf,"0",1,23,1,0,0
"1172","201819","Portsea Franklin rd access","MP","201819_Portsea Franklin rd access_1",147,168,168,2018-11-28,2018-12-19,2018-12-19,"Y","L3","beach","0",2,0,0,0,0,0,0,0,2,0,0,0,0,0,0,0,"1","1","1","0","0","0","0","0",1,3,1,-Inf,"1",1,21,0,0,0
"1173","201819","St. Andrews car park east","MP","201819_St. Andrews car park east_1",117,131,131,2018-10-29,2018-11-12,2018-11-12,"Y","L3","beach","0",7,0,0,0,0,0,0,2,7,0,0,0,0,0,0,2,"1","0","0","0","0","0","1","1",3,-Inf,-Inf,1,"1",1,14,0,0,0
"1174","201819","Alison Ave, Rye","MP","201819_Alison Ave West Rye_1",110,112,112,2018-10-22,2018-10-24,2018-10-24,"Y","L3","foredune/face","1",0,0,0,0,0,0,0,1,0,0,0,0,0,0,0,1,"1","0","0","0","0","0","1","0",1,-Inf,-Inf,-Inf,"0",1,2,0,0,0
"1175","201819","Alison Ave, Rye","MP","201819_Alison Ave West Rye_2",120,141,141,2018-11-01,2018-11-22,2018-11-22,"Y","L3","foredune/face","0",0,0,0,0,0,0,0,0,0,0,0,0,0,0,0,0,"1","0","0","0","0","0","0","0",1,-Inf,-Inf,-Inf,"0",1,21,0,0,0
"1176","201819","Alison Ave, Rye","MP","201819_Alison Ave West Rye_3",187,202,202,2019-01-07,2019-01-22,2019-01-22,"N","L1","dune","0",0,0,0,0,0,0,0,0,0,0,0,0,0,0,0,0,"0","0","0","0","0","0","0","0",-Inf,-Inf,-Inf,-Inf,"0",1,15,1,0,0
"1177","201819","Gunida Crt Rye","MP","201819_Rye Big Rock_1",141,150,157,2018-11-22,2018-12-01,2018-12-08,"Y","L3","foredune/face","1",1.5,0,0.5,0,0.5,0,0,0,3,0,1,0,1,0,0,0,"1","0","1","0","1","0","0","0",2,-Inf,2,-Inf,"2",2,12.5,3,7,3.5
"1178","201819","Gunida Crt Rye","MP","201819_Rye Big Rock_2",172,172,173,2018-12-23,2018-12-23,2018-12-24,"Y","L3","foredune/face","1",4,0,0,0,0,0,0,2,8,0,0,0,0,0,0,4,"1","0","1","0","0","0","1","0",2,-Inf,2,-Inf,"2",2,0.5,2,1,0.5
"1179","201819","Gunnamatta Fingal Tk East (P5)","MP","201819_Gunnamatta Fingal Tk East (P5)_1",72,72,79,2018-09-14,2018-09-14,2018-09-21,"N","L0","beach","1",0,0,0,0,0,0,0,3,0,0,0,0,0,0,0,6,"0","0","0","0","0","0","1","0",-Inf,-Inf,-Inf,-Inf,"2",2,3.5,2,7,3.5
"1180","201819","Gunnamatta Fingal Tk East (P5)","MP","201819_Gunnamatta Fingal Tk East (P5)_2",92,99,107,2018-10-04,2018-10-11,2018-10-19,"N","L1","foredune/face","1",0.5,0,0,0,0,0,4,7,1,0,0,0,0,0,8,8,"1","0","0","0","0","1","1","0",-Inf,-Inf,-Inf,-Inf,"0",2,11,2,8,4
"1181","201819","Gunnamatta Fingal Tk East (P5)","MP","201819_Gunnamatta Fingal Tk East (P5)_3",137,146,152,2018-11-18,2018-11-27,2018-12-03,"Y","L3","beach","1",0,0,0,0,0,0,2,5,0,0,0,0,0,0,4,5,"0","0","0","0","0","1","1","0",-Inf,-Inf,-Inf,-Inf,"0",2,12,2,6,3
"1182","201819","Gunnamatta Fingal Tk East (P5)","MP","201819_Gunnamatta Fingal Tk East (P5)_4",164,186,189,2018-12-15,2019-01-06,2019-01-09,"Y","L3","beach","1",0,0,0,0,0,0,0,1.66666666666667,0,0,0,0,0,0,0,5,"1","0","0","0","0","0","1","0",1,-Inf,-Inf,-Inf,"0",3,23.5,4,3,1.5
"1183","201819","Gunnamatta Fingal Tk West","MP","201819_Gunnamatta Fingal Tk West_1",107,107,114,2018-10-19,2018-10-19,2018-10-26,"Y","L3","beach","1",0.5,0,0,0,0,0,2,0,1,0,0,0,0,0,4,0,"1","0","0","0","0","1","0","0",-Inf,-Inf,-Inf,-Inf,"2",2,3.5,2,7,3.5
"1184","201819","Gunnamatta Fingal Tk West","MP","201819_Gunnamatta Fingal Tk West_3",187,204,206,2019-01-07,2019-01-24,2019-01-26,"Y","L3","beach","1",0,0,0,0,0,0,1,0,0,0,0,0,0,0,2,0,"1","0","0","0","0","1","0","0",1,-Inf,-Inf,-Inf,"0",2,18,3,2,1
"1185","201819","Gunnamatta SLSC Far East (P1)","MP","201819_Gunnamatta SLSC Far East (P1)_1",99,107,114,2018-10-11,2018-10-19,2018-10-26,"Y","L3","beach","1",0.5,0,0,0,0,0,0,3.5,1,0,0,0,0,0,0,7,"1","0","0","0","0","0","1","0",-Inf,-Inf,-Inf,-Inf,"0",2,11.5,2,7,3.5
"1186","201819","Gunnamatta SLSC Far East (P1)","MP","201819_Gunnamatta SLSC Far East (P1)_2",121,152,152,2018-11-02,2018-12-03,2018-12-03,"Y","L3","beach","0",0,0,0,0,0,0,1,2,0,0,0,0,0,0,1,2,"0","0","0","0","0","1","1","0",-Inf,-Inf,-Inf,-Inf,"0",1,31,0,0,0
"1187","201819","Gunnamatta SLSC Far East (P1)","MP","201819_Gunnamatta SLSC Far East (P1)_3",179,199,202,2018-12-30,2019-01-19,2019-01-22,"Y","L3","beach","1",0.666666666666667,0,0,0,0,0,1.33333333333333,2,2,0,0,0,0,0,4,3,"1","0","0","0","0","1","1","0",1,-Inf,-Inf,-Inf,"0",3,21.5,4,3,1.5
"1188","201819","Heyfield Pair 2 (east side) Rye","MP","201819_Heyfield Pair 2 (east side) Rye_1",100,123,125,2018-10-12,2018-11-04,2018-11-06,"Y","L3","foredune/face","1",0,0,0,0,0,0,0,0.5,0,0,0,0,0,0,0,1,"1","0","0","0","0","0","1","0",2,-Inf,-Inf,-Inf,"0",2,24,2,2,1
"1189","201819","Heyfield Pair 2 (east side) Rye","MP","201819_Heyfield Pair 2 (east side) Rye_2",141,170,170,2018-11-22,2018-12-21,2018-12-21,"Y","L3","foredune/face","0",0,0,0,0,0,0,0,0,0,0,0,0,0,0,0,0,"0","0","0","0","0","0","0","0",-Inf,-Inf,-Inf,-Inf,"0",1,29,0,0,0
"1190","201819","Moana crt access (east edge)","MP","201819_Moana crt access (east edge)_1",103,110,117,2018-10-15,2018-10-22,2018-10-29,"Y","L2","dune","1",0.5,0,0,0,0,0,0,2,1,0,0,0,0,0,0,4,"1","0","0","0","0","0","1","0",3,-Inf,-Inf,-Inf,"0",2,10.5,2,7,3.5
"1191","201819","Moana crt access (east edge)","MP","201819_Moana crt access (east edge)_2",124,152,152,2018-11-05,2018-12-03,2018-12-03,"Y","L2","dune","0",0,0,0,0,0,0,0,0,0,0,0,0,0,0,0,0,"1","0","0","0","0","0","0","0",2,-Inf,-Inf,-Inf,"0",1,28,0,0,0
"1192","201819","Moana crt access (east edge)","MP","201819_Moana crt access (east edge)_3",169,169,173,2018-12-20,2018-12-20,2018-12-24,"Y","L2","dune","1",10,0,0,0,0,0,0,0,14,0,0,0,0,0,0,0,"1","0","1","0","0","0","0","0",3,-Inf,1,-Inf,"1",2,2,3,4,2
"1193","201819","Moana crt access (east edge)","MP","201819_Moana crt access (east edge)_4",180,195,198,2018-12-31,2019-01-15,2019-01-18,"Y","L3","beach","1",1.5,0,0,0,0,0,0,1,3,0,0,0,0,0,0,2,"1","0","1","0","0","0","1","0",2,-Inf,1,-Inf,"0",2,16.5,4,3,1.5
"1194","201819","Moana crt access (east edge)","MP","201819_Moana crt access (east edge)_5",208,221,222,2019-01-28,2019-02-10,2019-02-11,"Y","L3","beach","1",0.5,0,0,0,0,0,0,0,1,0,0,0,0,0,0,0,"1","0","1","0","0","0","0","0",2,-Inf,1,-Inf,"1",2,13.5,1,1,0.5
"1195","201819","St Andrews Boags Rocks","MP","201819_St Andrews Boags Rocks_1",82,103,110,2018-09-24,2018-10-15,2018-10-22,"Y","L3","dune","1",1.5,0,0,0,0,0,0,5,2,0,0,0,0,0,0,10,"1","0","0","0","0","0","1","1",2,-Inf,-Inf,2,"0",2,24.5,2,7,3.5
"1196","201819","St Andrews Boags Rocks","MP","201819_St Andrews Boags Rocks_2",124,124,131,2018-11-05,2018-11-05,2018-11-12,"N","L1","dune","1",2.5,0,0,0,0,3.5,0,1.5,5,0,0,0,0,7,0,3,"1","0","0","0","0","0","1","1",2,-Inf,-Inf,2,"1",2,3.5,3,7,3.5
"1197","201819","St Andrews Boags Rocks","MP","201819_St Andrews Boags Rocks_3",145,152,154,2018-11-26,2018-12-03,2018-12-05,"Y","L3","beach","1",0.5,0,0,0,0,4,0,1.5,1,0,0,0,0,8,0,3,"1","0","0","0","0","0","1","1",1,-Inf,-Inf,-Inf,"1",2,8,0,2,1
"1198","201819","St Andrews Boags Rocks","MP","201819_St Andrews Boags Rocks_4",166,166,173,2018-12-17,2018-12-17,2018-12-24,"Y","L3","dune","1",11,0,0,0,0,1.5,0,8.5,20,0,0,0,0,3,0,17,"1","0","1","0","0","0","1","1",2,-Inf,1,1,"1",2,3.5,3,7,3.5
"1199","201819","Moana crt access west","MP","201819_Moana crt access west_1",96,103,107,2018-10-08,2018-10-15,2018-10-19,"Y","L3","beach","1",2.5,0,0,0,0,0,0.5,0,3,0,0,0,0,0,1,0,"1","0","1","0","0","1","0","0",2,-Inf,1,-Inf,"1",2,9,0,4,2
"1200","201819","Moana crt access west","MP","201819_Moana crt access west_2",117,117,124,2018-10-29,2018-10-29,2018-11-05,"Y","L3","beach","1",5.5,0,0,0,0,0,0,0,11,0,0,0,0,0,0,0,"1","0","1","0","0","0","0","0",3,-Inf,1,-Inf,"1",2,3.5,2,7,3.5
"1201","201819","Moana crt access west","MP","201819_Moana crt access west_3",131,169,173,2018-11-12,2018-12-20,2018-12-24,"Y","L3","beach","1",1,0,0,0,0,0,0,0,2,0,0,0,0,0,0,0,"1","0","0","0","0","0","0","0",2,-Inf,-Inf,-Inf,"1",2,40,3,4,2
"1202","201819","Rye car park east","MP","201819_Rye car park east_1",135,135,135,2018-11-16,2018-11-16,2018-11-16,"N","L1","dune","1",0,0,0,0,0,0,1,0,0,0,0,0,0,0,1,0,"1","0","0","0","0","1","0","0",2,-Inf,-Inf,-Inf,"0",1,0,0,0,0
"1203","201819","Brewster, Rye","MP","201819_Alison Ave West Bay Rye_1",120,121,122,2018-11-01,2018-11-02,2018-11-03,"N","L0","foredune/face","1",0,0,0,0,0,0,0,7.5,0,0,0,0,0,0,0,15,"0","0","0","0","0","0","1","0",-Inf,-Inf,-Inf,-Inf,"0",2,1.5,1,1,0.5
"1204","201819","Brewster, Rye","MP","201819_Alison Ave West Bay Rye_2",135,144,153,2018-11-16,2018-11-25,2018-12-04,"Y","L3","beach","1",0.5,0,0,0,0,0,0,0,1,0,0,0,0,0,0,0,"1","0","1","0","0","0","0","0",2,-Inf,2,-Inf,"1",2,13.5,3,9,4.5
"1205","201819","Brewster, Rye","MP","201819_Alison Ave West Bay Rye_3",171,195,197,2018-12-22,2019-01-15,2019-01-17,"Y","L3","beach","1",0,0,0,0,0,0,0,0,0,0,0,0,0,0,0,0,"1","0","1","0","0","0","0","0",3,-Inf,2,-Inf,"2",2,25,3,2,1
"1206","201819","Fowlers","MP","201819_Fowlers_1",122,145,145,2018-11-03,2018-11-26,2018-11-26,"N","L1","dune","0",0,0,0,0,0,0,0,3,0,0,0,0,0,0,0,3,"1","0","0","0","0","0","1","0",1,-Inf,-Inf,-Inf,"0",1,23,0,0,0
"1207","201819","Fowlers","MP","201819_Fowlers_2",184,201,201,2019-01-04,2019-01-21,2019-01-21,"Y","L2","foredune/face","0",2,0,0,0,0,0,0,0,2,0,0,0,0,0,0,0,"1","0","0","0","0","0","0","0",2,-Inf,-Inf,-Inf,"0",1,17,1,0,0
"1208","201819","Portsea Farnsworth/SLSC west","MP","201819_Portsea Farnsworth/SLSC west_1",118,140,147,2018-10-30,2018-11-21,2018-11-28,"Y","L3","foredune/face","1",0,0,0,0,0,0,0,0,0,0,0,0,0,0,0,0,"0","0","0","0","0","0","0","0",-Inf,-Inf,-Inf,-Inf,"0",2,25.5,2,7,3.5
"1209","201819","Portsea SLSC east","MP","201819_Portsea SLSC east_1",115,126,133,2018-10-27,2018-11-07,2018-11-14,"Y","L3","beach","1",0,0,0,0,0,0,0,0,0,0,0,0,0,0,0,0,"1","0","0","0","0","0","0","0",1,-Inf,-Inf,-Inf,"1",2,14.5,2,7,3.5
"1210","201819","Portsea Franklin rd west","MP","201819_Portsea Franklin rd west_1",147,158,158,2018-11-28,2018-12-09,2018-12-09,"N","L0","foredune/face","0",0,0,0,0,0,0,0,35,0,0,0,0,0,0,0,35,"1","0","0","0","0","0","1","0",1,-Inf,-Inf,-Inf,"0",1,11,1,0,0
"1211","201819","Rye car park west","MP","201819_Rye car park west_1",124,141,141,2018-11-05,2018-11-22,2018-11-22,"Y","L2","dune","0",0,0,0,0,0,0,0,0,0,0,0,0,0,0,0,0,"1","0","1","0","0","0","0","0",2,-Inf,2,-Inf,"2",1,17,0,0,0
"1212","201819","Flinders, Mushroom Reef, HP","MP","201819_Flinders Mushroom Reef HP_1",109,110,112,2018-10-21,2018-10-22,2018-10-24,"Y","L3","beach","1",0,0,0,0,0,0,1.5,0,0,0,0,0,0,0,3,0,"0","0","0","0","0","1","0","0",-Inf,-Inf,-Inf,-Inf,"0",2,2,0,2,1
"1213","201819","Flinders, Mushroom Reef, HP","MP","201819_Flinders Mushroom Reef HP_2",149,150,152,2018-11-30,2018-12-01,2018-12-03,"N","L0","beach","1",6.5,0,0,0,0,0,0,0,13,0,0,0,0,0,0,0,"1","0","0","0","0","0","0","0",2,-Inf,-Inf,-Inf,"0",2,2,2,2,1
"1214","201819","Montforts","MP","201819_Montforts_1",140,151,154,2018-11-21,2018-12-02,2018-12-05,"Y","L3","beach","1",0,0,0,0,0,0,0.5,7.5,0,0,0,0,0,0,1,15,"1","0","0","0","0","1","1","0",3,-Inf,-Inf,-Inf,"1",2,12.5,1,3,1.5
"1215","201819","Montforts","MP","201819_Montforts_2",187,204,207,2019-01-07,2019-01-24,2019-01-27,"Y","L3","beach","1",1,0,0,0,0,0,0,0.666666666666667,2,0,0,0,0,0,0,2,"1","0","1","0","0","0","1","0",3,-Inf,1,-Inf,"0",3,18.5,4,3,1.5
"1216","201819","Coppins Lookout","MP","201819_Coppins Lookout_1",122,133,133,2018-11-03,2018-11-14,2018-11-14,"N","L0","dune","1",1,0,0,0,0,0,0,0,1,0,0,0,0,0,0,0,"1","0","0","0","0","0","0","0",1,-Inf,-Inf,-Inf,"0",1,11,0,0,0
"1217","201819","Coppins Lookout","MP","201819_Coppins Lookout_2",151,151,161,2018-12-02,2018-12-02,2018-12-12,"N","L0","dune","1",1,0,0,0,0,0,0.5,5,2,0,0,0,0,0,1,10,"1","0","0","0","0","1","1","0",1,-Inf,-Inf,-Inf,"0",2,5,3,10,5
"1218","201819","Coppins Lookout","MP","201819_Coppins Lookout_3",184,193,193,2019-01-04,2019-01-13,2019-01-13,"Y","L2","dune","1",4,0,0,0,0,0,0,7,4,0,0,0,0,0,0,7,"1","0","0","0","0","0","1","0",2,-Inf,-Inf,-Inf,"0",1,9,1,0,0
"1219","201819","Coppins Lookout","MP","201819_Coppins Lookout_4",206,215,220,2019-01-26,2019-02-04,2019-02-09,"Y","L3","dune","1",0,0,0,0,0,0,0,1,0,0,0,0,0,0,0,2,"1","0","0","0","0","0","1","0",1,-Inf,-Inf,-Inf,"0",2,11.5,1,5,2.5
"1220","201819","Pt Nepean (authorised personnel only) - Spooks","MP","201819_Pt Nepean (authorised personnel only) - Spooks_1",147,161,161,2018-11-28,2018-12-12,2018-12-12,"N","L0","dune","0",0,0,0,0,0,0,0,0,0,0,0,0,0,0,0,0,"0","0","0","0","0","0","0","0",-Inf,-Inf,-Inf,-Inf,"1",1,14,0,0,0
"1221","201819","Pt Nepean (authorised personnel only) - Spooks","MP","201819_Pt Nepean (authorised personnel only) - Spooks_2",191,206,216,2019-01-11,2019-01-26,2019-02-05,"N","L0","beach","1",13,0,0,0,0,0,0,3.5,26,0,0,0,0,0,0,7,"1","0","0","0","0","0","1","0",2,-Inf,-Inf,-Inf,"1",2,20,6,10,5
"1222","201819","Pt Nepean (authorised personnel only) - Borgs Rocks","MP","201819_Pt Nepean (authorised personnel only) - Borgs Rocks_1",170,170,176,2018-12-21,2018-12-21,2018-12-27,"N","L0","beach","1",2.5,0,0,0,0,0,0,0,5,0,0,0,0,0,0,0,"1","0","0","0","0","0","0","0",1,-Inf,-Inf,-Inf,"1",2,3,6,6,3
"1223","201819","Pt Nepean (authorised personnel only) - CT Cove","MP","201819_Pt Nepean (authorised personnel only) - CT Cove_1",161,161,170,2018-12-12,2018-12-12,2018-12-21,"N","L0","beach","1",0,0,0,0,0,0,0,0,0,0,0,0,0,0,0,0,"0","0","0","0","0","0","0","0",-Inf,-Inf,-Inf,-Inf,"1",2,4.5,2,9,4.5
"1224","201819","Pt Nepean (authorised personnel only) - Sierra Nevada Rocks","MP","201819_Pt Nepean (authorised personnel only) - Sierra Nevada Rocks_1",147,170,170,2018-11-28,2018-12-21,2018-12-21,"N","L0","beach","0",0,0,0,0,0,0,0,0,0,0,0,0,0,0,0,0,"0","0","0","0","0","0","0","0",-Inf,-Inf,-Inf,-Inf,"1",1,23,0,0,0
"1225","201819","Pt Nepean (authorised personnel only) - Sierra Nevada Rocks","MP","201819_Pt Nepean (authorised personnel only) - Sierra Nevada Rocks_2",191,191,206,2019-01-11,2019-01-11,2019-01-26,"N","L0","beach","1",9.5,0,0,0,0,0,0,0,15,0,0,0,0,0,0,0,"1","0","0","0","0","0","0","0",2,-Inf,-Inf,-Inf,"1",2,7.5,16,15,7.5
"1226","201819","Pt Nepean (authorised personnel only) - Sierra Nevada Rocks","MP","201819_Pt Nepean (authorised personnel only) - Sierra Nevada Rocks_3",206,206,233,2019-01-26,2019-01-26,2019-02-22,"N","L0","beach","1",7.5,0,0,0,0,0,0,0,15,0,0,0,0,0,0,0,"1","0","0","0","0","0","0","0",2,-Inf,-Inf,-Inf,"1",2,13.5,10,27,13.5
"1227","201920","Gunnamatta Fingal Tk (P4)","MP","201920_Gunnamatta Fingal P4_1",147,161,168,2019-11-28,2019-12-12,2019-12-19,"Y","L3","beach","1",0,0,0,0,0,0,0,3.5,0,0,0,0,0,0,0,4,"0","0","0","0","0","0","1","0",-Inf,-Inf,-Inf,-Inf,"2",2,17.5,2,7,3.5
"1228","201920","Gunnamatta Fingal Tk (P4)","MP","201920_Gunnamatta Fingal P4_2",173,191,192,2019-12-24,2020-01-11,2020-01-12,"Y","L3","beach","1",6,0,0,0,0,0,0,2.5,8,0,0,0,0,0,0,5,"1","0","0","0","0","0","1","0",1,-Inf,-Inf,-Inf,"0",2,18.5,2,1,0.5
"1229","201920","Koonya East","MP","201920_Koonya East_2",150,162,165,2019-12-01,2019-12-13,2019-12-16,"Y","L3","foredune/face","1",0,0,0,0,0,0,0,12,0,0,0,0,0,0,0,24,"1","0","1","0","0","0","1","0",3,-Inf,1,-Inf,"1",2,13.5,2,3,1.5
"1230","201920","Koonya East","MP","201920_Koonya East_3",180,196,198,2019-12-31,2020-01-16,2020-01-18,"Y","L3","foredune/face","1",6.66666666666667,0,0,0,0,0,0,0.666666666666667,10,0,0,0,0,0,0,2,"1","0","0","0","0","0","1","0",2,-Inf,-Inf,-Inf,"1",3,17,3,2,1
"1231","201920","Koonya West","MP","201920_Koonya West_1",112,114,117,2019-10-24,2019-10-26,2019-10-29,"Y","L3","dune","1",0.5,0,0,0,0,0,0.5,3,1,0,0,0,0,0,1,4,"1","0","0","0","0","1","1","0",2,-Inf,-Inf,-Inf,"2",2,3.5,2,3,1.5
"1232","201920","Koonya West","MP","201920_Koonya West_3",172,176,181,2019-12-23,2019-12-27,2020-01-01,"N","L1","dune","1",11,0,0,0,0,0,0,0,30,0,0,0,0,0,0,0,"1","0","0","0","0","0","0","0",3,-Inf,-Inf,-Inf,"0",3,6.5,6,5,2.5
"1233","201920","Koonya West","MP","201920_Koonya West_4",194,194,196,2020-01-14,2020-01-14,2020-01-16,"Y","L3","beach","1",0,0,0,0,0,0,0,0,0,0,0,0,0,0,0,0,"1","0","0","0","0","0","0","0",1,-Inf,-Inf,-Inf,"1",2,1,3,2,1
"1234","201920","Portsea Franklin rd access","MP","201920_Portsea Franklin rd access_1",123,140,147,2019-11-04,2019-11-21,2019-11-28,"Y","L3","foredune/face","1",1.5,0,0,0,0,0,1.5,0,3,0,0,0,0,0,2,0,"1","0","0","0","0","1","0","0",1,-Inf,-Inf,-Inf,"0",2,20.5,2,7,3.5
"1235","201920","Gunida Crt Rye","MP","201920_Gunida Crt Rye_2",137,167,167,2019-11-18,2019-12-18,2019-12-18,"N","L1","foredune/face","0",5,0,0,0,0,0,0,0,5,0,0,0,0,0,0,0,"1","0","1","0","0","0","0","0",2,-Inf,1,-Inf,"0",1,30,0,0,0
"1236","201920","Gunida Crt Rye","MP","201920_Gunida Crt Rye_3",184,185,187,2020-01-04,2020-01-05,2020-01-07,"Y","L3","beach","1",4.5,0,0,0,0,0,0,0,8,0,0,0,0,0,0,0,"1","0","1","0","0","0","0","0",3,-Inf,2,-Inf,"2",2,2,3,2,1
"1237","201920","Gunnamatta Fingal Tk East (P5)","MP","201920_Gunnamatta Fingal East P5_1",106,106,108,2019-10-18,2019-10-18,2019-10-20,"Y","L3","beach","1",0,0,0,0,0,0,0,0,0,0,0,0,0,0,0,0,"0","0","0","0","0","0","0","0",-Inf,-Inf,-Inf,-Inf,"0",2,1,2,2,1
"1238","201920","Gunnamatta Fingal Tk East (P5)","MP","201920_Gunnamatta Fingal East P5_2",142,142,147,2019-11-23,2019-11-23,2019-11-28,"N","L0","beach","1",1,0,0,0,0,0,0,1.5,2,0,0,0,0,0,0,3,"1","0","0","0","0","0","1","0",-Inf,-Inf,-Inf,-Inf,"0",2,2.5,2,5,2.5
"1239","201920","Gunnamatta Fingal Tk East (P5)","MP","201920_Gunnamatta Fingal East P5_3",171,185,187,2019-12-22,2020-01-05,2020-01-07,"Y","L3","beach","1",0,0,0,0,0,0,0,0,0,0,0,0,0,0,0,0,"0","0","0","0","0","0","0","0",-Inf,-Inf,-Inf,-Inf,"0",2,15,3,2,1
"1240","201920","Gunnamatta Fingal Tk West","MP","201920_Gunnamatta Fingal Tk West_1",108,114,122,2019-10-20,2019-10-26,2019-11-03,"N","L0","dune","1",3,0,0,0,0,0,1,0,6,0,0,0,0,0,2,0,"1","0","0","0","0","1","0","0",-Inf,-Inf,-Inf,-Inf,"1",2,10,4,8,4
"1241","201920","Gunnamatta Fingal Tk West","MP","201920_Gunnamatta Fingal Tk West_2",142,142,147,2019-11-23,2019-11-23,2019-11-28,"Y","L2","dune","1",0,0,0,0,0,0,0.666666666666667,4.66666666666667,0,0,0,0,0,0,2,10,"1","0","0","0","0","1","1","0",3,-Inf,-Inf,-Inf,"0",3,2.5,2,5,2.5
"1242","201920","Gunnamatta Fingal Tk West","MP","201920_Gunnamatta Fingal Tk West_3",168,185,185,2019-12-19,2020-01-05,2020-01-05,"Y","L4","foredune/face","0",2,0,0,0,0,0,0,0,2,0,0,0,0,0,0,0,"1","0","0","0","0","0","0","0",-Inf,-Inf,-Inf,-Inf,"0",1,17,1,0,0
"1243","201920","Gunnamatta SLSC Far East (P1)","MP","201920_Gunnamatta SLSC Far East P1_1",103,114,122,2019-10-15,2019-10-26,2019-11-03,"N","L0","dune","1",0,0,0,0,0,0,0,1,0,0,0,0,0,0,0,2,"0","0","0","0","0","0","1","0",-Inf,-Inf,-Inf,-Inf,"1",2,15,4,8,4
"1244","201920","Gunnamatta SLSC Far East (P1)","MP","201920_Gunnamatta SLSC Far East P1_2",168,191,192,2019-12-19,2020-01-11,2020-01-12,"Y","L3","foredune/face","1",4.5,0,0,0,0,0,7,5,5,0,0,0,0,0,14,5,"1","0","0","0","0","1","1","0",1,-Inf,-Inf,-Inf,"0",2,23.5,2,1,0.5
"1245","201920","Heyfield Pair 2 (east side) Rye","MP","201920_Heyfield Pair 2 (east side) Rye_1",89,110,112,2019-10-01,2019-10-22,2019-10-24,"Y","L3","dune","1",0,0,0,0,0,0,0,0,0,0,0,0,0,0,0,0,"0","0","0","0","0","0","0","0",-Inf,-Inf,-Inf,-Inf,"0",2,22,0,2,1
"1246","201920","Heyfield Pair 2 (east side) Rye","MP","201920_Heyfield Pair 2 (east side) Rye_2",147,167,167,2019-11-28,2019-12-18,2019-12-18,"Y","L3","dune","0",5,0,0,0,0,0,0,0,5,0,0,0,0,0,0,0,"1","0","1","0","0","0","0","0",2,-Inf,1,-Inf,"0",1,20,0,0,0
"1247","201920","Moana crt access (east edge)","MP","201920_Moana crt access east edge_1",109,125,134,2019-10-21,2019-11-06,2019-11-15,"Y","L2","dune","1",0,0,0,0,0,0,0,0,0,0,0,0,0,0,0,0,"1","0","0","0","0","0","0","0",3,-Inf,-Inf,-Inf,"0",2,20.5,2,9,4.5
"1248","201920","Moana crt access (east edge)","MP","201920_Moana crt access east edge_2",158,158,165,2019-12-09,2019-12-09,2019-12-16,"Y","L3","beach","1",2.5,0,0,0,0,0,0.5,0,3,0,0,0,0,0,1,0,"1","0","1","0","0","1","0","0",3,-Inf,1,-Inf,"1",2,3.5,2,7,3.5
"1249","201920","Moana crt access (east edge)","MP","201920_Moana crt access east edge_3",193,194,200,2020-01-13,2020-01-14,2020-01-20,"Y","L2","dune","1",1,0,0,0,0,0,0,0,3,0,0,0,0,0,0,0,"1","0","1","0","0","0","0","0",3,-Inf,1,-Inf,"1",3,4,7,6,3
"1250","201920","Portsea Sphinx rocks","MP","2021920_Portsea Sphinx rocks_1",116,118,124,2019-10-28,2019-10-30,2019-11-05,"Y","L2","dune","1",3.66666666666667,0,0,0,0,0,1.33333333333333,0,11,0,0,0,0,0,2,0,"1","0","1","0","0","1","0","0",2,-Inf,1,-Inf,"0",3,5,3,6,3
"1251","201920","Portsea Sphinx rocks","MP","2021920_Portsea Sphinx rocks_2",134,140,147,2019-11-15,2019-11-21,2019-11-28,"N","L0","foredune/face","1",1,0,0,0,0,0,0.5,1,2,0,0,0,0,0,1,2,"1","0","0","0","0","1","1","0",1,-Inf,-Inf,-Inf,"1",2,9.5,2,7,3.5
"1252","201920","Portsea Sphinx rocks","MP","2021920_Portsea Sphinx rocks_3",156,162,175,2019-12-07,2019-12-13,2019-12-26,"Y","L3","foredune/face","1",1,0,0,0,0,0,1.5,5.5,2,0,0,0,0,0,3,11,"1","0","1","0","0","1","1","0",3,-Inf,1,-Inf,"1",2,12.5,8,13,6.5
"1253","201920","Heyfield Pair 1 (west side) Rye","MP","201920_Heyfield Pair 1 (west side) Rye_1",113,141,141,2019-10-25,2019-11-22,2019-11-22,"Y","L3","beach","0",0,0,0,0,0,0,3,0,0,0,0,0,0,0,3,0,"0","0","0","0","0","1","0","0",-Inf,-Inf,-Inf,-Inf,"0",1,28,0,0,0
"1254","201920","Rye Big Rock","MP","201920_Rye Big Rock_1",92,119,122,2019-10-04,2019-10-31,2019-11-03,"Y","L3","foredune/face","1",1,0,1,1,0,0,0,0,2,0,2,2,0,0,0,0,"1","0","1","1","0","0","0","0",-Inf,-Inf,-Inf,-Inf,"0",2,28.5,2,3,1.5
"1255","201920","Rye Big Rock","MP","201920_Rye Big Rock_2",178,204,204,2019-12-29,2020-01-24,2020-01-24,"Y","L3","foredune/face","0",2,0,0,0,0,0,0,0,2,0,0,0,0,0,0,0,"1","0","0","0","0","0","0","0",2,-Inf,-Inf,-Inf,"0",1,26,1,0,0
"1256","201920","St Andrews Boags Rocks","MP","201920_St Andrews Boags Rocks_1",102,109,125,2019-10-14,2019-10-21,2019-11-06,"Y","L2","dune","1",1,0,0,0,0,0,0,0,2,0,0,0,0,0,0,0,"1","0","0","0","0","0","0","0",2,-Inf,-Inf,-Inf,"1",2,15,5,16,8
"1257","201920","St Andrews Boags Rocks","MP","201920_St Andrews Boags Rocks_3",165,165,172,2019-12-16,2019-12-16,2019-12-23,"Y","L3","beach","1",1.5,0,0,0,0,1.5,0,2.5,3,0,0,0,0,3,0,3,"1","0","0","0","0","0","1","1",2,-Inf,-Inf,1,"1",2,3.5,3,7,3.5
"1258","201920","St Andrews Boags Rocks","MP","201920_St Andrews Boags Rocks_4",179,186,193,2019-12-30,2020-01-06,2020-01-13,"Y","L3","dune","1",1.5,0,0,0,0,0,0,9.5,3,0,0,0,0,0,0,15,"1","0","0","0","0","0","1","1",3,-Inf,-Inf,2,"1",2,10.5,8,7,3.5
"1259","201920","Moana crt access west","MP","201920_Moana crt access west_1",125,125,134,2019-11-06,2019-11-06,2019-11-15,"Y","L3","foredune/face","1",0,0,0,0,0,0,0,0,0,0,0,0,0,0,0,0,"1","0","0","0","0","0","0","0",3,-Inf,-Inf,-Inf,"0",2,4.5,2,9,4.5
"1260","201920","Moana crt access west","MP","201920_Moana crt access west_2",179,181,186,2019-12-30,2020-01-01,2020-01-06,"Y","L2","dune","1",4.5,0,0,0,0,0,0,4,7,0,0,0,0,0,0,8,"1","0","1","0","0","0","1","0",3,-Inf,1,-Inf,"0",2,4.5,6,5,2.5
"1261","201920","Brewster, Rye","MP","201920_Alison ave bay west Rye_1",90,98,110,2019-10-02,2019-10-10,2019-10-22,"Y","L3","beach","1",0,0,0,0,0,0,0,0,0,0,0,0,0,0,0,0,"0","0","0","0","0","0","0","0",-Inf,-Inf,-Inf,-Inf,"0",2,14,4,12,6
"1262","201920","Brewster, Rye","MP","201920_Alison ave bay west Rye_2",154,154,163,2019-12-05,2019-12-05,2019-12-14,"N","L0","foredune/face","1",0,0,0,0,0,0,0,0.5,0,0,0,0,0,0,0,1,"1","0","1","0","0","0","1","0",2,-Inf,1,-Inf,"2",2,4.5,3,9,4.5
"1263","201920","Brewster, Rye","MP","201920_Alison ave bay west Rye_3",187,200,209,2020-01-07,2020-01-20,2020-01-29,"Y","L3","beach","1",0,0,0,0,0,0,0,7,0,0,0,0,0,0,0,14,"1","0","1","0","0","0","1","0",2,-Inf,2,-Inf,"0",2,17.5,9,9,4.5
"1264","201920","Fowlers","MP","201920_Fowlers_2",119,119,119,2019-10-31,2019-10-31,2019-10-31,"N","L0","dune","0",1,0,0,0,0,0,10,0,1,0,0,0,0,0,10,0,"1","0","0","0","0","1","0","0",1,-Inf,-Inf,-Inf,"0",1,0,0,0,0
"1265","201920","Portsea Franklin rd west","MP","201920_Portsea Franklin rd west_1",123,124,134,2019-11-04,2019-11-05,2019-11-15,"Y","L2","dune","1",4.5,0,0,0,0,0,0,0.5,9,0,0,0,0,0,0,1,"1","0","1","0","0","0","1","0",2,-Inf,1,-Inf,"0",2,6,3,10,5
"1266","201920","Portsea Franklin rd west","MP","201920_Portsea Franklin rd west_2",149,178,181,2019-11-30,2019-12-29,2020-01-01,"Y","L3","dune","1",12.5,0,0,0,0,0,4,0.5,20,0,0,0,0,0,5,1,"1","0","0","0","0","1","1","0",2,-Inf,-Inf,-Inf,"1",2,30.5,4,3,1.5
"1267","201920","Portsea Franklin rd west","MP","201920_Portsea Franklin rd west_3",193,196,197,2020-01-13,2020-01-16,2020-01-17,"Y","L3","dune","1",0,0,0,0,0,0,0,0,0,0,0,0,0,0,0,0,"1","0","0","0","0","0","0","0",1,-Inf,-Inf,-Inf,"1",2,3.5,2,1,0.5
"1268","201920","Portsea Franklin rd west","MP","201920_Portsea Franklin rd west_4",205,223,223,2020-01-25,2020-02-12,2020-02-12,"Y","L3","foredune/face","0",0,0,0,0,0,0,4,0,0,0,0,0,0,0,4,0,"1","0","0","0","0","1","0","0",1,-Inf,-Inf,-Inf,"1",1,18,0,0,0
"1269","201920","Rye car park west","MP","201920_Rye Car park West_1",97,104,109,2019-10-09,2019-10-16,2019-10-21,"Y","L2","foredune/face","1",0,0,0,0,0,0,0,0,0,0,0,0,0,0,0,0,"0","0","1","0","0","0","0","0",-Inf,-Inf,2,-Inf,"1",2,9.5,2,5,2.5
"1270","201920","Rye car park west","MP","201920_Rye Car park West_2",194,203,216,2020-01-14,2020-01-23,2020-02-05,"Y","L2","dune","1",0,0,0,0,0,0,0,0,0,0,0,0,0,0,0,0,"0","0","0","0","0","0","0","0",-Inf,-Inf,-Inf,-Inf,"2",2,15.5,8,13,6.5
"1271","201920","Flinders, Mushroom Reef, HP","MP","201920_Flinders Mushroom Reef HP_1",192,192,202,2020-01-12,2020-01-12,2020-01-22,"Y","L3","beach","1",2.5,0,0,0,0,0,0,1.5,5,0,0,0,0,0,0,3,"1","0","0","0","0","0","1","0",3,-Inf,-Inf,-Inf,"0",2,5,11,10,5
"1272","201920","Montforts","MP","201920_Montforts_1",160,183,183,2019-12-11,2020-01-03,2020-01-03,"Y","L3","foredune/face","0",28,0,0,0,0,0,0,3,28,0,0,0,0,0,0,3,"1","0","0","0","0","0","1","0",3,-Inf,-Inf,-Inf,"0",1,23,1,0,0
"1273","201920","Coppins Lookout","MP","201920_Coppins Lookout_1",116,116,149,2019-10-28,2019-10-28,2019-11-30,"Y","L2","dune","1",0.25,0,0,0,0,0,0,0.75,1,0,0,0,0,0,0,2,"1","0","0","0","0","0","1","0",2,-Inf,-Inf,-Inf,"1",4,16.5,10,33,16.5
"1274","201920","Coppins Lookout","MP","201920_Coppins Lookout_2",177,194,196,2019-12-28,2020-01-14,2020-01-16,"Y","L3","beach","1",0,0,0,0,0,0,0,0.5,0,0,0,0,0,0,0,1,"1","0","0","0","0","0","1","0",1,-Inf,-Inf,-Inf,"0",2,18,3,2,1
"1275","201920","Coppins Lookout","MP","201920_Coppins Lookout_3",208,241,242,2020-01-28,2020-03-01,2020-03-02,"Y","L3","beach","1",0,0,0,0,0,0,1,2,0,0,0,0,0,0,2,4,"1","0","1","0","0","1","1","0",2,-Inf,1,-Inf,"1",2,33.5,1,1,0.5
"1276","201920","Pt Nepean (authorised personnel only) - Spooks","MP","201920_Pt Nepean Spooks_1",90,90,104,2019-10-02,2019-10-02,2019-10-16,"N","L0","dune","1",3.5,0,0,0,0,0,0,1,7,0,0,0,0,0,0,2,"1","0","0","0","0","0","1","0",1,-Inf,-Inf,-Inf,"1",2,7,7,14,7
"1277","201920","Pt Nepean (authorised personnel only) - Spooks","MP","201920_Pt Nepean Spooks_2",166,166,182,2019-12-17,2019-12-17,2020-01-02,"N","L0","beach","1",4,0,0,0,0,0,0,0,4,0,0,0,0,0,0,0,"1","0","0","0","0","0","0","0",1,-Inf,-Inf,-Inf,"1",2,8,13,16,8
"1278","201920","Pt Nepean (authorised personnel only) - CT Cove","MP","201920_Pt Nepean CT Cove_1",104,104,118,2019-10-16,2019-10-16,2019-10-30,"N","L0","beach","1",0,0,0,0,0,0,0,0,0,0,0,0,0,0,0,0,"0","0","0","0","0","0","0","0",-Inf,-Inf,-Inf,-Inf,"0",2,7,4,14,7
"1279","201920","Pt Nepean (authorised personnel only) - Sierra Nevada Rocks","MP","201920_Pt Nepean Sierra Nevada Rocks_1",90,104,118,2019-10-02,2019-10-16,2019-10-30,"N","L0","beach","1",0,0,0,0,0,0,0,2.5,0,0,0,0,0,0,0,3,"1","0","0","0","0","0","1","0",1,-Inf,-Inf,-Inf,"1",2,21,4,14,7
"1280","201920","Pt Nepean (authorised personnel only) - Sierra Nevada Rocks","MP","201920_Pt Nepean Sierra Nevada Rocks_2",166,166,182,2019-12-17,2019-12-17,2020-01-02,"N","L0","beach","1",0,0,0,0,0,0,0,0,0,0,0,0,0,0,0,0,"1","0","0","0","0","0","0","0",1,-Inf,-Inf,-Inf,"1",2,8,13,16,8
"1281","201920","Pt Nepean, Nepean Bay","MP","201920_Pt Nepean, Nepean Bay_1",183,196,196,2020-01-03,2020-01-16,2020-01-16,"Y","L3","beach","0",4,0,0,0,0,0,0,0,4,0,0,0,0,0,0,0,"1","0","0","0","0","0","0","0",1,-Inf,-Inf,-Inf,"0",1,13,1,0,0
"1282","202021","Gunnamatta Fingal Tk (P4)","MP","202021_Gunnamatta Fingal Tk (P4)_1",100,100,109,2020-10-12,2020-10-12,2020-10-21,"Y","L2","foredune/face","1",1.5,0,0,0,0,0,1,0,3,0,0,0,0,0,2,0,"1","0","0","0","0","1","0","0",1,-Inf,-Inf,-Inf,"1",2,4.5,2,9,4.5
"1283","202021","Gunnamatta Fingal Tk (P4)","MP","202021_Gunnamatta Fingal Tk (P4)_2",116,136,140,2020-10-28,2020-11-17,2020-11-21,"Y","L2","dune","1",3.5,0,0,0,0,0,0,0,5,0,0,0,0,0,0,0,"1","0","0","0","0","0","0","0",-Inf,-Inf,-Inf,-Inf,"0",2,22,1,4,2
"1284","202021","Koonya East","MP","202021_Koonya East_1",102,102,116,2020-10-14,2020-10-14,2020-10-28,"Y","L3","foredune/face","1",2.66666666666667,0,0,0,0,0,2,2.33333333333333,6,0,0,0,0,0,4,3,"1","0","1","0","0","1","1","0",2,-Inf,1,-Inf,"1",3,7,4,14,7
"1285","202021","Koonya East","MP","202021_Koonya East_2",169,180,187,2020-12-20,2020-12-31,2021-01-07,"Y","L3","dune","1",6.33333333333333,0,0,0,0,0,0,0,8,0,0,0,0,0,0,0,"1","0","1","0","0","0","0","0",3,-Inf,1,-Inf,"1",3,14.5,8,7,3.5
"1286","202021","Koonya West","MP","202021_Koonya West_1",146,149,152,2020-11-27,2020-11-30,2020-12-03,"Y","L2","foredune/face","1",8,0,0,0,0,0,0,3,16,0,0,0,0,0,0,3,"1","0","1","0","0","0","1","0",3,-Inf,1,-Inf,"1",2,4.5,0,3,1.5
"1287","202021","Koonya West","MP","202021_Koonya West_2",169,183,187,2020-12-20,2021-01-03,2021-01-07,"Y","L3","beach","1",5.5,0,0,0,0,0,0,0,6,0,0,0,0,0,0,0,"1","0","0","0","0","0","0","0",3,-Inf,-Inf,-Inf,"0",2,16,5,4,2
"1288","202021","Koonya West","MP","202021_Koonya West_3",187,192,194,2021-01-07,2021-01-12,2021-01-14,"Y","L3","beach","1",2.5,0,0,0,0,0,0,11,5,0,0,0,0,0,0,22,"1","0","1","0","0","0","1","0",3,-Inf,1,-Inf,"0",2,6,3,2,1
"1289","202021","Miami drive east access","MP","202021_Miami drive east access_1",86,96,96,2020-09-28,2020-10-08,2020-10-08,"Y","L2","dune","1",2,0,0,0,0,0,0,0,2,0,0,0,0,0,0,0,"1","0","0","0","0","0","0","0",1,-Inf,-Inf,-Inf,"0",1,10,0,0,0
"1290","202021","Miami drive east access","MP","202021_Miami drive east access_2",121,121,128,2020-11-02,2020-11-02,2020-11-09,"Y","L2","dune","1",3.5,0,0,0,0,0,2,2.5,6,0,0,0,0,0,4,3,"1","0","1","0","0","1","1","0",2,-Inf,1,-Inf,"1",2,3.5,3,7,3.5
"1291","202021","Miami drive east access","MP","202021_Miami drive east access_3",163,176,177,2020-12-14,2020-12-27,2020-12-28,"Y","L3","dune","1",7.5,0,0,0,0,0,0,0,14,0,0,0,0,0,0,0,"1","0","1","0","0","0","0","0",2,-Inf,1,-Inf,"0",2,13.5,2,1,0.5
"1292","202021","Portsea Franklin rd access","MP","202021_Portsea Franklin rd access_1",88,89,100,2020-09-30,2020-10-01,2020-10-12,"Y","L2","foredune/face","1",0.333333333333333,0,0,0,0,0,1,0.333333333333333,1,0,0,0,0,0,3,1,"1","0","1","0","0","1","1","0",2,-Inf,1,-Inf,"0",3,6.5,6,11,5.5
"1293","202021","Portsea Franklin rd access","MP","202021_Portsea Franklin rd access_2",128,137,146,2020-11-09,2020-11-18,2020-11-27,"Y","L3","beach","1",4,0,0,0,0,0,1,2,4,0,0,0,0,0,2,4,"1","0","0","0","0","1","1","0",1,-Inf,-Inf,-Inf,"1",2,13.5,2,9,4.5
"1294","202021","Portsea Franklin rd access","MP","202021_Portsea Franklin rd access_3",178,185,185,2020-12-29,2021-01-05,2021-01-05,"Y","L3","beach","0",10,0,1,1,0,0,3,0,10,0,1,1,0,0,3,0,"1","0","1","1","0","1","0","0",2,-Inf,1,-Inf,"0",1,7,1,0,0
"1295","202021","St. Andrews car park east","MP","202021_St Andrews car park east_1",110,110,111,2020-10-22,2020-10-22,2020-10-23,"N","L0","foredune/face","1",6,0,0,0,0,0,0,4.5,8,0,0,0,0,0,0,6,"1","0","0","0","0","0","1","0",1,-Inf,-Inf,-Inf,"1",2,0.5,0,1,0.5
"1296","202021","St. Andrews car park east","MP","202021_St Andrews car park east_2",114,117,121,2020-10-26,2020-10-29,2020-11-02,"Y","L3","dune","1",16.5,0,0,0,0,0,0,0.5,20,0,0,0,0,0,0,1,"1","0","0","0","0","0","1","0",2,-Inf,-Inf,-Inf,"1",2,5,2,4,2
"1297","202021","St. Andrews car park east","MP","202021_St Andrews car park east_3",171,195,198,2020-12-22,2021-01-15,2021-01-18,"Y","L3","beach","1",4.33333333333333,0,0,0,0,1,0,2.33333333333333,8,0,0,0,0,3,0,7,"1","0","1","0","0","0","1","1",3,-Inf,1,1,"1",3,25.5,4,3,1.5
"1298","202021","St. Andrews car park east","MP","202021_St Andrews car park east_4",211,219,223,2021-01-31,2021-02-08,2021-02-12,"Y","L3","beach","1",2,0,0.5,0.5,0,1,0,0,2,0,1,1,0,2,0,0,"1","0","1","1","0","0","0","1",1,-Inf,1,-Inf,"1",2,10,0,4,2
"1299","202021","Alison Ave, Rye","MP","202021_Alison Ave, Rye_1",95,96,103,2020-10-07,2020-10-08,2020-10-15,"N","L1","dune","1",1.33333333333333,0,0.333333333333333,0,0.333333333333333,0,0,0,2,0,1,0,1,0,0,0,"1","0","1","0","1","0","0","0",3,-Inf,2,-Inf,"2",3,4.5,2,7,3.5
"1300","202021","Alison Ave, Rye","MP","202021_Alison Ave, Rye_2",107,108,110,2020-10-19,2020-10-20,2020-10-22,"N","L1","foredune/face","1",3.5,0,0,0,0,0,0,0,6,0,0,0,0,0,0,0,"1","0","1","0","0","0","0","0",3,-Inf,2,-Inf,"2",2,2,0,2,1
"1301","202021","Alison Ave, Rye","MP","202021_Alison Ave, Rye_3",139,167,167,2020-11-20,2020-12-18,2020-12-18,"Y","L3","foredune/face","0",0,0,0,0,0,0,0,1,0,0,0,0,0,0,0,1,"1","0","1","0","0","0","1","0",2,-Inf,2,-Inf,"2",1,28,0,0,0
"1302","202021","Alison Ave, Rye","MP","202021_Alison Ave, Rye_4",185,192,194,2021-01-05,2021-01-12,2021-01-14,"Y","L3","beach","1",3,0,0,0,0,0,0,0,6,0,0,0,0,0,0,0,"1","0","1","0","0","0","0","0",3,-Inf,2,-Inf,"3",2,8,3,2,1
"1303","202021","Alison Ave, Rye","MP","202021_Alison Ave, Rye_5",201,208,212,2021-01-21,2021-01-28,2021-02-01,"Y","L3","beach","1",1.5,0,0,0,0,0,0,0,3,0,0,0,0,0,0,0,"1","0","1","0","0","0","0","0",2,-Inf,2,-Inf,"1",2,9,2,4,2
"1304","202021","Gunnamatta Fingal Tk East (P5)","MP","202021_Gunnamatta Fingal Tk East (P5)_1",94,124,124,2020-10-06,2020-11-05,2020-11-05,"Y","L3","beach","0",2,0,0,0,0,0,1,0,2,0,0,0,0,0,1,0,"1","0","0","0","0","1","0","0",1,-Inf,-Inf,-Inf,"0",1,30,0,0,0
"1305","202021","Gunnamatta Fingal Tk East (P5)","MP","202021_Gunnamatta Fingal Tk East (P5) _2",206,212,217,2021-01-26,2021-02-01,2021-02-06,"N","L0","beach","1",8.5,0,0,0,0,0,0,0,17,0,0,0,0,0,0,0,"1","0","0","0","0","0","0","0",-Inf,-Inf,-Inf,-Inf,"0",2,8.5,1,5,2.5
"1306","202021","Gunnamatta Fingal Tk West","MP","202021_Gunnamatta Fingal Tk West_1",90,100,109,2020-10-02,2020-10-12,2020-10-21,"Y","L2","foredune/face","1",4,0,0,0,0,0,0,0,8,0,0,0,0,0,0,0,"1","0","0","0","0","0","0","0",1,-Inf,-Inf,-Inf,"1",2,14.5,2,9,4.5
"1307","202021","Gunnamatta Fingal Tk West","MP","202021_Gunnamatta Fingal Tk West_2",140,145,148,2020-11-21,2020-11-26,2020-11-29,"Y","L2","foredune/face","1",2,0,0,0,0,0,0,0,4,0,0,0,0,0,0,0,"1","0","0","0","0","0","0","0",-Inf,-Inf,-Inf,-Inf,"0",2,6.5,2,3,1.5
"1308","202021","Gunnamatta SLSC Far East (P1)","MP","202021_Gunnamatta SLSC Far East (P1)_1",109,136,136,2020-10-21,2020-11-17,2020-11-17,"Y","L3","beach","0",2,0,0,0,0,0,0,9,2,0,0,0,0,0,0,9,"1","0","0","0","0","0","1","0",-Inf,-Inf,-Inf,-Inf,"0",1,27,0,0,0
"1309","202021","Gunnamatta SLSC Far East (P1)","MP","202021_Gunnamatta SLSC Far East (P1)_2",162,163,170,2020-12-13,2020-12-14,2020-12-21,"Y","L3","beach","1",2.5,0,0,0,0,0,0,11.5,4,0,0,0,0,0,0,23,"1","0","0","0","0","0","1","0",-Inf,-Inf,-Inf,-Inf,"0",2,4.5,3,7,3.5
"1310","202021","Gunnamatta SLSC Far East (P1)","MP","202021_Gunnamatta SLSC Far East (P1)_3",178,206,206,2020-12-29,2021-01-26,2021-01-26,"Y","L3","beach","0",9,0,0,0,0,0,0,0,9,0,0,0,0,0,0,0,"1","0","0","0","0","0","0","0",2,-Inf,-Inf,-Inf,"0",1,28,1,0,0
"1311","202021","Heyfield Pair 2 (east side) Rye","MP","202021_Heyfield Pair 2 (east side) Rye_1",73,102,102,2020-09-15,2020-10-14,2020-10-14,"Y","L3","foredune/face","0",6,0,0,0,0,0,0,0,6,0,0,0,0,0,0,0,"1","0","0","0","0","0","0","0",3,-Inf,-Inf,-Inf,"0",1,29,0,0,0
"1312","202021","Heyfield Pair 2 (east side) Rye","MP","202021_Heyfield Pair 2 (east side) Rye_2",120,153,153,2020-11-01,2020-12-04,2020-12-04,"Y","L3","dune","0",0,0,0,0,0,0,3,0,0,0,0,0,0,0,3,0,"0","0","0","0","0","1","0","0",-Inf,-Inf,-Inf,-Inf,"0",1,33,0,0,0
"1313","202021","Portsea Sphinx rocks","MP","202021_Portsea Sphinx rocks_1",100,128,128,2020-10-12,2020-11-09,2020-11-09,"Y","L3","foredune/face","0",0,0,0,0,0,0,0,0,0,0,0,0,0,0,0,0,"0","0","0","0","0","0","0","0",-Inf,-Inf,-Inf,-Inf,"0",1,28,0,0,0
"1314","202021","Portsea Sphinx rocks","MP","202021_Portsea Sphinx rocks_2",178,199,205,2020-12-29,2021-01-19,2021-01-25,"Y","L3","beach","1",3.25,0,0,0,0,0,0.25,0.25,9,0,0,0,0,0,1,1,"1","0","0","0","0","1","1","0",2,-Inf,-Inf,-Inf,"0",4,24,7,6,3
"1315","202021","Alison Ave east bay, Rye","MP","202021_Alison Ave east bay, Rye_1",80,108,110,2020-09-22,2020-10-20,2020-10-22,"Y","L3","foredune/face","1",2.66666666666667,0,0,0,0,0,0,1,4,0,0,0,0,0,0,3,"1","0","1","0","0","0","1","0",3,-Inf,2,-Inf,"2",3,29,0,2,1
"1316","202021","Alison Ave east bay, Rye","MP","202021_Alison Ave east bay, Rye_2",124,131,139,2020-11-05,2020-11-12,2020-11-20,"Y","L3","foredune/face","1",0.5,0,0,0,0,0,5,0,1,0,0,0,0,0,10,0,"1","0","1","0","0","1","0","0",3,-Inf,2,-Inf,"3",2,11,2,8,4
"1317","202021","Heyfield Pair 1 (west side) Rye","MP","202021_Heyfield Pair 1 (west side) Rye_1",72,99,99,2020-09-14,2020-10-11,2020-10-11,"Y","L3","beach","0",14,0,0,0,0,0,0,0,14,0,0,0,0,0,0,0,"1","0","1","0","0","0","0","0",3,-Inf,1,-Inf,"0",1,27,1,0,0
"1318","202021","Heyfield Pair 1 (west side) Rye","MP","202021_Heyfield Pair 1 (west side) Rye_2",153,185,187,2020-12-04,2021-01-05,2021-01-07,"Y","L3","beach","1",7.33333333333333,0,0,0,0,0,0,0,22,0,0,0,0,0,0,0,"1","0","1","0","0","0","0","0",3,-Inf,1,-Inf,"0",3,33,3,2,1
"1319","202021","Rye Big Rock","MP","202021_Rye Big Rock_1",71,84,86,2020-09-13,2020-09-26,2020-09-28,"Y","L2","foredune/face","1",2,0,0,0,0,0,0,0,4,0,0,0,0,0,0,0,"1","0","1","0","0","0","0","0",1,-Inf,1,-Inf,"0",2,14,3,2,1
"1320","202021","Rye Big Rock","MP","202021_Rye Big Rock_2",86,108,113,2020-09-28,2020-10-20,2020-10-25,"Y","L3","foredune/face","1",2,0,0,0,0,0,0,1.5,2,0,0,0,0,0,0,3,"1","0","1","0","0","0","1","0",3,-Inf,2,-Inf,"2",2,24.5,2,5,2.5
"1321","202021","Rye Big Rock","MP","202021_Rye Big Rock_3",125,126,131,2020-11-06,2020-11-07,2020-11-12,"Y","L3","dune","1",0,0,0,0,0,0,0,0.5,0,0,0,0,0,0,0,1,"1","0","1","0","0","0","1","0",2,-Inf,2,-Inf,"2",2,3.5,2,5,2.5
"1322","202021","Rye Big Rock","MP","202021_Rye Big Rock_4",176,180,185,2020-12-27,2020-12-31,2021-01-05,"Y","L3","dune","1",2,0,0,0,0,0,0,1,4,0,0,0,0,0,0,2,"1","0","1","0","0","0","1","0",3,-Inf,3,-Inf,"0",2,6.5,6,5,2.5
"1323","202021","St Andrews Boags Rocks","MP","202021_St Andrews Boags Rocks_1",148,160,163,2020-11-29,2020-12-11,2020-12-14,"Y","L3","dune","1",2.5,0,0,0,0,3.5,5,3,3,0,0,0,0,7,10,6,"1","0","1","0","0","1","1","1",2,-Inf,1,1,"1",2,13.5,2,3,1.5
"1324","202021","St Andrews Boags Rocks","MP","202021_St Andrews Boags Rocks_2",175,202,202,2020-12-26,2021-01-22,2021-01-22,"Y","L3","beach","0",0,0,0,0,0,0,0,26,0,0,0,0,0,0,0,26,"1","0","1","0","0","0","1","0",1,-Inf,1,-Inf,"0",1,27,1,0,0
"1325","202021","Moana crt access west","MP","202021_Moana crt access west_1",156,159,163,2020-12-07,2020-12-10,2020-12-14,"Y","L3","dune","1",7,0,0.5,0.5,0,0,0,6.5,8,0,1,1,0,0,0,8,"1","0","1","1","0","0","1","1",3,-Inf,1,1,"1",2,5,2,4,2
"1326","202021","Rye car park east","MP","202021_Rye car park east_1",86,91,94,2020-09-28,2020-10-03,2020-10-06,"Y","L2","dune","1",1.75,0.25,0.25,0.25,0,0,0,0,5,1,1,1,0,0,0,0,"1","1","1","1","0","0","0","0",1,-Inf,1,-Inf,"0",4,6.5,2,3,1.5
"1327","202021","Rye car park east","MP","202021_Rye car park east_2",104,104,107,2020-10-16,2020-10-16,2020-10-19,"N","L1","dune","1",0.5,0,0,0,0,0,0,2,1,0,0,0,0,0,0,4,"1","0","1","0","0","0","1","0",3,-Inf,1,-Inf,"1",2,1.5,2,3,1.5
"1328","202021","Rye car park east","MP","202021_Rye car park east_3",121,121,128,2020-11-02,2020-11-02,2020-11-09,"Y","L2","dune","1",5.5,0,0,0,0,0,0,2.5,8,0,0,0,0,0,0,3,"1","0","1","0","0","0","1","0",2,-Inf,1,-Inf,"1",2,3.5,3,7,3.5
"1329","202021","Rye car park east","MP","202021_Rye car park east_4",135,147,148,2020-11-16,2020-11-28,2020-11-29,"Y","L3","beach","1",5,0,0,0,0,0,0,11,8,0,0,0,0,0,0,22,"1","0","0","0","0","0","1","0",2,-Inf,-Inf,-Inf,"0",2,12.5,2,1,0.5
"1330","202021","Rye car park east","MP","202021_Rye car park east_5",156,159,163,2020-12-07,2020-12-10,2020-12-14,"Y","L3","dune","1",2.5,0,0,0,0,0,0,3.5,4,0,0,0,0,0,0,6,"1","0","1","0","0","0","1","0",3,-Inf,1,-Inf,"1",2,5,2,4,2
"1331","202021","Rye car park east","MP","202021_Rye car park east_6",173,199,200,2020-12-24,2021-01-19,2021-01-20,"Y","L3","beach","1",2.5,0,0.5,0.5,0,0,0,0,4,0,1,1,0,0,0,0,"1","0","1","1","0","0","0","0",2,-Inf,1,-Inf,"1",2,26.5,2,1,0.5
"1332","202021","Brewster, Rye","MP","202021_Brewster, Rye_1",88,95,101,2020-09-30,2020-10-07,2020-10-13,"Y","L3","beach","1",1.5,0,0,0,0,0,0,1.5,2,0,0,0,0,0,0,2,"1","0","1","0","0","0","1","0",2,-Inf,2,-Inf,"2",2,10,2,6,3
"1333","202021","Brewster, Rye","MP","202021_Brewster, Rye_2",107,107,111,2020-10-19,2020-10-19,2020-10-23,"Y","L3","beach","1",1,0,0,0,0,0,0,0.5,2,0,0,0,0,0,0,1,"1","0","1","0","0","0","1","0",3,-Inf,2,-Inf,"2",2,2,0,4,2
"1334","202021","Brewster, Rye","MP","202021_Brewster, Rye_3",124,124,131,2020-11-05,2020-11-05,2020-11-12,"Y","L3","foredune/face","1",0,0,0,0,0,0,0,0.5,0,0,0,0,0,0,0,1,"1","0","1","0","0","0","1","0",2,-Inf,2,-Inf,"3",2,3.5,2,7,3.5
"1335","202021","Brewster, Rye","MP","202021_Brewster, Rye_4",159,190,190,2020-12-10,2021-01-10,2021-01-10,"Y","L3","beach","0",2,0,0,0,0,0,0,2,2,0,0,0,0,0,0,2,"1","0","1","0","0","0","1","0",3,-Inf,3,-Inf,"3",1,31,1,0,0
"1336","202021","Fowlers","MP","202021_Fowlers_1",118,138,143,2020-10-30,2020-11-19,2020-11-24,"Y","L2","foredune/face","1",2,0,0,0,0,0,1,2.5,2,0,0,0,0,0,2,5,"1","0","0","0","0","1","1","0",1,-Inf,-Inf,-Inf,"0",2,22.5,2,5,2.5
"1337","202021","Fowlers","MP","202021_Fowlers_2",154,177,177,2020-12-05,2020-12-28,2020-12-28,"Y","L2","foredune/face","0",10,0,0,0,0,0,0,9,10,0,0,0,0,0,0,9,"1","0","0","0","0","0","1","0",3,-Inf,-Inf,-Inf,"0",1,23,1,0,0
"1338","202021","Fowlers","MP","202021_Fowlers_3",193,199,204,2021-01-13,2021-01-19,2021-01-24,"Y","L3","foredune/face","1",0,0,0,0,0,0,0,0,0,0,0,0,0,0,0,0,"1","0","0","0","0","0","0","0",1,-Inf,-Inf,-Inf,"0",2,8.5,6,5,2.5
"1339","202021","Fowlers","MP","202021_Fowlers_4",207,230,230,2021-01-27,2021-02-19,2021-02-19,"Y","L3","foredune/face","0",10,0,0,0,0,0,0,9,10,0,0,0,0,0,0,9,"1","0","0","0","0","0","1","0",2,-Inf,-Inf,-Inf,"0",1,23,0,0,0
"1340","202021","Rye Carpark","MP","202021_Rye Carpark_1",153,166,170,2020-12-04,2020-12-17,2020-12-21,"Y","L2","dune","1",7,0,0,0,0,0,0,5,10,0,0,0,0,0,0,10,"1","0","1","0","0","0","1","0",3,-Inf,2,-Inf,"3",2,15,3,4,2
"1341","202021","Portsea Franklin rd west","MP","202021_Portsea Franklin rd west_1",88,89,100,2020-09-30,2020-10-01,2020-10-12,"Y","L2","foredune/face","1",0,0,0,0,0,0,0,0,0,0,0,0,0,0,0,0,"1","0","0","0","0","0","0","0",1,-Inf,-Inf,-Inf,"0",2,6.5,6,11,5.5
"1342","202021","Portsea Franklin rd west","MP","202021_Portsea Franklin rd west_2",103,103,123,2020-10-15,2020-10-15,2020-11-04,"Y","L2","foredune/face","1",3,0,0,0,0,0,4.25,0,11,0,0,0,0,0,14,0,"1","0","0","0","0","1","0","0",2,-Inf,-Inf,-Inf,"1",4,10,7,20,10
"1343","202021","Portsea Franklin rd west","MP","202021_Portsea Franklin rd west_3",163,185,188,2020-12-14,2021-01-05,2021-01-08,"Y","L3","dune","1",11,0,0.5,0.5,0,0,0,0,22,0,1,1,0,0,0,0,"1","0","1","1","0","0","0","0",2,-Inf,1,-Inf,"0",2,23.5,4,3,1.5
"1344","202021","Portsea Franklin rd west","MP","202021_Portsea Franklin rd west_4",197,227,227,2021-01-17,2021-02-16,2021-02-16,"Y","L3","beach","0",0,0,0,0,0,0,0,0,0,0,0,0,0,0,0,0,"1","0","0","0","0","0","0","0",1,-Inf,-Inf,-Inf,"0",1,30,0,0,0
"1345","202021","Rye car park west","MP","202021_Rye car park west_2",113,126,131,2020-10-25,2020-11-07,2020-11-12,"Y","L3","dune","1",0,0,0,0,0,0,0,0,0,0,0,0,0,0,0,0,"1","0","1","0","0","0","0","0",2,-Inf,1,-Inf,"2",2,15.5,2,5,2.5
"1346","202021","Rye car park west","MP","202021_Rye car park west_3",142,143,153,2020-11-23,2020-11-24,2020-12-04,"Y","L2","dune","1",1.5,0,0,0,0,0,0,0,2,0,0,0,0,0,0,0,"1","0","1","0","0","0","0","0",2,-Inf,2,-Inf,"2",2,6,2,10,5
"1347","202021","Flinders, Mushroom Reef, HP","MP","202021_Flinders, Mushroom Reef, HP_1",87,87,87,2020-09-29,2020-09-29,2020-09-29,"N","L0","beach","1",0,0,0,0,0,0,1,0,0,0,0,0,0,0,1,0,"1","0","1","0","0","1","0","0",3,-Inf,2,-Inf,"0",1,0,1,0,0
"1348","202021","Flinders, Mushroom Reef, HP","MP","202021_Flinders, Mushroom Reef, HP_2",130,130,147,2020-11-11,2020-11-11,2020-11-28,"Y","L3","beach","1",2,0,0,0,0,0,2,1,4,0,0,0,0,0,4,2,"1","0","1","0","0","1","1","0",2,-Inf,2,-Inf,"0",2,8.5,5,17,8.5
"1349","202021","Flinders, Mushroom Reef, HP","MP","202021_Flinders, Mushroom Reef, HP_3",176,193,193,2020-12-27,2021-01-13,2021-01-13,"Y","L3","beach","0",2,0,0,0,0,0,0,0,2,0,0,0,0,0,0,0,"1","0","0","0","0","0","0","0",3,-Inf,-Inf,-Inf,"0",1,17,1,0,0
"1350","202021","Montforts","MP","202021_Montforts_1",101,122,122,2020-10-13,2020-11-03,2020-11-03,"Y","L3","foredune/face","0",6,0,0,0,0,0,2,10,6,0,0,0,0,0,2,10,"1","0","1","0","0","1","1","0",2,-Inf,1,-Inf,"0",1,21,1,0,0
"1351","202021","Montforts","MP","202021_Montforts_2",180,207,207,2020-12-31,2021-01-27,2021-01-27,"Y","L3","foredune/face","0",1,0,0,0,0,0,0,2,1,0,0,0,0,0,0,2,"1","0","1","0","0","0","1","0",3,-Inf,1,-Inf,"0",1,27,0,0,0
"1352","202021","Pt Nepean (authorised personnel only) - Spooks","MP","202021_Pt Nepean (authorised personnel only) - Spooks_2",186,201,201,2021-01-06,2021-01-21,2021-01-21,"Y","L2","beach","0",0,0,0,0,0,0,0,1,0,0,0,0,0,0,0,1,"1","0","0","0","0","0","1","0",1,-Inf,-Inf,-Inf,"0",1,15,1,0,0
"1353","202021","Pt Nepean, Nepean Bay","MP","202021_Pt Nepean, Nepean Bay_2",172,192,198,2020-12-23,2021-01-12,2021-01-18,"Y","L3","beach","1",1.5,0,0,0,0,0,0,0,3,0,0,0,0,0,0,0,"1","0","0","0","0","0","0","0",2,-Inf,-Inf,-Inf,"1",2,23,7,6,3
"1354","202021","Pt Nepean, Nepean Bay","MP","202021_Pt Nepean, Nepean Bay_3",206,207,214,2021-01-26,2021-01-27,2021-02-03,"Y","L3","foredune/face","1",0,0,0,0,0,0,0,0,0,0,0,0,0,0,0,0,"1","0","0","0","0","0","0","0",1,-Inf,-Inf,-Inf,"0",2,4.5,2,7,3.5
"1355","202021","Balnarring Beach","MP","202021_Balnarring Beach_1",124,137,141,2020-11-05,2020-11-18,2020-11-22,"Y","L3","beach","1",4.5,0,0.5,0,0.5,0,0,1,7,0,1,0,1,0,0,2,"1","0","1","0","1","0","1","0",1,-Inf,1,-Inf,"0",2,15,2,4,2
"1356","202021","Balnarring Beach","MP","202021_Balnarring Beach_3",172,193,193,2020-12-23,2021-01-13,2021-01-13,"Y","L3","beach","0",8,0,0,0,0,0,1,3,8,0,0,0,0,0,1,3,"1","0","1","0","0","1","1","0",1,-Inf,1,-Inf,"0",1,21,1,0,0
"1357","202122","Gunnamatta Fingal Tk (P4)","MP","202122_Gunnamatta Fingal Tk (P4)_BJ&BZ_1",151,166,167,2021-12-02,2021-12-17,2021-12-18,"Y","L3","beach","1",2,0,0,0,0,0,0,0,4,0,0,0,0,0,0,0,"1","1","0","0","0","0","0","0",1,1,-Inf,-Inf,"0",2,15.5,1,1,0.5
"1358","202122","Gunnamatta Fingal Tk (P4)","MP","202122_Gunnamatta Fingal Tk (P4)_BJ&14_2",177,204,204,2021-12-28,2022-01-24,2022-01-24,"Y","L3","beach","0",1,0,0,0,0,0,0,2,1,0,0,0,0,0,0,2,"1","0","0","0","0","0","1","0",1,-Inf,-Inf,-Inf,"1",1,27,1,0,0
"1359","202122","Koonya East","MP","202122_Koonya East_1",80,103,103,2021-09-22,2021-10-15,2021-10-15,"Y","L3","foredune/face","0",0,0,0,0,0,0,0,0,0,0,0,0,0,0,0,0,"1","0","1","0","0","0","0","0",2,-Inf,1,-Inf,"0",1,23,0,0,0
"1360","202122","Koonya East","MP","202122_Koonya East_3",181,209,211,2022-01-01,2022-01-29,2022-01-31,"Y","L3","beach","1",1,0,0,0,0,0,0,0,2,0,0,0,0,0,0,0,"1","0","1","0","0","0","0","0",2,-Inf,1,-Inf,"0",2,29,2,2,1
"1361","202122","Koonya East","MP","202122_Koonya East_4",225,225,230,2022-02-14,2022-02-14,2022-02-19,"Y","L3","beach","1",2,0,0,0,0,0,1,0,4,0,0,0,0,0,2,0,"1","0","1","0","0","1","0","0",3,-Inf,1,-Inf,"0",2,2.5,1,5,2.5
"1362","202122","Koonya West","MP","202122_Koonya West_1",106,121,121,2021-10-18,2021-11-02,2021-11-02,"Y","L3","dune","0",3,0,0,0,0,0,0,4,3,0,0,0,0,0,0,4,"1","0","0","0","0","0","1","0",2,-Inf,-Inf,-Inf,"0",1,15,1,0,0
"1363","202122","Koonya West","MP","202122_Koonya West_2",158,170,173,2021-12-09,2021-12-21,2021-12-24,"Y","L3","beach","1",3.5,0,0,0,0,0,0,0.5,6,0,0,0,0,0,0,1,"1","0","0","0","0","0","1","0",2,-Inf,-Inf,-Inf,"0",2,13.5,4,3,1.5
"1364","202122","Koonya West","MP","202122_Koonya West_3",181,181,182,2022-01-01,2022-01-01,2022-01-02,"Y","L3","beach","1",16.5,0,0,0,0,0,0.5,3.5,27,0,0,0,0,0,1,7,"1","0","1","0","0","1","1","0",3,-Inf,1,-Inf,"1",2,0.5,2,1,0.5
"1365","202122","Koonya West","MP","202122_Koonya West_4",192,219,219,2022-01-12,2022-02-08,2022-02-08,"Y","L3","beach","0",3,0,0,0,0,0,0,1,3,0,0,0,0,0,0,1,"1","0","0","0","0","0","1","0",2,-Inf,-Inf,-Inf,"0",1,27,0,0,0
"1366","202122","Miami drive east access","MP","202122_Miami drive east access_1",137,163,163,2021-11-18,2021-12-14,2021-12-14,"Y","L3","beach","0",0,0,0,0,0,0,0,0,0,0,0,0,0,0,0,0,"1","0","0","0","0","0","0","0",2,-Inf,-Inf,-Inf,"0",1,26,0,0,0
"1367","202122","Miami drive east access","MP","202122_Miami drive east access_2",194,197,200,2022-01-14,2022-01-17,2022-01-20,"Y","L3","foredune/face","1",4.5,0,0,0,0,0,0,5,8,0,0,0,0,0,0,10,"1","0","1","0","0","0","1","0",3,-Inf,1,-Inf,"0",2,4.5,4,3,1.5
"1368","202122","Portsea Franklin rd access","MP","202122_Portsea Franklin rd access_1",70,99,99,2021-09-12,2021-10-11,2021-10-11,"Y","L3","foredune/face","0",2,0,1,0,1,0,0,0,2,0,1,0,1,0,0,0,"1","0","1","0","1","0","0","0",1,-Inf,-Inf,-Inf,"0",1,29,0,0,0
"1369","202122","Portsea Franklin rd access","MP","202122_Portsea Franklin rd access_2",193,206,210,2022-01-13,2022-01-26,2022-01-30,"Y","L3","beach","1",2,0,0,0,0,0,4,3,4,0,0,0,0,0,4,3,"1","0","1","0","0","1","1","0",3,-Inf,1,-Inf,"0",2,15,5,4,2
"1370","202122","St. Andrews car park east","MP","202122_St. Andrews car park east_1",118,127,130,2021-10-30,2021-11-08,2021-11-11,"Y","L3","beach","1",0,0,0,0,0,3,0,1.5,0,0,0,0,0,6,0,3,"1","0","0","0","0","0","1","1",2,-Inf,-Inf,-Inf,"0",2,10.5,0,3,1.5
"1371","202122","St. Andrews car park east","MP","202122_St. Andrews car park east_2",144,150,151,2021-11-25,2021-12-01,2021-12-02,"Y","L3","beach","1",6,0,0.5,0,0.5,0,0,0,7,0,1,0,1,0,0,0,"1","0","1","0","1","0","0","1",3,-Inf,-Inf,1,"1",2,6.5,0,1,0.5
"1372","202122","St. Andrews car park east","MP","202122_St. Andrews car park east_3",161,162,166,2021-12-12,2021-12-13,2021-12-17,"Y","L3","beach","1",2.5,0,0,0,0,0,1.5,0,4,0,0,0,0,0,3,0,"1","0","1","0","0","1","0","1",3,-Inf,1,1,"1",2,3,0,4,2
"1373","202122","St. Andrews car park east","MP","202122_St. Andrews car park east_4",178,195,197,2021-12-29,2022-01-15,2022-01-17,"Y","L3","beach","1",1.5,0,0,0,0,0,1.5,4,2,0,0,0,0,0,2,4,"1","0","0","0","0","1","1","1",3,-Inf,-Inf,1,"1",2,18,3,2,1
"1374","202122","St. Andrews car park east","MP","202122_St. Andrews car park east_5",204,234,234,2022-01-24,2022-02-23,2022-02-23,"Y","L3","beach","0",6,0,0,0,0,0,4,0,6,0,0,0,0,0,4,0,"1","0","1","0","0","1","0","0",1,-Inf,1,-Inf,"0",1,30,0,0,0
"1375","202122","Alison Ave, Rye","MP","202122_Alison Ave, Rye_1",106,131,131,2021-10-18,2021-11-12,2021-11-12,"Y","L3","dune","0",0,0,0,0,0,0,1,0,0,0,0,0,0,0,1,0,"1","0","1","0","0","1","0","0",1,-Inf,1,-Inf,"0",1,25,0,0,0
"1376","202122","Alison Ave, Rye","MP","202122_Alison Ave, Rye_2",173,197,197,2021-12-24,2022-01-17,2022-01-17,"Y","L3","dune","0",0,0,0,0,0,0,0,0,0,0,0,0,0,0,0,0,"1","0","1","0","0","0","0","0",2,-Inf,1,-Inf,"0",1,24,1,0,0
"1377","202122","Alison Ave, Rye","MP","202122_Alison Ave, Rye_3",228,243,248,2022-02-17,2022-03-04,2022-03-09,"Y","L2","foredune/face","1",3,0,0,0,0,0,0,0,4,0,0,0,0,0,0,0,"1","0","1","0","0","0","0","0",3,-Inf,2,-Inf,"2",2,17.5,2,5,2.5
"1378","202122","Gunnamatta Fingal Tk East (P5)","MP","202122_Gunnamatta Fingal Tk East (P5)_1",95,116,121,2021-10-07,2021-10-28,2021-11-02,"Y","L3","beach","1",8,0,0,0,0,0,1,0,8,0,0,0,0,0,1,0,"1","0","1","0","0","1","0","0",1,-Inf,1,-Inf,"1",1,23.5,3,5,2.5
"1379","202122","Gunnamatta Fingal Tk East (P5)","MP","202122_Gunnamatta Fingal Tk East (P5)_2",127,159,159,2021-11-08,2021-12-10,2021-12-10,"Y","L3","beach","0",1,0,0,0,0,0,1,0,1,0,0,0,0,0,1,0,"1","0","0","0","0","1","0","0",-Inf,-Inf,-Inf,-Inf,"0",1,32,0,0,0
"1380","202122","Gunnamatta Fingal Tk East (P5)","MP","202122_Gunnamatta Fingal Tk East (P5)_3",188,195,198,2022-01-08,2022-01-15,2022-01-18,"Y","L3","beach","1",0.5,0,0,0,0,0,0,1.5,1,0,0,0,0,0,0,3,"1","0","0","0","0","0","1","0",1,-Inf,-Inf,-Inf,"1",2,8.5,4,3,1.5
"1381","202122","Gunnamatta Fingal Tk West","MP","202122_Gunnamatta Fingal Tk West_2",155,158,159,2021-12-06,2021-12-09,2021-12-10,"Y","L3","beach","1",1,0,0,0,0,0,0,0,1,0,0,0,0,0,0,0,"1","0","0","0","0","0","0","0",-Inf,-Inf,-Inf,-Inf,"0",1,3.5,0,1,0.5
"1382","202122","Gunnamatta Fingal Tk West","MP","202122_Gunnamatta Fingal Tk West_3",181,193,195,2022-01-01,2022-01-13,2022-01-15,"N","L0","dune","1",2,0,0,0,0,0,0,1,4,0,0,0,0,0,0,2,"1","0","0","0","0","0","1","0",1,-Inf,-Inf,-Inf,"0",2,13,3,2,1
"1383","202122","Gunnamatta SLSC Far East (P1)","MP","202122_Gunnamatta SLSC Far East (P1)_1",67,81,83,2021-09-09,2021-09-23,2021-09-25,"Y","L3","beach","1",4,0,0,0,0,0,0,0,4,0,0,0,0,0,0,0,"1","0","0","0","0","0","0","0",-Inf,-Inf,-Inf,-Inf,"0",1,15,3,2,1
"1384","202122","Gunnamatta SLSC Far East (P1)","MP","202122_Gunnamatta SLSC Far East (P1)_2",94,125,126,2021-10-06,2021-11-06,2021-11-07,"Y","L4","beach","1",3.5,0,1,0.5,0.5,0,7.5,1,5,0,2,1,1,0,15,2,"1","0","1","1","1","1","1","0",1,-Inf,-Inf,-Inf,"1",2,31.5,2,1,0.5
"1385","202122","Gunnamatta SLSC Far East (P1)","MP","202122_Gunnamatta SLSC Far East (P1)_3",151,158,159,2021-12-02,2021-12-09,2021-12-10,"Y","L3","beach","1",1,0,0,0,0,0,0,0,1,0,0,0,0,0,0,0,"1","0","0","0","0","0","0","0",-Inf,-Inf,-Inf,-Inf,"0",1,7.5,0,1,0.5
"1386","202122","Gunnamatta SLSC Far East (P1)","MP","202122_Gunnamatta SLSC Far East (P1)_4",181,195,198,2022-01-01,2022-01-15,2022-01-18,"Y","L3","beach","1",1,0,0,0,0,0,0,0,2,0,0,0,0,0,0,0,"1","0","0","0","0","0","0","0",1,-Inf,-Inf,-Inf,"1",2,15.5,4,3,1.5
"1387","202122","Heyfield Pair 2 (east side) Rye","MP","202122_Heyfield Pair 2 (east side) Rye_1",68,101,101,2021-09-10,2021-10-13,2021-10-13,"Y","L3","foredune/face","0",0,0,0,0,0,0,0,0,0,0,0,0,0,0,0,0,"1","0","0","0","0","0","0","0",2,-Inf,-Inf,-Inf,"0",1,33,0,0,0
"1388","202122","Heyfield Pair 2 (east side) Rye","MP","202122_Heyfield Pair 2 (east side) Rye_2",121,147,147,2021-11-02,2021-11-28,2021-11-28,"Y","L3","foredune/face","0",0,0,0,0,0,0,0,0,0,0,0,0,0,0,0,0,"1","0","0","0","0","0","0","0",3,-Inf,-Inf,-Inf,"1",1,26,1,0,0
"1389","202122","Heyfield Pair 2 (east side) Rye","MP","202122_Heyfield Pair 2 (east side) Rye_3",170,199,199,2021-12-21,2022-01-19,2022-01-19,"Y","L3","foredune/face","0",0,0,0,0,0,0,0,0,0,0,0,0,0,0,0,0,"1","0","0","0","0","0","0","0",1,-Inf,-Inf,-Inf,"0",1,29,1,0,0
"1390","202122","Heyfield Pair 2 (east side) Rye","MP","202122_Heyfield Pair 2 (east side) Rye_4",230,230,232,2022-02-19,2022-02-19,2022-02-21,"Y","L3","beach","1",0.333333333333333,0,0,0,0,0,0,1,1,0,0,0,0,0,0,3,"1","0","1","0","0","0","1","0",2,-Inf,1,-Inf,"0",3,1,2,2,1
"1391","202122","Alison Ave east bay, Rye","MP","202122_Alison Ave east bay, Rye_1",82,96,106,2021-09-24,2021-10-08,2021-10-18,"N","L1","dune","1",0,0,0,0,0,0,0,0,0,0,0,0,0,0,0,0,"1","0","1","0","0","0","0","0",3,-Inf,3,-Inf,"2",2,19,4,10,5
"1392","202122","Alison Ave east bay, Rye","MP","202122_Alison Ave east bay, Rye_2",191,214,214,2022-01-11,2022-02-03,2022-02-03,"Y","L3","beach","0",0,0,0,0,0,0,0,3,0,0,0,0,0,0,0,3,"1","0","1","0","0","0","1","0",3,-Inf,2,-Inf,"2",1,23,0,0,0
"1393","202122","Heyfield Pair 1 (west side) Rye","MP","202122_Heyfield Pair 1 (west side) Rye_1",66,68,69,2021-09-08,2021-09-10,2021-09-11,"Y","L3","foredune/face","1",13.5,0,0,0,0,0,0,0,14,0,0,0,0,0,0,0,"1","0","1","0","0","0","0","0",3,-Inf,1,-Inf,"0",2,2.5,1,1,0.5
"1394","202122","Heyfield Pair 1 (west side) Rye","MP","202122_Heyfield Pair 1 (west side) Rye_2",77,109,109,2021-09-19,2021-10-21,2021-10-21,"Y","L3","foredune/face","0",6,0,0,0,0,0,0,0,6,0,0,0,0,0,0,0,"1","0","0","0","0","0","0","0",2,-Inf,-Inf,-Inf,"0",1,32,0,0,0
"1395","202122","Heyfield Pair 1 (west side) Rye","MP","202122_Heyfield Pair 1 (west side) Rye_3",130,155,155,2021-11-11,2021-12-06,2021-12-06,"Y","L3","foredune/face","0",10,0,0,0,0,0,8,40,10,0,0,0,0,0,8,40,"1","0","0","0","0","1","1","0",3,-Inf,-Inf,-Inf,"0",1,25,0,0,0
"1396","202122","Heyfield Pair 1 (west side) Rye","MP","202122_Heyfield Pair 1 (west side) Rye_4",173,204,204,2021-12-24,2022-01-24,2022-01-24,"Y","L3","foredune/face","0",5,0,0,0,0,0,0,0,5,0,0,0,0,0,0,0,"1","0","0","0","0","0","0","0",2,-Inf,-Inf,-Inf,"0",1,31,1,0,0
"1397","202122","Rye Big Rock","MP","202122_Rye Big Rock_1",71,100,101,2021-09-13,2021-10-12,2021-10-13,"Y","L3","dune","1",4,0,0.5,0,0.5,0,0,0,6,0,1,0,1,0,0,0,"1","0","1","0","1","0","0","0",3,-Inf,3,-Inf,"2",2,29.5,0,1,0.5
"1398","202122","Rye Big Rock","MP","202122_Rye Big Rock_2",116,116,123,2021-10-28,2021-10-28,2021-11-04,"Y","L3","dune","1",0.5,0,0,0,0,0,0,0,1,0,0,0,0,0,0,0,"1","0","1","0","0","0","0","0",3,-Inf,2,-Inf,"2",2,3.5,3,7,3.5
"1399","202122","Rye Big Rock","MP","202122_Rye Big Rock_3",128,128,134,2021-11-09,2021-11-09,2021-11-15,"Y","L3","beach","1",0,0,0,0,0,0,0,0,0,0,0,0,0,0,0,0,"1","0","1","0","0","0","0","0",1,-Inf,1,-Inf,"1",2,3,2,6,3
"1400","202122","Rye Big Rock","MP","202122_Rye Big Rock_4",144,161,161,2021-11-25,2021-12-12,2021-12-12,"Y","L3","foredune/face","0",2,0,0,0,0,0,0,0,2,0,0,0,0,0,0,0,"1","0","1","0","0","0","0","0",2,-Inf,2,-Inf,"2",1,17,1,0,0
"1401","202122","Rye Big Rock","MP","202122_Rye Big Rock_5",186,214,214,2022-01-06,2022-02-03,2022-02-03,"Y","L3","foredune/face","0",0,0,0,0,0,0,0,4,0,0,0,0,0,0,0,4,"1","0","1","0","0","0","1","0",3,-Inf,2,-Inf,"2",1,28,0,0,0
"1402","202122","St Andrews Boags Rocks","MP","202122_St Andrews Boags Rocks_1",118,148,148,2021-10-30,2021-11-29,2021-11-29,"Y","L3","dune","0",0,0,0,0,0,0,2,6,0,0,0,0,0,0,2,6,"1","0","0","0","0","1","1","1",1,-Inf,-Inf,1,"0",1,30,0,0,0
"1403","202122","St Andrews Boags Rocks","MP","202122_St Andrews Boags Rocks_3",225,228,232,2022-02-14,2022-02-17,2022-02-21,"Y","L3","dune","1",2.5,0,0,0,0,0,0,1.5,4,0,0,0,0,0,0,3,"1","0","1","0","0","0","1","1",2,-Inf,1,1,"0",2,5,2,4,2
"1404","202122","Rye car park east","MP","202122_Rye car park east_1",73,108,108,2021-09-15,2021-10-20,2021-10-20,"Y","L3","dune","0",5,0,0,0,0,0,0,0,5,0,0,0,0,0,0,0,"1","1","1","0","0","0","0","0",3,1,1,-Inf,"0",1,35,0,0,0
"1405","202122","Rye car park east","MP","202122_Rye car park east_2",143,175,175,2021-11-24,2021-12-26,2021-12-26,"Y","L3","beach","0",4,0,0,0,0,0,0,0,4,0,0,0,0,0,0,0,"1","0","0","0","0","0","0","0",1,-Inf,-Inf,-Inf,"0",1,32,1,0,0
"1406","202122","Brewster, Rye","MP","202122_Brewster, Rye_2",156,178,180,2021-12-07,2021-12-29,2021-12-31,"Y","L3","beach","1",1,0,0,0,0,0,0,4,2,0,0,0,0,0,0,5,"1","0","0","0","0","0","1","0",2,-Inf,-Inf,-Inf,"1",2,23,3,2,1
"1407","202122","Brewster, Rye","MP","202122_Brewster, Rye_3",191,192,199,2022-01-11,2022-01-12,2022-01-19,"Y","L3","beach","1",0.5,0,0,0,0,0,0,0,1,0,0,0,0,0,0,0,"1","0","1","0","0","0","0","0",1,-Inf,1,-Inf,"1",2,4.5,8,7,3.5
"1408","202122","Fowlers","MP","202122_Fowlers_1",116,128,130,2021-10-28,2021-11-09,2021-11-11,"Y","L2","dune","1",0,0,0,0,0,0,0,2,0,0,0,0,0,0,0,2,"0","0","0","0","0","0","1","0",-Inf,-Inf,-Inf,-Inf,"0",1,13,0,2,1
"1409","202122","Fowlers","MP","202122_Fowlers_2",140,147,152,2021-11-21,2021-11-28,2021-12-03,"Y","L3","beach","1",1.5,0,0,0,0,0,0,1,3,0,0,0,0,0,0,2,"1","0","0","0","0","0","1","0",1,-Inf,-Inf,-Inf,"0",2,9.5,1,5,2.5
"1410","202122","Fowlers","MP","202122_Fowlers_3",166,168,171,2021-12-17,2021-12-19,2021-12-22,"Y","L3","beach","1",0,0,0,0,0,0,0,0,0,0,0,0,0,0,0,0,"1","0","0","0","0","0","0","0",2,-Inf,-Inf,-Inf,"0",2,3.5,4,3,1.5
"1411","202122","Fowlers","MP","202122_Fowlers_4",192,210,210,2022-01-12,2022-01-30,2022-01-30,"Y","L3","dune","0",7,0,0,0,0,0,0,0,7,0,0,0,0,0,0,0,"1","0","0","0","0","0","0","0",1,-Inf,-Inf,-Inf,"0",1,18,1,0,0
"1412","202122","Portsea Farnsworth/SLSC west","MP","202122_Portsea Farnsworth/SLSC west_1",72,95,95,2021-09-14,2021-10-07,2021-10-07,"Y","L3","foredune/face","0",3,0,0,0,0,0,5,0,3,0,0,0,0,0,5,0,"1","0","0","0","0","1","0","0",2,-Inf,-Inf,-Inf,"0",1,23,0,0,0
"1413","202122","Rye Carpark","MP","202122_Rye Carpark_1",141,144,151,2021-11-22,2021-11-25,2021-12-02,"Y","L3","dune","1",4,0,0,0,0,0,0,0,4,0,0,0,0,0,0,0,"1","0","1","0","0","0","0","0",2,-Inf,1,-Inf,"1",1,6.5,2,7,3.5
"1414","202122","Portsea Franklin rd west","MP","202122_Portsea Franklin rd west_1",67,67,68,2021-09-09,2021-09-09,2021-09-10,"N","L0","beach","1",2,0,0,0,0,0,0,0,4,0,0,0,0,0,0,0,"1","0","0","0","0","0","0","0",1,-Inf,-Inf,-Inf,"0",2,0.5,0,1,0.5
"1415","202122","Portsea Franklin rd west","MP","202122_Portsea Franklin rd west_2",85,90,94,2021-09-27,2021-10-02,2021-10-06,"Y","L2","dune","1",1,0,0,0,0,0,0.5,0,2,0,0,0,0,0,1,0,"1","0","0","0","0","1","0","0",-Inf,-Inf,-Inf,-Inf,"0",2,7,2,4,2
"1416","202122","Portsea Franklin rd west","MP","202122_Portsea Franklin rd west_3",100,101,104,2021-10-12,2021-10-13,2021-10-16,"Y","L2","dune","1",0,0,0,0,0,0,2,2,0,0,0,0,0,0,2,2,"1","0","0","0","0","1","1","0",1,-Inf,-Inf,-Inf,"0",1,2.5,1,3,1.5
"1417","202122","Portsea Franklin rd west","MP","202122_Portsea Franklin rd west_4",106,107,111,2021-10-18,2021-10-19,2021-10-23,"Y","L3","beach","1",3.5,0,0,0,0,0,0,0,4,0,0,0,0,0,0,0,"1","0","0","0","0","0","0","0",1,-Inf,-Inf,-Inf,"0",2,3,1,4,2
"1418","202122","Portsea Franklin rd west","MP","202122_Portsea Franklin rd west_5",123,125,129,2021-11-04,2021-11-06,2021-11-10,"Y","L3","beach","1",0,0,0,0,0,0,3,1,0,0,0,0,0,0,3,1,"0","0","0","0","0","1","1","0",-Inf,-Inf,-Inf,-Inf,"0",1,4,2,4,2
"1419","202122","Portsea Franklin rd west","MP","202122_Portsea Franklin rd west_6",179,192,193,2021-12-30,2022-01-12,2022-01-13,"Y","L3","foredune/face","1",8.5,0,0,0,0,0,5,3.5,11,0,0,0,0,0,6,4,"1","0","0","0","0","1","1","0",2,-Inf,-Inf,-Inf,"0",2,13.5,2,1,0.5
"1420","202122","Portsea Franklin rd west","MP","202122_Portsea Franklin rd west_7",200,200,202,2022-01-20,2022-01-20,2022-01-22,"N","L0","beach","1",4,0,0,0,0,0,1,0,8,0,0,0,0,0,2,0,"1","0","0","0","0","1","0","0",1,-Inf,-Inf,-Inf,"0",2,1,3,2,1
"1421","202122","Rye car park west","MP","202122_Rye car park west_2",167,196,196,2021-12-18,2022-01-16,2022-01-16,"Y","L3","foredune/face","0",8,0,0,0,0,0,0,0,8,0,0,0,0,0,0,0,"1","0","0","0","0","0","0","0",3,-Inf,-Inf,-Inf,"0",1,29,1,0,0
"1422","202122","Flinders, Mushroom Reef, HP","MP","202122_Flinders, Mushroom Reef, HP_1",162,165,172,2021-12-13,2021-12-16,2021-12-23,"Y","L3","beach","1",4,0,0,0,0,0,0,3,4,0,0,0,0,0,0,6,"1","0","0","0","0","0","1","0",2,-Inf,-Inf,-Inf,"0",2,6.5,6,7,3.5
"1423","202122","Flinders, Mushroom Reef, HP","MP","202122_Flinders, Mushroom Reef, HP_2",184,191,196,2022-01-04,2022-01-11,2022-01-16,"Y","L3","foredune/face","1",24,0,0,0,0,0,1,21,24,0,0,0,0,0,1,21,"1","0","1","0","0","1","1","0",1,-Inf,1,-Inf,"0",1,9.5,6,5,2.5
"1424","202122","Flinders, Mushroom Reef, HP","MP","202122_Flinders, Mushroom Reef, HP_3",210,210,219,2022-01-30,2022-01-30,2022-02-08,"Y","L3","beach","1",3.5,0,0,0,0,0,0,0,5,0,0,0,0,0,0,0,"1","0","0","0","0","0","0","0",1,-Inf,-Inf,-Inf,"0",2,4.5,3,9,4.5
"1425","202122","Montforts","MP","202122_Montforts_1",107,108,110,2021-10-19,2021-10-20,2021-10-22,"N","L0","foredune/face","1",9,0,0,0,0,0,1,0.5,12,0,0,0,0,0,2,1,"1","0","1","0","0","1","1","0",3,-Inf,1,-Inf,"1",2,2,0,2,1
"1426","202122","Montforts","MP","202122_Montforts_2",116,118,128,2021-10-28,2021-10-30,2021-11-09,"Y","L2","foredune/face","1",7.5,0,0,0,0,0,0,1.5,14,0,0,0,0,0,0,2,"1","0","1","0","0","0","1","0",3,-Inf,1,-Inf,"1",2,7,5,10,5
"1427","202122","Montforts","MP","202122_Montforts_3",147,170,176,2021-11-28,2021-12-21,2021-12-27,"Y","L3","dune","1",3,0,0,0,0,0,0,1.5,6,0,0,0,0,0,0,3,"1","0","0","0","0","0","1","0",1,-Inf,-Inf,-Inf,"0",2,26,7,6,3
"1428","202122","Montforts","MP","202122_Montforts_4",189,196,199,2022-01-09,2022-01-16,2022-01-19,"Y","L3","beach","1",0.5,0,0,0,0,0,0,3.5,1,0,0,0,0,0,0,4,"1","0","0","0","0","0","1","0",3,-Inf,-Inf,-Inf,"0",2,8.5,4,3,1.5
"1429","202122","Coppins Lookout","MP","202122_Coppins Lookout_2",204,216,221,2022-01-24,2022-02-05,2022-02-10,"N","L0","foredune/face","1",6,0,0,0,0,0,2,0,6,0,0,0,0,0,2,0,"1","0","0","0","0","1","0","0",1,-Inf,-Inf,-Inf,"0",1,14.5,2,5,2.5
"1430","202122","Pt Nepean (authorised personnel only) - Spooks","MP","202122_Pt Nepean (authorised personnel only) - Spooks_1",194,219,230,2022-01-14,2022-02-08,2022-02-19,"N","L0","beach","1",8.5,0,0,0,0,0,0,2.5,12,0,0,0,0,0,0,5,"1","0","0","0","0","0","1","0",2,-Inf,-Inf,-Inf,"1",2,30.5,3,11,5.5
"1431","202122","Pt Nepean (authorised personnel only) - Sierra Nevada Rocks","MP","202122_Pt Nepean (authorised personnel only) - Sierra Nevada Rocks_1",71,71,88,2021-09-13,2021-09-13,2021-09-30,"N","L0","foredune/face","1",0,0,0,0,0,0,0,3,0,0,0,0,0,0,0,4,"1","0","0","0","0","0","1","0",1,-Inf,-Inf,-Inf,"0",2,8.5,13,17,8.5
"1432","202122","Pt Nepean (authorised personnel only) - Sierra Nevada Rocks","MP","202122_Pt Nepean (authorised personnel only) - Sierra Nevada Rocks_2",145,145,158,2021-11-26,2021-11-26,2021-12-09,"N","L0","foredune/face","1",0,0,0,0,0,0,0,2.5,0,0,0,0,0,0,0,3,"1","0","0","0","0","0","1","0",1,-Inf,-Inf,-Inf,"1",2,6.5,4,13,6.5
"1433","202122","Pt Nepean (authorised personnel only) - Sierra Nevada Rocks","MP","202122_Pt Nepean (authorised personnel only) - Sierra Nevada Rocks_3",219,219,219,2022-02-08,2022-02-08,2022-02-08,"N","L0","beach","1",2,0,0,0,0,0,2,1,2,0,0,0,0,0,2,1,"1","0","0","0","0","1","1","0",2,-Inf,-Inf,-Inf,"1",1,0,0,0,0
"1434","202122","Pt Nepean, Nepean Bay","MP","202122_Pt Nepean, Nepean Bay_1",72,79,85,2021-09-14,2021-09-21,2021-09-27,"Y","L3","foredune/face","1",1.5,0,0,0,0,0,0,0.5,2,0,0,0,0,0,0,1,"1","0","0","0","0","0","1","0",1,-Inf,-Inf,-Inf,"1",2,10,7,6,3
"1435","202122","Pt Nepean, Nepean Bay","MP","202122_Pt Nepean, Nepean Bay_2",194,209,214,2022-01-14,2022-01-29,2022-02-03,"Y","L3","beach","1",0,0,0,0,0,0,0,1,0,0,0,0,0,0,0,2,"1","0","0","0","0","0","1","0",1,-Inf,-Inf,-Inf,"0",2,17.5,2,5,2.5
"1436","202122","Balnarring Beach","MP","202122_Balnarring Beach_1",54,59,60,2021-08-27,2021-09-01,2021-09-02,"Y","L3","beach","1",9.5,0,3,1.5,1.5,0,0,2,15,0,3,2,2,0,0,2,"1","0","1","1","1","0","1","1",1,-Inf,1,2,"1",2,5.5,0,1,0.5
"1437","202122","Balnarring Beach","MP","202122_Balnarring Beach_2",147,158,159,2021-11-28,2021-12-09,2021-12-10,"Y","L3","beach","1",29.5,0,0,0,0,0,0,1.5,58,0,0,0,0,0,0,3,"1","0","1","0","0","0","1","0",3,-Inf,1,-Inf,"0",2,11.5,0,1,0.5
"1438","202122","Balnarring Beach","MP","202122_Balnarring Beach_3",167,169,170,2021-12-18,2021-12-20,2021-12-21,"Y","L3","beach","1",2,0,0,0,0,0,1.5,5,2,0,0,0,0,0,3,7,"1","0","1","0","0","1","1","1",1,-Inf,1,2,"0",2,2.5,2,1,0.5
"1439","202122","Flinders - West Head","MP","202122_Flinders - West Head_4",222,227,231,2022-02-11,2022-02-16,2022-02-20,"N","L0","beach","1",2.5,0,0,0,0,0,0,0,4,0,0,0,0,0,0,0,"1","0","0","0","0","0","0","0",2,-Inf,-Inf,-Inf,"0",2,7,2,4,2
"1440","202122","Pt Nepean (authorised personnel only) - Eagles Nest Beach","MP","202122_Pt Nepean (authorised personnel only) - Eagles Nest Beach_1",88,88,115,2021-09-30,2021-09-30,2021-10-27,"N","L0","foredune/face","1",0,0,0,0,0,0,0,0,0,0,0,0,0,0,0,0,"0","0","0","0","0","0","0","0",-Inf,-Inf,-Inf,-Inf,"1",2,13.5,10,27,13.5
"1441","202122","Sorrento Ocean Beach","MP","202122_Sorrento Ocean Beach_1",146,170,171,2021-11-27,2021-12-21,2021-12-22,"Y","L3","beach","1",22,0,0,0,0,0,0,0,22,0,0,0,0,0,0,0,"1","0","0","0","0","0","0","0",3,-Inf,-Inf,-Inf,"0",1,24.5,2,1,0.5
"1442","202223","Gunnamatta Fingal Tk (P4)","MP","202223_Gunnamatta Fingal Tk (P4)_1",76,100,107,2022-09-18,2022-10-12,2022-10-19,"Y","L3","foredune/face","1",6,0,0,0,0,0,0,0,6,0,0,0,0,0,0,0,"1","0","0","0","0","0","0","0",3,-Inf,-Inf,-Inf,"0",1,27.5,2,7,3.5
"1443","202223","Gunnamatta Fingal Tk (P4)","MP","202223_Gunnamatta Fingal Tk (P4)_2",136,165,165,2022-11-17,2022-12-16,2022-12-16,"Y","L3","foredune/face","0",0,0,0,0,0,0,0,0,0,0,0,0,0,0,0,0,"0","0","0","0","0","0","0","0",-Inf,-Inf,-Inf,-Inf,"1",1,29,0,0,0
"1444","202223","Gunnamatta Fingal Tk (P4)","MP","202223_Gunnamatta Fingal Tk (P4)_3",183,213,213,2023-01-03,2023-02-02,2023-02-02,"Y","L3","foredune/face","0",0,0,0,0,0,0,4,3,0,0,0,0,0,0,4,3,"1","0","1","0","0","1","1","0",1,-Inf,1,-Inf,"0",1,30,0,0,0
"1445","202223","Koonya East","MP","202223_Koonya East_2",137,152,152,2022-11-18,2022-12-03,2022-12-03,"Y","L3","dune","0",1,0,0,0,0,0,0,0,1,0,0,0,0,0,0,0,"1","0","0","0","0","0","0","0",1,-Inf,-Inf,-Inf,"0",1,15,1,0,0
"1446","202223","Koonya East","MP","202223_Koonya East_3",167,167,167,2022-12-18,2022-12-18,2022-12-18,"Y","L3","foredune/face","1",0,0,0,0,0,0,0,0,0,0,0,0,0,0,0,0,"1","0","1","0","0","0","0","0",1,-Inf,2,-Inf,"0",1,0,1,0,0
"1447","202223","Koonya East","MP","202223_Koonya East_4",174,175,177,2022-12-25,2022-12-26,2022-12-28,"Y","L3","foredune/face","1",32,0,1,1,0,0,0.5,1,44,0,2,2,0,0,1,2,"1","0","1","1","0","1","1","0",3,-Inf,1,-Inf,"0",2,2,3,2,1
"1448","202223","Koonya East","MP","202223_Koonya East_5",186,186,189,2023-01-06,2023-01-06,2023-01-09,"Y","L3","foredune/face","1",8,0,0,0,0,0,0,0,9,0,0,0,0,0,0,0,"1","0","1","0","0","0","0","0",2,-Inf,1,-Inf,"0",2,1.5,4,3,1.5
"1449","202223","Koonya East","MP","202223_Koonya East_6",193,217,217,2023-01-13,2023-02-06,2023-02-06,"Y","L3","dune","0",2,0,0,0,0,0,0,5,2,0,0,0,0,0,0,5,"1","0","1","0","0","0","1","0",1,-Inf,1,-Inf,"1",1,24,0,0,0
"1450","202223","Koonya West","MP","202223_Koonya West_1",90,106,106,2022-10-02,2022-10-18,2022-10-18,"Y","L3","dune","0",0,0,0,0,0,0,1,0,0,0,0,0,0,0,1,0,"0","0","0","0","0","1","0","0",-Inf,-Inf,-Inf,-Inf,"0",1,16,0,0,0
"1451","202223","Koonya West","MP","202223_Koonya West_2",132,144,147,2022-11-13,2022-11-25,2022-11-28,"Y","L3","dune","1",0,0,0,0,0,0,1,0,0,0,0,0,0,0,2,0,"1","0","0","0","0","1","0","0",3,-Inf,-Inf,-Inf,"0",2,13.5,2,3,1.5
"1452","202223","Koonya West","MP","202223_Koonya West_3",152,163,164,2022-12-03,2022-12-14,2022-12-15,"Y","L3","foredune/face","1",1,0,0,0,0,0,0,0,1,0,0,0,0,0,0,0,"1","0","0","0","0","0","0","0",2,-Inf,-Inf,-Inf,"0",1,11.5,0,1,0.5
"1453","202223","Koonya West","MP","202223_Koonya West_4",167,174,177,2022-12-18,2022-12-25,2022-12-28,"Y","L3","beach","1",6,0,0,0,0,0,0.5,5,8,0,0,0,0,0,1,8,"1","0","1","0","0","1","1","0",3,-Inf,1,-Inf,"0",2,8.5,4,3,1.5
"1454","202223","Koonya West","MP","202223_Koonya West_5",193,213,214,2023-01-13,2023-02-02,2023-02-03,"Y","L3","beach","1",0,0,0,0,0,0,1.5,0,0,0,0,0,0,0,3,0,"1","0","0","0","0","1","0","0",2,-Inf,-Inf,-Inf,"0",2,20.5,0,1,0.5
"1455","202223","Koonya West","MP","202223_Koonya West_6",236,245,248,2023-02-25,2023-03-06,2023-03-09,"Y","L3","dune","1",1,0,0,0,0,0,0,0,2,0,0,0,0,0,0,0,"1","0","0","0","0","0","0","0",-Inf,-Inf,-Inf,-Inf,"0",2,10.5,0,3,1.5
"1456","202223","Miami drive east access","MP","202223_Miami drive east access_1",71,77,79,2022-09-13,2022-09-19,2022-09-21,"N","L1","dune","1",2,0,0,0,0,0,0,0,2,0,0,0,0,0,0,0,"1","0","0","0","0","0","0","0",1,-Inf,-Inf,-Inf,"0",1,7,3,2,1
"1457","202223","Miami drive east access","MP","202223_Miami drive east access_2",102,119,121,2022-10-14,2022-10-31,2022-11-02,"Y","L3","beach","1",4,0,0,0,0,0,0,2.5,8,0,0,0,0,0,0,5,"1","0","1","0","0","0","1","0",2,-Inf,1,-Inf,"0",2,18,1,2,1
"1458","202223","Miami drive east access","MP","202223_Miami drive east access_3",142,146,147,2022-11-23,2022-11-27,2022-11-28,"Y","L3","beach","1",3,0,0,0,0,0,0,2,3,0,0,0,0,0,0,2,"1","0","0","0","0","0","1","0",1,-Inf,-Inf,-Inf,"1",1,4.5,1,1,0.5
"1459","202223","Miami drive east access","MP","202223_Miami drive east access_4",168,187,187,2022-12-19,2023-01-07,2023-01-07,"Y","L3","foredune/face","0",28,0,0,0,0,0,0,0,28,0,0,0,0,0,0,0,"1","0","1","0","0","0","0","0",2,-Inf,1,-Inf,"0",1,19,1,0,0
"1460","202223","Portsea Franklin rd access","MP","202223_Portsea Franklin rd access_1",77,83,86,2022-09-19,2022-09-25,2022-09-28,"Y","L2","dune","1",9,0,0,0,0,0,0,0,18,0,0,0,0,0,0,0,"1","0","0","0","0","0","0","0",3,-Inf,-Inf,-Inf,"0",2,7.5,4,3,1.5
"1461","202223","Portsea Franklin rd access","MP","202223_Portsea Franklin rd access_2",111,115,118,2022-10-23,2022-10-27,2022-10-30,"N","L1","beach","1",10,0,0,0,0,0,0,0,20,0,0,0,0,0,0,0,"1","0","0","0","0","0","0","0",2,-Inf,-Inf,-Inf,"0",2,5.5,2,3,1.5
"1462","202223","Portsea Franklin rd access","MP","202223_Portsea Franklin rd access_3",145,157,159,2022-11-26,2022-12-08,2022-12-10,"Y","L3","foredune/face","1",3,0,0,0,0,0,1.5,2.5,6,0,0,0,0,0,3,5,"1","0","0","0","0","1","1","0",3,-Inf,-Inf,-Inf,"0",2,13,1,2,1
"1463","202223","Portsea Franklin rd access","MP","202223_Portsea Franklin rd access_4",172,174,176,2022-12-23,2022-12-25,2022-12-27,"Y","L3","dune","1",2,0,0,0,0,0,0.5,7,3,0,0,0,0,0,1,10,"1","0","0","0","0","1","1","0",3,-Inf,-Inf,-Inf,"0",2,3,3,2,1
"1464","202223","Portsea Franklin rd access","MP","202223_Portsea Franklin rd access_5",192,211,213,2023-01-12,2023-01-31,2023-02-02,"Y","L2","foredune/face","1",0,0,0,0,0,0,0,0,0,0,0,0,0,0,0,0,"0","0","0","0","0","0","0","0",-Inf,-Inf,-Inf,-Inf,"0",1,20,0,2,1
"1465","202223","Portsea London Bridge","MP","202223_Portsea London Bridge_1",197,229,229,2023-01-17,2023-02-18,2023-02-18,"Y","L3","beach","0",5,0,0,0,0,0,0,0,5,0,0,0,0,0,0,0,"1","0","0","0","0","0","0","0",3,-Inf,-Inf,-Inf,"1",1,32,1,0,0
"1466","202223","St. Andrews car park east","MP","202223_St. Andrews car park east_1",154,175,178,2022-12-05,2022-12-26,2022-12-29,"Y","L3","beach","1",1.5,0,0,0,0,0,1,2,3,0,0,0,0,0,2,4,"1","0","1","0","0","1","1","0",2,-Inf,1,-Inf,"1",2,22.5,4,3,1.5
"1467","202223","St. Andrews car park east","MP","202223_St. Andrews car park east_2",186,213,215,2023-01-06,2023-02-02,2023-02-04,"Y","L3","beach","1",2,0,0,0,0,0,1,0,4,0,0,0,0,0,2,0,"1","0","1","0","0","1","0","0",1,-Inf,1,-Inf,"0",2,28,1,2,1
"1468","202223","Alison Ave, Rye","MP","202223_Alison Ave, Rye_1",94,123,123,2022-10-06,2022-11-04,2022-11-04,"Y","L3","foredune/face","0",0,0,0,0,0,0,2,0,0,0,0,0,0,0,2,0,"1","0","0","0","0","1","0","0",1,-Inf,-Inf,-Inf,"0",1,29,0,0,0
"1469","202223","Alison Ave, Rye","MP","202223_Alison Ave, Rye_2",146,173,173,2022-11-27,2022-12-24,2022-12-24,"Y","L3","foredune/face","0",2,0,0,0,0,0,0,0,2,0,0,0,0,0,0,0,"1","0","1","0","0","0","0","0",2,-Inf,2,-Inf,"2",1,27,1,0,0
"1470","202223","Alison Ave, Rye","MP","202223_Alison Ave, Rye_3",226,238,238,2023-02-15,2023-02-27,2023-02-27,"N","L0","dune","0",0,0,0,0,0,0,0,0,0,0,0,0,0,0,0,0,"1","0","1","0","0","0","0","0",2,-Inf,2,-Inf,"1",1,12,0,0,0
"1471","202223","Gunnamatta Fingal Tk East (P5)","MP","202223_Gunnamatta Fingal Tk East (P5)_1",75,100,100,2022-09-17,2022-10-12,2022-10-12,"Y","L3","beach","0",5,0,0,0,0,0,0,0,5,0,0,0,0,0,0,0,"1","0","0","0","0","0","0","0",-Inf,-Inf,-Inf,-Inf,"0",1,25,0,0,0
"1472","202223","Gunnamatta Fingal Tk West","MP","202223_Gunnamatta Fingal Tk West_1",100,127,127,2022-10-12,2022-11-08,2022-11-08,"Y","L3","dune","0",2,0,0,0,0,0,0,0,2,0,0,0,0,0,0,0,"1","0","0","0","0","0","0","0",1,-Inf,-Inf,-Inf,"0",1,27,0,0,0
"1473","202223","Gunnamatta Fingal Tk West","MP","202223_Gunnamatta Fingal Tk West_2",172,172,175,2022-12-23,2022-12-23,2022-12-26,"Y","L3","beach","1",1,0,0,0,0,0,2,0,2,0,0,0,0,0,4,0,"1","0","1","0","0","1","0","0",-Inf,-Inf,1,-Inf,"0",2,1.5,4,3,1.5
"1474","202223","Gunnamatta SLSC Far East (P1)","MP","202223_Gunnamatta SLSC Far East (P1)_1",83,90,98,2022-09-25,2022-10-02,2022-10-10,"Y","L3","foredune/face","1",5.5,0,0,0,0,0,0,0,7,0,0,0,0,0,0,0,"1","0","0","0","0","0","0","0",1,-Inf,-Inf,-Inf,"1",2,11,3,8,4
"1475","202223","Gunnamatta SLSC Far East (P1)","MP","202223_Gunnamatta SLSC Far East (P1)_2",100,107,118,2022-10-12,2022-10-19,2022-10-30,"Y","L3","beach","1",20,0,0,0,0,0,2,0,20,0,0,0,0,0,2,0,"1","0","0","0","0","1","0","0",-Inf,-Inf,-Inf,-Inf,"0",1,12.5,4,11,5.5
"1476","202223","Gunnamatta SLSC Far East (P1)","MP","202223_Gunnamatta SLSC Far East (P1)_3",135,147,151,2022-11-16,2022-11-28,2022-12-02,"Y","L3","beach","1",0,0,0,0,0,0,2,0,0,0,0,0,0,0,2,0,"0","0","0","0","0","1","0","0",-Inf,-Inf,-Inf,-Inf,"0",1,14,0,4,2
"1477","202223","Gunnamatta SLSC Far East (P1)","MP","202223_Gunnamatta SLSC Far East (P1)_4",161,175,177,2022-12-12,2022-12-26,2022-12-28,"Y","L3","beach","1",3,0,0,0,0,0,0,0,4,0,0,0,0,0,0,0,"1","0","0","0","0","0","0","0",1,-Inf,-Inf,-Inf,"1",2,15,3,2,1
"1478","202223","Gunnamatta SLSC Far East (P1)","MP","202223_Gunnamatta SLSC Far East (P1)_5",188,214,216,2023-01-08,2023-02-03,2023-02-05,"Y","L3","beach","1",6,0,0,0,0,0,0,3,6,0,0,0,0,0,0,3,"1","0","0","0","0","0","1","0",1,-Inf,-Inf,-Inf,"0",1,27,2,2,1
"1479","202223","Heyfield Pair 2 (east side) Rye","MP","202223_Heyfield Pair 2 (east side) Rye_2",169,193,193,2022-12-20,2023-01-13,2023-01-13,"Y","L3","foredune/face","0",5,0,1,0,1,0,0,0,5,0,1,0,1,0,0,0,"1","0","1","0","1","0","0","0",2,-Inf,3,-Inf,"0",1,24,1,0,0
"1480","202223","Alison Ave east bay, Rye","MP","202223_Alison Ave east bay, Rye_1",94,123,123,2022-10-06,2022-11-04,2022-11-04,"Y","L3","foredune/face","0",0,0,0,0,0,0,0,0,0,0,0,0,0,0,0,0,"1","0","1","0","0","0","0","0",1,-Inf,1,-Inf,"0",1,29,0,0,0
"1481","202223","Alison Ave east bay, Rye","MP","202223_Alison Ave east bay, Rye_2",156,185,185,2022-12-07,2023-01-05,2023-01-05,"Y","L3","beach","0",0,0,0,0,0,0,0,0,0,0,0,0,0,0,0,0,"1","0","0","0","0","0","0","0",2,-Inf,-Inf,-Inf,"0",1,29,1,0,0
"1482","202223","Heyfield Pair 1 (west side) Rye","MP","202223_Heyfield Pair 1 (west side) Rye_1",72,98,98,2022-09-14,2022-10-10,2022-10-10,"Y","L3","foredune/face","0",14,0,0,0,0,0,0,0,14,0,0,0,0,0,0,0,"1","0","0","0","0","0","0","0",2,-Inf,-Inf,-Inf,"0",1,26,0,0,0
"1483","202223","Heyfield Pair 1 (west side) Rye","MP","202223_Heyfield Pair 1 (west side) Rye_2",120,144,151,2022-11-01,2022-11-25,2022-12-02,"Y","L3","foredune/face","1",4.5,0,0,0,0,0,0,0,6,0,0,0,0,0,0,0,"1","0","1","0","0","0","0","0",2,-Inf,1,-Inf,"0",2,27.5,2,7,3.5
"1484","202223","Heyfield Pair 1 (west side) Rye","MP","202223_Heyfield Pair 1 (west side) Rye_3",161,183,183,2022-12-12,2023-01-03,2023-01-03,"Y","L3","foredune/face","0",10,0,0,0,0,0,0,0,10,0,0,0,0,0,0,0,"1","0","0","0","0","0","0","0",3,-Inf,-Inf,-Inf,"0",1,22,1,0,0
"1485","202223","Rye Big Rock","MP","202223_Rye Big Rock_1",92,108,117,2022-10-04,2022-10-20,2022-10-29,"Y","L3","foredune/face","1",0.5,0,0,0,0,0,0,0,1,0,0,0,0,0,0,0,"1","0","1","0","0","0","0","0",2,-Inf,2,-Inf,"2",2,20.5,3,9,4.5
"1486","202223","Rye Big Rock","MP","202223_Rye Big Rock_2",137,162,162,2022-11-18,2022-12-13,2022-12-13,"Y","L3","foredune/face","0",0,0,0,0,0,0,0,0,0,0,0,0,0,0,0,0,"1","0","1","0","0","0","0","0",1,-Inf,1,-Inf,"0",1,25,0,0,0
"1487","202223","St Andrews Boags Rocks","MP","202223_St Andrews Boags Rocks_1",175,180,183,2022-12-26,2022-12-31,2023-01-03,"Y","L3","dune","1",1,0,0,0,0,0,0,17,1,0,0,0,0,0,0,17,"1","0","0","0","0","0","1","0",3,-Inf,-Inf,-Inf,"1",1,6.5,4,3,1.5
"1488","202223","St Andrews Boags Rocks","MP","202223_St Andrews Boags Rocks_2",189,210,216,2023-01-09,2023-01-30,2023-02-05,"Y","L3","beach","1",0,0,0,0,0,5,0,3.5,0,0,0,0,0,7,0,7,"1","0","0","0","0","0","1","1",3,-Inf,-Inf,1,"0",2,24,2,6,3
"1489","202223","St Andrews Boags Rocks","MP","202223_St Andrews Boags Rocks_3",231,238,245,2023-02-20,2023-02-27,2023-03-06,"Y","L3","beach","1",0,0,0,0,0,0,1,2.5,0,0,0,0,0,0,2,5,"1","0","0","0","0","1","1","1",2,-Inf,-Inf,1,"0",2,10.5,2,7,3.5
"1490","202223","Moana crt access west","MP","202223_Moana crt access west_1",81,81,84,2022-09-23,2022-09-23,2022-09-26,"Y","L3","beach","1",0,0,0,0,0,0,1,0.5,0,0,0,0,0,0,1,1,"1","0","1","0","0","1","1","0",3,-Inf,1,-Inf,"1",2,1.5,4,3,1.5
"1491","202223","Moana crt access west","MP","202223_Moana crt access west_2",106,106,107,2022-10-18,2022-10-18,2022-10-19,"Y","L3","beach","1",7,0,0,0,0,0,0,3,7,0,0,0,0,0,0,3,"1","0","1","0","0","0","1","0",3,-Inf,1,-Inf,"1",1,0.5,0,1,0.5
"1492","202223","Moana crt access west","MP","202223_Moana crt access west_3",112,112,117,2022-10-24,2022-10-24,2022-10-29,"Y","L3","beach","1",1,0,0,0,0,0,1,1,2,0,0,0,0,0,2,2,"1","0","0","0","0","1","1","0",2,-Inf,-Inf,-Inf,"0",2,2.5,1,5,2.5
"1493","202223","Rye car park east","MP","202223_Rye car park east_1",61,91,91,2022-09-03,2022-10-03,2022-10-03,"Y","L3","beach","0",6,0,0,0,0,0,0,0,6,0,0,0,0,0,0,0,"1","0","0","0","0","0","0","0",1,-Inf,-Inf,-Inf,"0",1,30,0,0,0
"1494","202223","Rye car park east","MP","202223_Rye car park east_2",157,167,167,2022-12-08,2022-12-18,2022-12-18,"Y","L3","dune","0",0,0,0,0,0,0,0,0,0,0,0,0,0,0,0,0,"1","0","1","0","0","0","0","0",3,-Inf,1,-Inf,"2",1,10,1,0,0
"1495","202223","Brewster, Rye","MP","202223_Brewster, Rye_1",146,146,147,2022-11-27,2022-11-27,2022-11-28,"N","L0","beach","1",1,0,0.5,0,0.5,0,0,0.5,2,0,1,0,1,0,0,1,"1","0","1","0","1","0","1","0",2,-Inf,2,-Inf,"2",2,0.5,1,1,0.5
"1496","202223","Brewster, Rye","MP","202223_Brewster, Rye_2",164,164,176,2022-12-15,2022-12-15,2022-12-27,"Y","L3","beach","1",5,0,0,0,0,0,0,0,5,0,0,0,0,0,0,0,"1","0","0","0","0","0","0","0",2,-Inf,-Inf,-Inf,"2",1,6,9,12,6
"1497","202223","Brewster, Rye","MP","202223_Brewster, Rye_3",187,206,214,2023-01-07,2023-01-26,2023-02-03,"Y","L3","beach","1",0,0,0,0,0,0,0,1,0,0,0,0,0,0,0,2,"1","0","0","0","0","0","1","0",1,-Inf,-Inf,-Inf,"0",2,23,4,8,4
"1498","202223","Fowlers","MP","202223_Fowlers_1",71,97,104,2022-09-13,2022-10-09,2022-10-16,"N","L1","dune","1",0,0,0,0,0,0,0,0.5,0,0,0,0,0,0,0,1,"1","0","1","0","0","0","1","0",1,-Inf,1,-Inf,"1",2,29.5,3,7,3.5
"1499","202223","Fowlers","MP","202223_Fowlers_2",166,182,188,2022-12-17,2023-01-02,2023-01-08,"N","L1","dune","1",10.3333333333333,0,0,0,0,0,0,0,14,0,0,0,0,0,0,0,"1","0","1","0","0","0","0","0",2,-Inf,2,-Inf,"0",3,19,7,6,3
"1500","202223","Portsea Farnsworth/SLSC west","MP","202223_Portsea Farnsworth/SLSC west_1",67,90,94,2022-09-09,2022-10-02,2022-10-06,"Y","L3","dune","1",1.5,0,0,0,0,0,0,2,3,0,0,0,0,0,0,2,"1","0","0","0","0","0","1","0",1,-Inf,-Inf,-Inf,"0",2,25,1,4,2
"1501","202223","Portsea Farnsworth/SLSC west","MP","202223_Portsea Farnsworth/SLSC west_2",152,158,164,2022-12-03,2022-12-09,2022-12-15,"N","L1","dune","1",4.5,1,0,0,0,0,0,0,6,1,0,0,0,0,0,0,"1","1","0","0","0","0","0","0",2,3,-Inf,-Inf,"0",2,9,2,6,3
"1502","202223","Portsea Farnsworth/SLSC west","MP","202223_Portsea Farnsworth/SLSC west_3",169,195,196,2022-12-20,2023-01-15,2023-01-16,"Y","L3","foredune/face","1",2,0,0,0,0,0,2,7.5,2,0,0,0,0,0,4,15,"1","0","0","0","0","1","1","0",3,-Inf,-Inf,-Inf,"0",2,26.5,2,1,0.5
"1503","202223","Portsea Franklin rd west","MP","202223_Portsea Franklin rd west_1",67,86,86,2022-09-09,2022-09-28,2022-09-28,"Y","L3","dune","0",0,0,0,0,0,0,0,0,0,0,0,0,0,0,0,0,"1","0","0","0","0","0","0","0",2,-Inf,-Inf,-Inf,"0",1,19,1,0,0
"1504","202223","Portsea Franklin rd west","MP","202223_Portsea Franklin rd west_2",134,157,159,2022-11-15,2022-12-08,2022-12-10,"Y","L3","dune","1",2,0,0,0,0,0,1.5,1.5,4,0,0,0,0,0,3,3,"1","0","0","0","0","1","1","0",2,-Inf,-Inf,-Inf,"0",2,24,1,2,1
"1505","202223","Portsea Franklin rd west","MP","202223_Portsea Franklin rd west_3",172,198,198,2022-12-23,2023-01-18,2023-01-18,"Y","L2","dune","0",0,0,0,0,0,0,0,0,0,0,0,0,0,0,0,0,"1","0","1","0","0","0","0","0",2,-Inf,1,-Inf,"1",1,26,1,0,0
"1506","202223","Rye car park west","MP","202223_Rye car park west_1",72,105,107,2022-09-14,2022-10-17,2022-10-19,"Y","L3","dune","1",1.5,0,0,0,0,0,0,0,3,0,0,0,0,0,0,0,"1","0","1","0","0","0","0","0",2,-Inf,2,-Inf,"2",2,34,0,2,1
"1507","202223","Rye car park west","MP","202223_Rye car park west_2",144,171,174,2022-11-25,2022-12-22,2022-12-25,"Y","L3","foredune/face","1",4.5,0,0,0,0,0,0,0,5,0,0,0,0,0,0,0,"1","0","0","0","0","0","0","0",2,-Inf,-Inf,-Inf,"1",2,28.5,4,3,1.5
"1508","202223","Rye car park west","MP","202223_Rye car park west_3",199,213,217,2023-01-19,2023-02-02,2023-02-06,"Y","L3","dune","1",0,0,0,0,0,0,0,0,0,0,0,0,0,0,0,0,"1","0","1","0","0","0","0","0",2,-Inf,1,-Inf,"2",2,16,2,4,2
"1509","202223","Flinders, Mushroom Reef, HP","MP","2022-23_Flinders, Mushroom Reef, HP_2",113,113,115,2022-10-25,2022-10-25,2022-10-27,"N","L1","beach","1",0,0,0,0,0,0,7,15,0,0,0,0,0,0,7,15,"0","0","0","0","0","1","1","0",-Inf,-Inf,-Inf,-Inf,"1",1,1,0,2,1
"1510","202223","Flinders, Mushroom Reef, HP","MP","2022-23_Flinders, Mushroom Reef, HP_1",175,181,182,2022-12-26,2023-01-01,2023-01-02,"Y","L3","foredune/face","1",33,0,0.5,0.5,0,0,0,8,44,0,1,1,0,0,0,8,"1","0","1","1","0","0","1","0",3,-Inf,1,-Inf,"0",2,6.5,2,1,0.5
"1511","202223","Montforts","MP","202223_Montforts_1",145,145,147,2022-11-26,2022-11-26,2022-11-28,"Y","L2","beach","1",4,0,0.5,0,0.5,0,0,0,8,0,1,0,1,0,0,0,"1","0","1","0","1","0","0","0",3,-Inf,1,-Inf,"1",2,1,2,2,1
"1512","202223","Montforts","MP","202223_Montforts_2",156,186,186,2022-12-07,2023-01-06,2023-01-06,"Y","L3","foredune/face","0",9,0,0,0,0,0,0,0,9,0,0,0,0,0,0,0,"1","0","1","0","0","0","0","0",2,-Inf,1,-Inf,"0",1,30,1,0,0
"1513","202223","Point Leo","MP","202223_Point Leo_1",100,126,126,2022-10-12,2022-11-07,2022-11-07,"Y","L3","beach","0",7,0,0,0,0,0,0,0,7,0,0,0,0,0,0,0,"1","0","1","0","0","0","0","0",2,-Inf,1,-Inf,"0",1,26,0,0,0
"1514","202223","Point Leo","MP","202223_Point Leo_2",154,176,184,2022-12-05,2022-12-27,2023-01-04,"Y","L3","beach","1",0.5,0,0,0,0,0,0,6,1,0,0,0,0,0,0,12,"1","0","1","0","0","0","1","0",3,-Inf,1,-Inf,"0",2,26,9,8,4
"1515","202223","Point Leo","MP","202223_Point Leo_3",224,238,245,2023-02-13,2023-02-27,2023-03-06,"Y","L3","dune","1",3.5,0,1,0,1,0,0,4,5,0,2,0,2,0,0,8,"1","0","1","0","1","0","1","0",2,-Inf,1,-Inf,"0",2,17.5,2,7,3.5
"1516","202223","Pt Nepean, Nepean Bay","MP","202223_Pt Nepean, Nepean Bay_1",74,83,91,2022-09-16,2022-09-25,2022-10-03,"Y","L3","foredune/face","1",3,0,0,0,0,0,0,0,6,0,0,0,0,0,0,0,"1","0","1","0","0","0","0","0",3,-Inf,1,-Inf,"0",2,13,8,8,4
"1517","202223","Flinders - West Head","MP","2022-23_Flinders - West Head_3",193,212,218,2023-01-13,2023-02-01,2023-02-07,"Y","L2","beach","1",0,0,0,0,0,0,0,0,0,0,0,0,0,0,0,0,"1","0","1","0","0","0","0","0",1,-Inf,1,-Inf,"1",2,22,2,6,3
"1518","202324","Gunnamatta Fingal Tk (P4)","MP","202324_Gunnamatta Fingal Tk (P4)_1",115,115,123,2023-10-27,2023-10-27,2023-11-04,"Y","L3","foredune/face","1",3,0,0,0,0,0,0,1,6,0,0,0,0,0,0,2,"1","0","0","0","0","0","1","0",1,-Inf,-Inf,-Inf,"1",2,4,3,8,4
"1519","202324","Gunnamatta Fingal Tk (P4)","MP","202324_Gunnamatta Fingal Tk (P4)_2",128,139,157,2023-11-09,2023-11-20,2023-12-08,"Y","L3","beach","1",0,0,0,0,0,0,0,0,0,0,0,0,0,0,0,0,"1","0","0","0","0","0","0","0",1,-Inf,-Inf,-Inf,"1",1,20,4,18,9
"1520","202324","Gunnamatta Fingal Tk (P4)","MP","202324_Gunnamatta Fingal Tk (P4)_4",191,201,201,2024-01-11,2024-01-21,2024-01-21,"Y","L3","dune","0",10,0,0,0,0,0,0,0,10,0,0,0,0,0,0,0,"1","0","0","0","0","0","0","0",2,-Inf,-Inf,-Inf,"2",1,10,1,0,0
"1521","202324","Koonya East","MP","202324_Koonya East_1",86,99,102,2023-09-28,2023-10-11,2023-10-14,"N","L0","dune","1",0.5,0,0,0,0,0,0,0,1,0,0,0,0,0,0,0,"1","0","1","0","0","0","0","0",2,-Inf,1,-Inf,"0",2,14.5,1,3,1.5
"1522","202324","Koonya East","MP","202324_Koonya East_2",137,160,162,2023-11-18,2023-12-11,2023-12-13,"Y","L3","dune","1",5.5,0,0,0,0,0,0,0,11,0,0,0,0,0,0,0,"1","0","0","0","0","0","0","0",2,-Inf,-Inf,-Inf,"0",2,24,0,2,1
"1523","202324","Koonya East","MP","202324_Koonya East_3",172,204,204,2023-12-23,2024-01-24,2024-01-24,"Y","L3","dune","0",3,0,0,0,0,0,0,2,3,0,0,0,0,0,0,2,"1","0","1","0","0","0","1","0",1,-Inf,1,-Inf,"0",1,32,1,0,0
"1524","202324","Koonya West","MP","202324_Koonya West_1",81,81,86,2023-09-23,2023-09-23,2023-09-28,"N","L0","foredune/face","1",1.5,0,0,0,0,0,0,0,3,0,0,0,0,0,0,0,"1","0","0","0","0","0","0","0",3,-Inf,-Inf,-Inf,"0",2,2.5,6,5,2.5
"1525","202324","Koonya West","MP","202324_Koonya West_2",99,109,120,2023-10-11,2023-10-21,2023-11-01,"Y","L3","beach","1",2,0,0,0,0,0,0,0,2,0,0,0,0,0,0,0,"1","0","0","0","0","0","0","0",1,-Inf,-Inf,-Inf,"0",1,15.5,4,11,5.5
"1526","202324","Koonya West","MP","202324_Koonya West (see note)_4",175,208,221,2023-12-26,2024-01-28,2024-02-10,"Y","L3","beach","1",2.875,0,0.125,0.125,0,0,0.125,0.75,10,0,1,1,0,0,1,4,"1","0","1","1","0","1","1","0",3,-Inf,-Inf,-Inf,"0",8,39.5,5,13,6.5
"1527","202324","Miami drive east access","MP","202324_Miami drive east access_1",83,87,99,2023-09-25,2023-09-29,2023-10-11,"Y","L3","dune","1",4,0,0,0,0,0,0.5,0,7,0,0,0,0,0,1,0,"1","0","1","0","0","1","0","0",1,-Inf,1,-Inf,"1",2,10,5,12,6
"1528","202324","Miami drive east access","MP","202324_Miami drive east access_2",113,125,132,2023-10-25,2023-11-06,2023-11-13,"Y","L3","foredune/face","1",2.5,0,0.5,0.5,0,0,0,2.5,4,0,1,1,0,0,0,5,"1","0","1","1","0","0","1","0",3,-Inf,1,-Inf,"0",2,15.5,3,7,3.5
"1529","202324","Miami drive east access","MP","202324_Miami drive east access_3",146,146,156,2023-11-27,2023-11-27,2023-12-07,"N","L0","dune","1",0.5,0,0.5,0.5,0,0,0.5,5,1,0,1,1,0,0,1,10,"1","0","1","1","0","1","1","0",3,-Inf,-Inf,-Inf,"0",2,5,2,10,5
"1530","202324","Miami drive east access","MP","202324_Miami drive east access_4",156,187,187,2023-12-07,2024-01-07,2024-01-07,"Y","L3","beach","0",34,0,0,0,0,0,0,0,34,0,0,0,0,0,0,0,"1","0","0","0","0","0","0","0",-Inf,-Inf,-Inf,-Inf,"0",1,31,1,0,0
"1531","202324","Portsea Franklin rd access","MP","202324_Portsea Franklin rd access_1",88,88,99,2023-09-30,2023-09-30,2023-10-11,"N","L1","dune","1",10,0,0,0,0,0,3,3.5,20,0,0,0,0,0,4,7,"1","0","1","0","0","1","1","0",3,-Inf,2,-Inf,"2",2,5.5,4,11,5.5
"1532","202324","Portsea Franklin rd access","MP","202324_Portsea Franklin rd access_2",150,152,161,2023-12-01,2023-12-03,2023-12-12,"Y","L3","beach","1",0.5,0,0,0,0,0,6.5,6,1,0,0,0,0,0,9,12,"1","0","0","0","0","1","1","0",3,-Inf,-Inf,-Inf,"0",2,6.5,3,9,4.5
"1533","202324","Portsea Franklin rd access","MP","202324_Portsea Franklin rd access_3",164,172,176,2023-12-15,2023-12-23,2023-12-27,"Y","L3","foredune/face","1",1.5,0,0,0,0,0,4,0,3,0,0,0,0,0,8,0,"1","0","0","0","0","1","0","0",2,-Inf,-Inf,-Inf,"1",2,10,5,4,2
"1534","202324","Portsea Franklin rd access","MP","202324_Portsea Franklin rd access_4",184,191,196,2024-01-04,2024-01-11,2024-01-16,"Y","L3","beach","1",3,0,0,0,0,0,1,2,3,0,0,0,0,0,1,2,"1","0","1","0","0","1","1","0",2,-Inf,1,-Inf,"0",1,9.5,6,5,2.5
"1535","202324","Portsea London Bridge","MP","202324_Portsea London Bridge_1",130,130,135,2023-11-11,2023-11-11,2023-11-16,"N","L0","dune","1",1,0,0,0,0,0,3,8,2,0,0,0,0,0,3,16,"1","0","0","0","0","1","1","0",3,-Inf,-Inf,-Inf,"2",2,2.5,2,5,2.5
"1536","202324","Portsea London Bridge","MP","202324_Portsea London Bridge_2",144,175,175,2023-11-25,2023-12-26,2023-12-26,"Y","L3","beach","0",2,0,0,0,0,0,0,1,2,0,0,0,0,0,0,1,"1","0","0","0","0","0","1","0",1,-Inf,-Inf,-Inf,"0",1,31,1,0,0
"1537","202324","St. Andrews car park east","MP","202324_St. Andrews car park east_1",132,162,163,2023-11-13,2023-12-13,2023-12-14,"Y","L3","beach","1",0.5,0,0,0,0,0,0,5,1,0,0,0,0,0,0,7,"1","0","0","0","0","0","1","0",1,-Inf,-Inf,-Inf,"0",2,30.5,0,1,0.5
"1538","202324","St. Andrews car park east","MP","202324_St. Andrews car park east_2",173,201,201,2023-12-24,2024-01-21,2024-01-21,"Y","L3","dune","0",5,0,0,0,0,0,0,3,5,0,0,0,0,0,0,3,"1","0","0","0","0","0","1","0",3,-Inf,-Inf,-Inf,"0",1,28,1,0,0
"1539","202324","Alison Ave, Rye","MP","202324_Alison Ave, Rye_1",128,130,146,2023-11-09,2023-11-11,2023-11-27,"Y","L2","beach","1",0,0,0,0,0,0,0,13,0,0,0,0,0,0,0,26,"1","0","1","0","0","0","1","0",3,-Inf,1,-Inf,"1",2,10,6,16,8
"1540","202324","Alison Ave, Rye","MP","202324_Alison Ave, Rye_2",146,180,180,2023-11-27,2023-12-31,2023-12-31,"Y","L3","foredune/face","0",0,0,0,0,0,0,0,0,0,0,0,0,0,0,0,0,"1","0","1","0","0","0","0","0",2,-Inf,1,-Inf,"0",1,34,1,0,0
"1541","202324","Gunida Crt Rye","MP","202324_Gunida Crt Rye_3",178,210,210,2023-12-29,2024-01-30,2024-01-30,"Y","L3","beach","0",2,0,0,0,0,0,3,0,2,0,0,0,0,0,3,0,"1","0","1","0","0","1","0","0",3,-Inf,2,-Inf,"2",1,32,0,0,0
"1542","202324","Gunnamatta Fingal Tk East (P5)","MP","202324_Gunnamatta Fingal Tk East (P5)_1",123,123,128,2023-11-04,2023-11-04,2023-11-09,"Y","L3","beach","1",6,0,0,0,0,0,0,0,6,0,0,0,0,0,0,0,"1","0","0","0","0","0","0","0",-Inf,-Inf,-Inf,-Inf,"0",1,2.5,3,5,2.5
"1543","202324","Gunnamatta Fingal Tk East (P5)","MP","202324_Gunnamatta Fingal Tk East (P5)_2",139,139,157,2023-11-20,2023-11-20,2023-12-08,"Y","L3","beach","1",0,0,0,0,0,0,0,0,0,0,0,0,0,0,0,0,"1","0","0","0","0","0","0","0",1,-Inf,-Inf,-Inf,"1",1,9,4,18,9
"1544","202324","Gunnamatta Fingal Tk East (P5)","MP","202324_Gunnamatta Fingal Tk East (P5)_4",183,209,209,2024-01-03,2024-01-29,2024-01-29,"Y","L3","dune","0",0,0,0,0,0,0,0,0,0,0,0,0,0,0,0,0,"1","0","0","0","0","0","0","0",1,-Inf,-Inf,-Inf,"1",1,26,1,0,0
"1545","202324","Gunnamatta SLSC Far East (P1)","MP","202324_Gunnamatta SLSC Far East (P1)_1",82,82,88,2023-09-24,2023-09-24,2023-09-30,"Y","L3","foredune/face","1",8,0,0,0,0,0,0,0,8,0,0,0,0,0,0,0,"1","0","0","0","0","0","0","0",1,-Inf,-Inf,-Inf,"0",1,3,7,6,3
"1546","202324","Gunnamatta SLSC Far East (P1)","MP","202324_Gunnamatta SLSC Far East (P1)_2",103,114,123,2023-10-15,2023-10-26,2023-11-04,"Y","L3","beach","1",10,0,0,0,0,0,0,0,10,0,0,0,0,0,0,0,"1","0","1","0","0","0","0","0",1,-Inf,1,-Inf,"1",1,15.5,3,9,4.5
"1547","202324","Gunnamatta SLSC Far East (P1)","MP","202324_Gunnamatta SLSC Far East (P1)_3",128,157,158,2023-11-09,2023-12-08,2023-12-09,"Y","L3","beach","1",8,0,0,0,0,0,0,0,8,0,0,0,0,0,0,0,"1","0","0","0","0","0","0","0",-Inf,-Inf,-Inf,-Inf,"1",1,29.5,1,1,0.5
"1548","202324","Heyfield Pair 2 (east side) Rye","MP","202324_Heyfield Pair 2 (east side) Rye_1",52,64,64,2023-08-25,2023-09-06,2023-09-06,"Y","L3","beach","0",0,0,0,0,0,0,0,0,0,0,0,0,0,0,0,0,"1","0","0","0","0","0","0","0",1,-Inf,-Inf,-Inf,"1",1,12,0,0,0
"1549","202324","Heyfield Pair 2 (east side) Rye","MP","202324_Heyfield Pair 2 (east side) Rye_2",155,181,181,2023-12-06,2024-01-01,2024-01-01,"Y","L3","foredune/face","0",17,0,0,0,0,0,0,0,17,0,0,0,0,0,0,0,"1","0","1","0","0","0","0","0",3,-Inf,1,-Inf,"0",1,26,1,0,0
"1550","202324","Portsea Sphinx rocks","MP","202324_Portsea Sphinx rocks_1",88,88,99,2023-09-30,2023-09-30,2023-10-11,"N","L0","dune","1",7,0,0,0,0,0,0,6,10,0,0,0,0,0,0,12,"1","0","0","0","0","0","1","0",2,-Inf,-Inf,-Inf,"3",2,5.5,4,11,5.5
"1551","202324","Portsea Sphinx rocks","MP","202324_Portsea Sphinx rocks_2",106,106,110,2023-10-18,2023-10-18,2023-10-22,"N","L0","dune","1",4,0,0,0,0,0,5,4,4,0,0,0,0,0,5,4,"1","0","0","0","0","1","1","0",2,-Inf,-Inf,-Inf,"2",1,2,2,4,2
"1552","202324","Portsea Sphinx rocks","MP","202324_Portsea Sphinx rocks_3",164,170,177,2023-12-15,2023-12-21,2023-12-28,"N","L0","dune","1",0,0,0,0,0,0,0,0,0,0,0,0,0,0,0,0,"0","0","0","0","0","0","0","0",-Inf,-Inf,-Inf,-Inf,"0",1,9.5,8,7,3.5
"1553","202324","Portsea Sphinx rocks","MP","202324_Portsea Sphinx rocks_4",184,194,199,2024-01-04,2024-01-14,2024-01-19,"Y","L3","beach","1",4.5,0,0,0,0,0,2,0,9,0,0,0,0,0,3,0,"1","0","0","0","0","1","0","0",2,-Inf,-Inf,-Inf,"0",2,12.5,6,5,2.5
"1554","202324","Alison Ave east bay, Rye","MP","202324_Alison Ave east bay, Rye_1",83,109,109,2023-09-25,2023-10-21,2023-10-21,"Y","L3","dune","0",0,0,0,0,0,0,0,30,0,0,0,0,0,0,0,30,"0","0","0","0","0","0","1","0",-Inf,-Inf,-Inf,-Inf,"0",1,26,1,0,0
"1555","202324","Gunnamatta Car Park 1 (P6)","MP","202324_Gunnamatta Car Park 1 (P6)_1",149,173,173,2023-11-30,2023-12-24,2023-12-24,"Y","L3","beach","0",7,0,0,0,0,0,0,8,7,0,0,0,0,0,0,8,"1","0","1","0","0","0","1","0",2,-Inf,1,-Inf,"0",1,24,1,0,0
"1556","202324","Heyfield Pair 1 (west side) Rye","MP","202324_Heyfield Pair 1 (west side) Rye_2",165,172,178,2023-12-16,2023-12-23,2023-12-29,"Y","L3","foredune/face","1",6,0,0.333333333333333,0,0.333333333333333,0,0,10,10,0,1,0,1,0,0,30,"1","0","1","0","1","0","1","0",3,-Inf,-Inf,-Inf,"1",3,10,7,6,3
"1557","202324","Heyfield Pair 1 (west side) Rye","MP","202324_Heyfield Pair 1 (west side) Rye_3",186,192,193,2024-01-06,2024-01-12,2024-01-13,"Y","L3","beach","1",2,0,0,0,0,0,2.5,0,2,0,0,0,0,0,5,0,"1","0","0","0","0","1","0","0",3,-Inf,-Inf,-Inf,"0",2,6.5,2,1,0.5
"1558","202324","Rye Big Rock","MP","202324_Rye Big Rock_1",61,82,93,2023-09-03,2023-09-24,2023-10-05,"Y","L3","foredune/face","1",3,0,1.5,0.5,1,0,0,0,6,0,3,1,2,0,0,0,"1","0","1","1","1","0","0","0",3,-Inf,2,-Inf,"2",2,26.5,8,11,5.5
"1559","202324","Rye Big Rock","MP","202324_Rye Big Rock_2",146,164,171,2023-11-27,2023-12-15,2023-12-22,"Y","L3","foredune/face","1",0,0,0,0,0,0,0,0,0,0,0,0,0,0,0,0,"1","0","0","0","0","0","0","0",1,-Inf,-Inf,-Inf,"1",2,21.5,4,7,3.5
"1560","202324","St Andrews Boags Rocks","MP","202324_St Andrews Boags Rocks_1",118,118,125,2023-10-30,2023-10-30,2023-11-06,"N","L1","dune","1",2.5,0,0,0,0,0,0,5,3,0,0,0,0,0,0,10,"1","0","0","0","0","0","1","1",2,-Inf,-Inf,2,"0",2,3.5,2,7,3.5
"1561","202324","St Andrews Boags Rocks","MP","202324_St Andrews Boags Rocks_2",152,161,171,2023-12-03,2023-12-12,2023-12-22,"Y","L3","beach","1",0,0,0,0,0,0,0,0,0,0,0,0,0,0,0,0,"1","0","0","0","0","0","0","0",3,-Inf,-Inf,-Inf,"0",1,14,4,10,5
"1562","202324","Moana crt access west","MP","202324_Moana crt access west_1",146,146,160,2023-11-27,2023-11-27,2023-12-11,"Y","L3","beach","1",1.5,0,0,0,0,0,0,5,2,0,0,0,0,0,0,10,"1","0","1","0","0","0","1","0",3,-Inf,1,-Inf,"1",2,7,4,14,7
"1563","202324","Moana crt access west","MP","202324_Moana crt access west_2",162,162,178,2023-12-13,2023-12-13,2023-12-29,"Y","L3","dune","1",4,0,0,0,0,0,0,3.66666666666667,12,0,0,0,0,0,0,7,"1","0","1","0","0","0","1","0",3,-Inf,1,-Inf,"1",3,8,11,16,8
"1564","202324","Moana crt access west","MP","202324_Moana crt access west_3",181,182,183,2024-01-01,2024-01-02,2024-01-03,"Y","L3","beach","1",10,0,0.5,0,0.5,0,0,4.5,10,0,1,0,1,0,0,9,"1","0","1","0","1","0","1","0",3,-Inf,1,-Inf,"0",2,1.5,2,1,0.5
"1565","202324","Rye car park east","MP","202324_Rye car park east_2",118,139,146,2023-10-30,2023-11-20,2023-11-27,"Y","L3","dune","1",2.5,0,0.5,0.5,0,0,0,12.5,3,0,1,1,0,0,0,15,"1","0","1","1","0","0","1","0",3,-Inf,2,-Inf,"0",2,24.5,2,7,3.5
"1566","202324","Rye car park east","MP","202324_Rye car park east_3",156,183,183,2023-12-07,2024-01-03,2024-01-03,"Y","L3","beach","0",0,0,0,0,0,0,0,0,0,0,0,0,0,0,0,0,"1","0","1","0","0","0","0","0",2,-Inf,1,-Inf,"1",1,27,1,0,0
"1567","202324","Brewster, Rye","MP","202324_Brewster, Rye_1",69,70,99,2023-09-11,2023-09-12,2023-10-11,"Y","L3","beach","1",2,0,0,0,0,0,0,0,2,0,0,0,0,0,0,0,"1","0","1","0","0","0","0","0",2,-Inf,1,-Inf,"1",1,15.5,18,29,14.5
"1568","202324","Brewster, Rye","MP","202324_Brewster, Rye_2",99,119,123,2023-10-11,2023-10-31,2023-11-04,"Y","L3","beach","1",0,0,0,0,0,0,0,0,0,0,0,0,0,0,0,0,"0","0","1","0","0","0","0","0",-Inf,-Inf,1,-Inf,"1",2,22,1,4,2
"1569","202324","Brewster, Rye","MP","202324_Brewster, Rye_3",146,170,170,2023-11-27,2023-12-21,2023-12-21,"Y","L3","beach","0",0,0,0,0,0,0,0,0,0,0,0,0,0,0,0,0,"1","0","0","0","0","0","0","0",1,-Inf,-Inf,-Inf,"0",1,24,1,0,0
"1570","202324","Fowlers","MP","202324_Fowlers_1",69,69,72,2023-09-11,2023-09-11,2023-09-14,"N","L0","dune","1",1.5,0,0,0,0,0,0,0,3,0,0,0,0,0,0,0,"1","0","1","0","0","0","0","0",3,-Inf,1,-Inf,"1",2,1.5,0,3,1.5
"1571","202324","Fowlers","MP","202324_Fowlers_2",81,81,98,2023-09-23,2023-09-23,2023-10-10,"N","L0","dune","1",0.5,0,0,0,0,0,0,1,1,0,0,0,0,0,0,2,"1","0","1","0","0","0","1","0",3,-Inf,1,-Inf,"0",2,8.5,11,17,8.5
"1572","202324","Fowlers","MP","202324_Fowlers_3",119,121,126,2023-10-31,2023-11-02,2023-11-07,"N","L0","beach","1",0,0,0,0,0,0,0,1,0,0,0,0,0,0,0,2,"1","0","1","0","0","0","1","0",3,-Inf,1,-Inf,"1",2,4.5,3,5,2.5
"1573","202324","Fowlers","MP","202324_Fowlers_4",153,164,167,2023-12-04,2023-12-15,2023-12-18,"N","L0","dune","1",0,0,0,0,0,0,0.5,1,0,0,0,0,0,0,1,2,"1","0","0","0","0","1","1","0",1,-Inf,-Inf,-Inf,"0",2,12.5,2,3,1.5
"1574","202324","Fowlers","MP","202324_Fowlers_5",186,209,209,2024-01-06,2024-01-29,2024-01-29,"N","L0","dune","0",1,0,0,0,0,0,0,4,1,0,0,0,0,0,0,4,"1","0","1","0","0","0","1","0",1,-Inf,1,-Inf,"0",1,23,1,0,0
"1575","202324","Portsea Farnsworth/SLSC west","MP","202324_Portsea Farnsworth/SLSC west_1",103,103,119,2023-10-15,2023-10-15,2023-10-31,"N","L0","beach","1",0,0,0,0,0,0,0,1,0,0,0,0,0,0,0,2,"1","0","0","0","0","0","1","0",1,-Inf,-Inf,-Inf,"1",2,8,5,16,8
"1576","202324","Portsea Farnsworth/SLSC west","MP","202324_Portsea Farnsworth/SLSC west_2",130,152,152,2023-11-11,2023-12-03,2023-12-03,"Y","L3","foredune/face","0",6,0,0,0,0,0,0,0,6,0,0,0,0,0,0,0,"1","0","0","0","0","0","0","0",2,-Inf,-Inf,-Inf,"0",1,22,1,0,0
"1577","202324","St Andrews carpark west","MP","202324_St Andrews carpark west_1",83,87,102,2023-09-25,2023-09-29,2023-10-14,"Y","L3","dune","1",19,0,0,0,0,0,0,0,19,0,0,0,0,0,0,0,"1","0","0","0","0","0","0","0",-Inf,-Inf,-Inf,-Inf,"0",1,11.5,6,15,7.5
"1578","202324","St Andrews carpark west","MP","202324_St Andrews carpark west_2",132,132,138,2023-11-13,2023-11-13,2023-11-19,"Y","L3","dune","1",0.666666666666667,0,0,0,0,0,0.666666666666667,0.333333333333333,2,0,0,0,0,0,2,1,"1","0","0","0","0","1","1","0",3,-Inf,-Inf,-Inf,"1",3,3,2,6,3
"1579","202324","St Andrews carpark west","MP","202324_St Andrews carpark west_3",150,157,160,2023-12-01,2023-12-08,2023-12-11,"Y","L3","beach","1",0,0,0,0,0,0,0,0,0,0,0,0,0,0,0,0,"1","0","1","0","0","0","0","0",1,-Inf,1,-Inf,"0",1,8.5,2,3,1.5
"1580","202324","St Andrews carpark west","MP","202324_St Andrews carpark west_4",169,176,180,2023-12-20,2023-12-27,2023-12-31,"Y","L3","beach","1",2,0,0,0,0,0,0,1.66666666666667,5,0,0,0,0,0,0,5,"1","0","1","0","0","0","1","0",3,-Inf,2,-Inf,"1",3,9,5,4,2
"1581","202324","St Andrews carpark west","MP","202324_St Andrews carpark west_5",186,188,195,2024-01-06,2024-01-08,2024-01-15,"Y","L3","beach","1",0,0,0,0,0,0,0,1,0,0,0,0,0,0,0,2,"1","0","0","0","0","0","1","0",3,-Inf,-Inf,-Inf,"0",2,5.5,8,7,3.5
"1582","202324","Rye car park west","MP","202324_Rye car park west_1",98,121,121,2023-10-10,2023-11-02,2023-11-02,"N","L0","dune","0",0,0,0,0,0,0,0,5,0,0,0,0,0,0,0,5,"1","0","1","0","0","0","1","0",1,-Inf,1,-Inf,"1",1,23,0,0,0
"1583","202324","Rye car park west","MP","202324_Rye car park west_2",146,164,169,2023-11-27,2023-12-15,2023-12-20,"Y","L3","foredune/face","1",0,0,0,0,0,0,0,0.5,0,0,0,0,0,0,0,1,"1","0","1","0","0","0","1","0",2,-Inf,1,-Inf,"0",2,20.5,2,5,2.5
"1584","202324","Rye car park west","MP","202324_Rye car park west_3",180,195,203,2023-12-31,2024-01-15,2024-01-23,"Y","L3","foredune/face","1",0.5,0,0,0,0,0,0,1,1,0,0,0,0,0,0,2,"1","0","0","0","0","0","1","0",1,-Inf,-Inf,-Inf,"2",2,19,9,8,4
"1585","202324","Rye car park west","MP","202324_Rye car park west_4",212,212,216,2024-02-01,2024-02-01,2024-02-05,"N","L0","foredune/face","1",0.5,0,0,0,0,0,1.5,0,1,0,0,0,0,0,3,0,"1","0","1","0","0","1","0","0",3,-Inf,2,-Inf,"2",2,2,2,4,2
"1586","202324","Flinders, Mushroom Reef, HP","MP","202324_Flinders, Mushroom Reef, HP_1",182,196,197,2024-01-02,2024-01-16,2024-01-17,"Y","L3","beach","1",6.5,0,0,0,0,0,0,3.5,8,0,0,0,0,0,0,7,"1","0","0","0","0","0","1","0",1,-Inf,-Inf,-Inf,"0",2,14.5,2,1,0.5
"1587","202324","Montforts","MP","202324_Montforts_1",98,98,106,2023-10-10,2023-10-10,2023-10-18,"Y","L2","beach","1",0,0,0,0,0,0,0,0.5,0,0,0,0,0,0,0,1,"1","0","0","0","0","0","1","0",1,-Inf,-Inf,-Inf,"0",2,4,2,8,4
"1588","202324","Montforts","MP","202324_Montforts_2",163,189,189,2023-12-14,2024-01-09,2024-01-09,"Y","L3","beach","0",6,0,0,0,0,0,0,0,6,0,0,0,0,0,0,0,"1","0","0","0","0","0","0","0",1,-Inf,-Inf,-Inf,"0",1,26,1,0,0
"1589","202324","Pt Nepean Monash Break","MP","202324_Pt Nepean Monash Break_2",102,103,117,2023-10-14,2023-10-15,2023-10-29,"Y","L3","beach","1",0,0,0,0,0,0,0,3,0,0,0,0,0,0,0,3,"0","0","0","0","0","0","1","0",-Inf,-Inf,-Inf,-Inf,"0",1,8,5,14,7
"1590","202324","Coppins Lookout","MP","202324_Coppins Lookout_1",100,108,120,2023-10-12,2023-10-20,2023-11-01,"N","L0","dune","1",0,0,0,0,0,0,0,16,0,0,0,0,0,0,0,31,"1","0","0","0","0","0","1","0",1,-Inf,-Inf,-Inf,"0",2,14,4,12,6
"1591","202324","Point Leo","MP","202324_Point Leo_1",115,119,119,2023-10-27,2023-10-31,2023-10-31,"Y","L3","dune","0",2,1,1,0,1,0,0,5,2,1,1,0,1,0,0,5,"1","1","1","0","1","0","1","0",1,-Inf,-Inf,-Inf,"0",1,4,0,0,0
"1592","202324","Point Leo","MP","202324_Point Leo_2",183,183,190,2024-01-03,2024-01-03,2024-01-10,"Y","L3","dune","1",5.5,0,0.5,0,0.5,0,0,1.5,7,0,1,0,1,0,0,3,"1","0","1","0","1","0","1","0",2,-Inf,1,-Inf,"0",2,3.5,8,7,3.5
"1593","202324","Point Leo","MP","202324_Point Leo_3",204,223,226,2024-01-24,2024-02-12,2024-02-15,"Y","L3","dune","1",20.5,0,0,0,0,0,0,16.5,38,0,0,0,0,0,0,25,"1","0","1","0","0","0","1","0",3,-Inf,2,-Inf,"0",2,20.5,0,3,1.5
"1594","202324","Pt Nepean (authorised personnel only) - Spooks","MP","202324_Pt Nepean (authorised personnel only) - Spooks_1",64,64,107,2023-09-06,2023-09-06,2023-10-19,"N","L0","beach","1",0,0,0,0,0,0,0,1.5,0,0,0,0,0,0,0,2,"0","0","0","0","0","0","1","0",-Inf,-Inf,-Inf,-Inf,"1",2,21.5,22,43,21.5
"1595","202324","Pt Nepean (authorised personnel only) - Borgs Rocks","MP","202324_Pt Nepean (authorised personnel only) - Borgs Rocks_1",142,142,167,2023-11-23,2023-11-23,2023-12-18,"N","L0","beach","1",0,0,0,0,0,0,0,0,0,0,0,0,0,0,0,0,"0","0","0","0","0","0","0","0",-Inf,-Inf,-Inf,-Inf,"1",2,12.5,8,25,12.5
"1596","202324","Pt Nepean (authorised personnel only) - Sierra Nevada Rocks","MP","202324_Pt Nepean (authorised personnel only) - Sierra Nevada Rocks_1",107,125,142,2023-10-19,2023-11-06,2023-11-23,"N","L0","dune","1",0,0,0,0,0,0,0,0.5,0,0,0,0,0,0,0,1,"1","0","0","0","0","0","1","0",1,-Inf,-Inf,-Inf,"1",2,26.5,5,17,8.5
"1597","202324","Pt Nepean, Nepean Bay","MP","202324_Pt Nepean, Nepean Bay_3",224,240,253,2024-02-13,2024-02-29,2024-03-13,"Y","L3","foredune/face","1",0,0,0,0,0,0,0,0,0,0,0,0,0,0,0,0,"1","0","0","0","0","0","0","0",1,-Inf,-Inf,-Inf,"0",2,22.5,5,13,6.5
"1598","202324","Balnarring Beach","MP","202324_Balnarring Beach_1",136,145,147,2023-11-17,2023-11-26,2023-11-28,"Y","L3","beach","1",2.5,0,1,0,1,0,0,3.5,3,0,2,0,2,0,0,5,"1","0","1","0","1","0","1","1",1,-Inf,1,2,"0",2,10,1,2,1
"1599","202324","Pt Nepean (authorised personnel only) - Eagles Nest Beach","MP","202324_Pt Nepean (authorised personnel only) - Eagles Nest Beach_1",67,67,107,2023-09-09,2023-09-09,2023-10-19,"N","L0","foredune/face","1",0,0,0,0,0,0,0.5,0,0,0,0,0,0,0,1,0,"0","0","0","0","0","1","0","0",-Inf,-Inf,-Inf,-Inf,"1",2,20,22,40,20
"1600","200607","13th Beach 29W-31W","BSC","200607_13th Beach 29W-31W_1",62,95,95,2006-09-04,2006-10-07,2006-10-07,"N","L1","dune","0",2,0,0,0,0,0,2,5,2,0,0,0,0,0,2,5,"1","0","1","0","0","1","1","0",1,-Inf,1,-Inf,"0",1,33,1,0,0
"1601","200607","13th Beach 40W-42W","BSC","200607_13th Beach 40W-42W_1",154,160,160,2006-12-05,2006-12-11,2006-12-11,"Y","L2","dune","0",1,0,0,0,0,0,1,0,1,0,0,0,0,0,1,0,"1","0","0","0","0","1","0","1",1,-Inf,-Inf,1,"0",1,6,0,0,0
"1602","200607","Bancoora 44-46W","BSC","200607_Bancoora 44-46W_1",98,118,121,2006-10-10,2006-10-30,2006-11-02,"Y","L2","dune","1",1,0,0.5,0,0.5,0,0,0,1,0,1,0,1,0,0,0,"1","0","1","0","1","0","0","0",3,-Inf,2,-Inf,"0",2,21.5,0,3,1.5
"1603","200607","Black Rock","BSC","200607_Black Rock_1",76,76,80,2006-09-18,2006-09-18,2006-09-22,"N","L0","dune","1",0,0,0,0,0,0,0,9,0,0,0,0,0,0,0,9,"1","0","1","0","0","0","1","0",1,-Inf,1,-Inf,"1",1,2,5,4,2
"1604","200607","Pt Impossible Estuary","BSC","200607_Pt Impossible Estuary_1",80,85,85,2006-09-22,2006-09-27,2006-09-27,"Y","L2","estuary/spit","0",3,0,4,0,4,0,0,0,3,0,4,0,4,0,0,0,"1","0","1","0","1","0","0","0",1,-Inf,2,-Inf,"0",1,5,1,0,0
"1605","200607","Pt Impossible Estuary","BSC","200607_Pt Impossible Estuary_2",157,170,170,2006-12-08,2006-12-21,2006-12-21,"Y","L3","estuary/spit","0",9,0,3,0,3,0,0,0,9,0,3,0,3,0,0,0,"1","0","1","0","1","0","0","1",1,-Inf,1,1,"0",1,13,0,0,0
"1606","200607","Pt Roadknight Tip (95W)","BSC","200607_Pt Roadknight Tip (95W)_1",110,118,120,2006-10-22,2006-10-30,2006-11-01,"Y","L3","beach","1",2.5,0,0.5,0,0.5,0,0,3,5,0,1,0,1,0,0,6,"1","0","1","0","1","0","1","0",3,-Inf,2,-Inf,"0",2,9,0,2,1
"1607","200607","Pt Roadknight Tip (95W)","BSC","200607_Pt Roadknight Tip (95W)_2",155,176,176,2006-12-06,2006-12-27,2006-12-27,"Y","L3","beach","0",4,0,2,2,0,0,0,0,4,0,2,2,0,0,0,0,"1","0","1","1","0","0","0","0",3,-Inf,1,-Inf,"0",1,21,1,0,0
"1608","200607","Pt Roadknight West Beach (96W)","BSC","200607_Pt Roadknight West Beach (96W)_2",186,199,199,2007-01-06,2007-01-19,2007-01-19,"N","L1","dune","0",15,0,2,0,2,0,0,0,15,0,2,0,2,0,0,0,"1","0","1","0","1","0","0","0",3,-Inf,3,-Inf,"0",1,13,1,0,0
"1609","200708","13th Beach 40W-42W","BSC","200708_13th Beach 40W-42W_2",175,198,198,2007-12-26,2008-01-18,2008-01-18,"Y","L3","dune","0",3,0,0,0,0,0,0,3,3,0,0,0,0,0,0,3,"1","0","1","0","0","0","1","0",1,-Inf,1,-Inf,"0",1,23,1,0,0
"1610","200708","Bancoora 44-46W","BSC","200708_Bancoora 44-46W_1",64,78,79,2007-09-06,2007-09-20,2007-09-21,"N","L0","dune","1",4,0,0.5,0,0.5,0,0,18.5,6,0,1,0,1,0,0,36,"1","0","1","0","1","0","1","0",1,-Inf,1,-Inf,"1",2,14.5,0,1,0.5
"1611","200708","Black Rock","BSC","200708_Black Rock_1",82,83,90,2007-09-24,2007-09-25,2007-10-02,"Y","L2","dune","1",0.5,0,0,0,0,0,0,4,1,0,0,0,0,0,0,8,"1","0","1","0","0","0","1","0",3,-Inf,1,-Inf,"1",2,4.5,8,7,3.5
"1612","200708","Point Lonsdale 2W - 4W","BSC","200708_Point Lonsdale 2W - 4W_1",120,120,124,2007-11-01,2007-11-01,2007-11-05,"N","L1","dune","1",2.33333333333333,0,1.33333333333333,0,1.33333333333333,0,1,7.33333333333333,4,0,2,0,2,0,3,11,"1","0","1","0","1","1","1","1",2,-Inf,2,1,"1",3,2,2,4,2
"1613","200708","Pt Roadknight Tip (95W)","BSC","200708_Pt Roadknight Tip (95W)_1",61,83,83,2007-09-03,2007-09-25,2007-09-25,"Y","L3","dune","0",33,0,0,0,0,0,0,4,33,0,0,0,0,0,0,4,"1","0","1","0","0","0","1","0",3,-Inf,2,-Inf,"0",1,22,1,0,0
"1614","200708","Pt Roadknight Tip (95W)","BSC","200708_Pt Roadknight Tip (95W)_3",165,167,175,2007-12-16,2007-12-18,2007-12-26,"Y","L3","beach","1",10,0,0,0,0,0,3,7,20,0,0,0,0,0,6,11,"1","0","1","0","0","1","1","0",1,-Inf,1,-Inf,"0",2,6,5,8,4
"1615","200708","Pt Roadknight Tip (95W)","BSC","200708_Pt Roadknight Tip (95W)_4",184,209,209,2008-01-04,2008-01-29,2008-01-29,"Y","L3","beach","0",5,0,0,0,0,0,0,0,5,0,0,0,0,0,0,0,"1","0","1","0","0","0","0","0",3,-Inf,1,-Inf,"0",1,25,0,0,0
"1616","200708","Pt Roadknight West Beach (96W)","BSC","200708_Pt Roadknight West Beach (96W)_2",154,179,179,2007-12-05,2007-12-30,2007-12-30,"Y","L2","dune","0",2,0,0,0,0,0,0,0,2,0,0,0,0,0,0,0,"1","0","1","0","0","0","0","0",2,-Inf,1,-Inf,"0",1,25,1,0,0
"1617","200708","50W to Pt Impossible","BSC","200708_50W to Pt Impossible_1",61,61,64,2007-09-03,2007-09-03,2007-09-06,"N","L0","beach","1",6,0,7,1,6,0,0,0,6,0,7,1,6,0,0,0,"1","0","1","1","1","0","0","0",2,-Inf,2,-Inf,"0",1,1.5,0,3,1.5
"1618","200809","13th Beach 40W-42W","BSC","200809_13th Beach 40W-42W_1",90,90,90,2008-10-02,2008-10-02,2008-10-02,"Y","L3","beach","1",3,0,2,2,0,0,0,0,3,0,2,2,0,0,0,0,"1","0","1","1","0","0","0","1",2,-Inf,1,1,"0",1,0,1,0,0
"1619","200809","13th Beach 40W-42W","BSC","200809_13th Beach 40W-42W_3",178,178,178,2008-12-29,2008-12-29,2008-12-29,"Y","L3","beach","1",2,0,4,0,4,0,0,1,2,0,4,0,4,0,0,1,"1","0","1","0","1","0","1","0",3,-Inf,1,-Inf,"0",1,0,1,0,0
"1620","200809","Pt Roadknight Tip (95W)","BSC","200809_Pt Roadknight Tip (95W)_2",153,153,153,2008-12-04,2008-12-04,2008-12-04,"Y","L3","dune","1",1,0,0,0,0,0,0,0,1,0,0,0,0,0,0,0,"1","0","0","0","0","0","0","0",2,-Inf,-Inf,-Inf,"0",1,0,0,0,0
"1621","200809","Pt Roadknight Tip (95W)","BSC","200809_Pt Roadknight Tip (95W)_3",189,189,189,2009-01-09,2009-01-09,2009-01-09,"Y","L3","dune","1",8,0,0,0,0,0,0,0,8,0,0,0,0,0,0,0,"1","0","1","0","0","0","0","0",2,-Inf,1,-Inf,"0",1,0,1,0,0
"1622","200809","Pt Roadknight Tip (95W)","BSC","200809_Pt Roadknight Tip (95W)_4",215,215,215,2009-02-04,2009-02-04,2009-02-04,"Y","L3","beach","1",3,0,0,0,0,0,0,0,3,0,0,0,0,0,0,0,"1","0","1","0","0","0","0","0",3,-Inf,2,-Inf,"0",1,0,0,0,0
"1623","200809","Pt Roadknight West Beach (96W)","BSC","200809_Pt Roadknight West Beach (96W)_3",189,189,189,2009-01-09,2009-01-09,2009-01-09,"N","L1","dune","1",22,0,1,1,0,0,0,0,22,0,1,1,0,0,0,0,"1","0","1","1","0","0","0","0",2,-Inf,2,-Inf,"0",1,0,1,0,0
"1624","200809","50W to Pt Impossible","BSC","200809_50W to Pt Impossible_2",159,178,178,2008-12-10,2008-12-29,2008-12-29,"Y","L2","dune","0",23,0,7,2,5,0,0,0,23,0,7,2,5,0,0,0,"1","0","1","1","1","0","0","0",1,-Inf,1,-Inf,"1",1,19,1,0,0
"1625","200910","Black Rock","BSC","200910_Black Rock_3",187,187,188,2010-01-07,2010-01-07,2010-01-08,"Y","L3","dune","1",2,0,0,0,0,0,0,0,2,0,0,0,0,0,0,0,"1","0","0","0","0","0","0","0",1,-Inf,-Inf,-Inf,"0",1,0.5,2,1,0.5
"1626","200910","Black Rock","BSC","200910_Black Rock_4",212,212,219,2010-02-01,2010-02-01,2010-02-08,"N","L0","dune","1",4,0,2,0,2,0,0,0,4,0,2,0,2,0,0,0,"1","0","1","0","1","0","0","0",2,-Inf,1,-Inf,"0",1,3.5,2,7,3.5
"1627","200910","Point Lonsdale 2W - 4W","BSC","200910_Point Lonsdale 2W - 4W_1",104,106,107,2009-10-16,2009-10-18,2009-10-19,"Y","L2","dune","1",0,0,0,0,0,0,0,30,0,0,0,0,0,0,0,30,"0","0","0","0","0","0","1","0",-Inf,-Inf,-Inf,-Inf,"0",1,2.5,1,1,0.5
"1628","200910","Point Lonsdale 2W - 4W","BSC","200910_Point Lonsdale 2W - 4W_2",139,158,160,2009-11-20,2009-12-09,2009-12-11,"Y","L3","beach","1",1,0,0,0,0,0,0,0,1,0,0,0,0,0,0,0,"1","0","0","0","0","0","0","0",1,-Inf,-Inf,-Inf,"0",1,20,0,2,1
"1629","200910","Pt Roadknight Tip (95W)","BSC","200910_Pt Roadknight Tip (95W)_3",176,183,183,2009-12-27,2010-01-03,2010-01-03,"Y","L3","dune","0",11,0,0,0,0,0,0,0,11,0,0,0,0,0,0,0,"1","0","1","0","0","0","0","0",1,-Inf,1,-Inf,"0",1,7,1,0,0
"1630","200910","Pt Roadknight West Beach (96W)","BSC","200910_Pt Roadknight West Beach (96W)_3",176,183,183,2009-12-27,2010-01-03,2010-01-03,"Y","L3","beach","0",11,0,0,0,0,0,0,0,11,0,0,0,0,0,0,0,"1","0","1","0","0","0","0","0",2,-Inf,1,-Inf,"0",1,7,1,0,0
"1631","200910","Collendina Ocean Grove","BSC","200910_Collendina Ocean Grove_3",228,242,246,2010-02-17,2010-03-03,2010-03-07,"Y","L3","dune","1",1,0,0,0,0,0,0,0,1,0,0,0,0,0,0,0,"1","0","1","0","0","0","0","0",1,-Inf,1,-Inf,"0",1,16,2,4,2
"1632","201011","13th Beach 29W-31W","BSC","201011_13th Beach 29W-31W_2",206,219,221,2011-01-26,2011-02-08,2011-02-10,"Y","L3","dune","1",2,0,2,0,2,0,0,0,2,0,2,0,2,0,0,0,"1","0","1","0","1","0","0","0",3,-Inf,3,-Inf,"0",1,14,0,2,1
"1633","201011","Bancoora 44-46W","BSC","201011_Bancoora 44-46W_1",68,69,79,2010-09-10,2010-09-11,2010-09-21,"Y","L3","dune","1",20.5,0,0.5,0.5,0,0,0,0,40,0,1,1,0,0,0,0,"1","0","1","1","0","0","0","0",-Inf,-Inf,-Inf,-Inf,"0",2,6,6,10,5
"1634","201011","Bancoora 44-46W","BSC","201011_Bancoora 44-46W_2",110,142,142,2010-10-22,2010-11-23,2010-11-23,"Y","L3","dune","0",0,0,0,0,0,0,2,0,0,0,0,0,0,0,2,0,"1","0","0","0","0","1","0","0",1,-Inf,-Inf,-Inf,"0",1,32,0,0,0
"1635","201011","Black Rock","BSC","201011_Black Rock_3",152,158,162,2010-12-03,2010-12-09,2010-12-13,"Y","L3","beach","1",4,0,4,0,4,0,0,0,4,0,4,0,4,0,0,0,"1","0","1","0","1","0","0","0",2,-Inf,1,-Inf,"0",1,8,2,4,2
"1636","201011","Black Rock","BSC","201011_Black Rock_4",185,186,186,2011-01-05,2011-01-06,2011-01-06,"Y","L3","dune","0",6,0,0,0,0,0,0,0,6,0,0,0,0,0,0,0,"1","0","0","0","0","0","0","0",1,-Inf,-Inf,-Inf,"0",1,1,1,0,0
"1637","201011","Point Lonsdale 2W - 4W","BSC","201011_Point Lonsdale 2W - 4W_1",116,148,148,2010-10-28,2010-11-29,2010-11-29,"Y","L3","beach","0",3,0,2,1,1,0,2,0,3,0,2,1,1,0,2,0,"1","0","1","1","1","1","0","0",1,-Inf,1,-Inf,"0",1,32,0,0,0
"1638","201011","Pt Impossible Estuary","BSC","201011_Pt Impossible Estuary_1",125,135,136,2010-11-06,2010-11-16,2010-11-17,"Y","L3","beach","1",4,0,1,1,0,0,3,0,4,0,1,1,0,0,3,0,"1","0","1","1","0","1","0","0",2,-Inf,1,-Inf,"0",1,10.5,0,1,0.5
"1639","201011","Pt Impossible Estuary","BSC","201011_Pt Impossible Estuary_2",167,186,186,2010-12-18,2011-01-06,2011-01-06,"Y","L3","dune","0",4,0,2,0,2,0,0,0,4,0,2,0,2,0,0,0,"1","0","1","0","1","0","0","0",3,-Inf,3,-Inf,"0",1,19,1,0,0
"1640","201011","Pt Roadknight Tip (95W)","BSC","201011_Pt Roadknight Tip (95W)_1",62,84,84,2010-09-04,2010-09-26,2010-09-26,"Y","L3","dune","0",9,0,0,0,0,0,0,0,9,0,0,0,0,0,0,0,"1","0","1","0","0","0","0","0",3,-Inf,1,-Inf,"0",1,22,1,0,0
"1641","201011","Pt Roadknight West Beach (96W)","BSC","201011_Pt Roadknight West Beach (96W)_1",76,78,82,2010-09-18,2010-09-20,2010-09-24,"Y","L3","beach","1",4,0,0,0,0,0,0,0,4,0,0,0,0,0,0,0,"1","0","1","0","0","0","0","0",3,-Inf,2,-Inf,"0",1,4,5,4,2
"1642","201011","Collendina Pt Lons. pair","BSC","201011_Collendina Pt Lons. pair_3",191,193,193,2011-01-11,2011-01-13,2011-01-13,"N","L1","beach","0",1,0,1,1,0,0,0,0,1,0,1,1,0,0,0,0,"1","0","1","1","0","0","0","0",1,-Inf,1,-Inf,"0",1,2,1,0,0
"1643","201011","Nudist Beach (Pt Imp)","BSC","201011_Nudist Beach (Pt Imp)_1",185,192,196,2011-01-05,2011-01-12,2011-01-16,"Y","L3","dune","1",1.5,0,0.5,0,0.5,0,0,0,2,0,1,0,1,0,0,0,"1","0","1","0","1","0","0","0",2,-Inf,2,-Inf,"0",2,9,5,4,2
"1644","201011","Nudist Beach (Pt Imp)","BSC","201011_Nudist Beach (Pt Imp)_2",207,236,236,2011-01-27,2011-02-25,2011-02-25,"Y","L3","dune","0",2,0,2,0,2,0,0,0,2,0,2,0,2,0,0,0,"1","0","1","0","1","0","0","0",1,-Inf,1,-Inf,"0",1,29,0,0,0
"1645","201112","13th Beach 29W-31W","BSC","201112_13th Beach 29W-31W_1",123,141,144,2011-11-04,2011-11-22,2011-11-25,"Y","L2","dune","1",1,0,0,0,0,0,0,0,2,0,0,0,0,0,0,0,"1","0","1","0","0","0","0","0",2,-Inf,1,-Inf,"0",2,19.5,0,3,1.5
"1646","201112","Bancoora 44-46W","BSC","201112_Bancoora 44-46W_1",84,84,100,2011-09-26,2011-09-26,2011-10-12,"Y","L3","dune","1",1,0,0.5,0.5,0,0,0,1.5,2,0,1,1,0,0,0,3,"1","0","1","1","0","0","1","0",1,-Inf,1,-Inf,"1",2,8,14,16,8
"1647","201112","Bancoora 44-46W","BSC","201112_Bancoora 44-46W_2",103,106,108,2011-10-15,2011-10-18,2011-10-20,"Y","L3","foredune/face","1",2,0,0.5,0,0.5,0,0,0,4,0,1,0,1,0,0,0,"1","0","1","0","1","0","0","0",-Inf,-Inf,-Inf,-Inf,"0",2,4,0,2,1
"1648","201112","Bancoora 44-46W","BSC","201112_Bancoora 44-46W_3",185,200,201,2012-01-05,2012-01-20,2012-01-21,"Y","L2","foredune/face","1",3,0,0,0,0,0,0,10,3,0,0,0,0,0,0,10,"1","1","0","0","0","0","1","0",3,1,-Inf,-Inf,"0",1,15.5,2,1,0.5
"1649","201112","Bancoora 44-46W","BSC","201112_Bancoora 44-46W_4",220,224,227,2012-02-09,2012-02-13,2012-02-16,"Y","L2","dune","1",0,0,0,0,0,0,0,0.5,0,0,0,0,0,0,0,1,"0","0","0","0","0","0","1","0",-Inf,-Inf,-Inf,-Inf,"0",2,5.5,0,3,1.5
"1650","201112","Black Rock","BSC","201112_Black Rock_1",63,99,100,2011-09-05,2011-10-11,2011-10-12,"Y","L2","dune","1",0,0,0,0,0,0,0,0,0,0,0,0,0,0,0,0,"1","0","1","0","0","0","0","0",1,-Inf,1,-Inf,"1",2,36.5,0,1,0.5
"1651","201112","Black Rock","BSC","201112_Black Rock_2",116,117,117,2011-10-28,2011-10-29,2011-10-29,"Y","L3","dune","0",0,0,0,0,0,0,0,0,0,0,0,0,0,0,0,0,"0","0","1","0","0","0","0","0",-Inf,-Inf,1,-Inf,"1",1,1,1,0,0
"1652","201112","Black Rock","BSC","201112_Black Rock_3",185,192,194,2012-01-05,2012-01-12,2012-01-14,"Y","L2","dune","1",0,0,0,0,0,0,0,0,0,0,0,0,0,0,0,0,"0","0","0","0","0","0","0","0",-Inf,-Inf,-Inf,-Inf,"0",1,8,3,2,1
"1653","201112","Point Lonsdale 2W - 4W","BSC","201112_Point Lonsdale 2W - 4W_1",83,86,87,2011-09-25,2011-09-28,2011-09-29,"Y","L3","beach","1",3.5,0,1.5,1,0.5,0,0,0,6,0,2,1,1,0,0,0,"1","0","1","1","1","0","0","0",1,-Inf,1,-Inf,"1",2,3.5,2,1,0.5
"1654","201112","Point Lonsdale 2W - 4W","BSC","201112_Point Lonsdale 2W - 4W_2",127,157,157,2011-11-08,2011-12-08,2011-12-08,"Y","L3","beach","0",0,0,0,0,0,0,0,0,0,0,0,0,0,0,0,0,"0","0","0","0","0","0","0","0",-Inf,-Inf,-Inf,-Inf,"0",1,30,0,0,0
"1655","201112","Pt Roadknight Tip (95W)","BSC","201112_Pt Roadknight Tip (95W)_1",60,84,84,2011-09-02,2011-09-26,2011-09-26,"Y","L3","dune","0",0,0,0,0,0,0,0,0,0,0,0,0,0,0,0,0,"0","0","0","0","0","0","0","0",-Inf,-Inf,-Inf,-Inf,"0",1,24,1,0,0
"1656","201112","Pt Roadknight Tip (95W)","BSC","201112_Pt Roadknight Tip (95W)_2",153,176,176,2011-12-04,2011-12-27,2011-12-27,"Y","L3","dune","0",9,0,0,0,0,0,0,0,9,0,0,0,0,0,0,0,"1","0","0","0","0","0","0","0",3,-Inf,-Inf,-Inf,"0",1,23,1,0,0
"1657","201112","Collendina Ocean Grove","BSC","201112_Collendina Ocean Grove_1",80,97,97,2011-09-22,2011-10-09,2011-10-09,"Y","L2","dune","1",0,0,1,0,1,0,0,0,0,0,1,0,1,0,0,0,"0","0","1","0","1","0","0","0",-Inf,-Inf,-Inf,-Inf,"0",1,17,1,0,0
"1658","201112","Collendina Ocean Grove","BSC","201112_Collendina Ocean Grove_2",110,110,114,2011-10-22,2011-10-22,2011-10-26,"N","L0","beach","1",1.5,0,1.5,0,1.5,0,0,0,3,0,3,0,3,0,0,0,"1","0","1","0","1","0","0","0",-Inf,-Inf,-Inf,-Inf,"0",2,2,2,4,2
"1659","201112","Collendina Ocean Grove","BSC","201112_Collendina Ocean Grove_3",148,154,160,2011-11-29,2011-12-05,2011-12-11,"N","L1","dune","1",2.5,0,0.5,0,0.5,0,3,0,4,0,1,0,1,0,6,0,"1","0","1","0","1","1","0","0",-Inf,-Inf,-Inf,-Inf,"0",2,9,2,6,3
"1660","201112","Collendina Ocean Grove","BSC","201112_Collendina Ocean Grove_4",166,171,179,2011-12-17,2011-12-22,2011-12-30,"Y","L2","beach","1",0,0,0,0,0,0,0,0,0,0,0,0,0,0,0,0,"0","0","0","0","0","0","0","0",-Inf,-Inf,-Inf,-Inf,"0",2,9,8,8,4
"1661","201112","Collendina Ocean Grove","BSC","201112_Collendina Ocean Grove_5",212,239,239,2012-02-01,2012-02-28,2012-02-28,"Y","L3","dune","0",0,0,0,0,0,0,0,0,0,0,0,0,0,0,0,0,"1","0","1","0","0","0","0","0",1,-Inf,1,-Inf,"0",1,27,0,0,0
"1662","201112","Nudist Beach (Pt Imp)","BSC","201112_Nudist Beach (Pt Imp)_1",63,63,70,2011-09-05,2011-09-05,2011-09-12,"N","L0","dune","1",1.66666666666667,0,0.666666666666667,0.333333333333333,0.333333333333333,0,0,0,4,0,2,1,1,0,0,0,"1","0","1","1","1","0","0","0",2,-Inf,2,-Inf,"0",3,3.5,2,7,3.5
"1663","201112","13th Beach 36W","BSC","201112_13th Beach 36W_4",203,212,213,2012-01-23,2012-02-01,2012-02-02,"Y","L3","dune","1",0,0,0,0,0,0,0,0,0,0,0,0,0,0,0,0,"0","0","0","0","0","0","0","0",-Inf,-Inf,-Inf,-Inf,"0",2,9.5,0,1,0.5
"1664","201112","5W Collendina","BSC","201112_5W Collendina_1",167,168,191,2011-12-18,2011-12-19,2012-01-11,"N","L0","beach","1",0.75,0,0,0,0,0,0.25,1.5,6,0,0,0,0,0,2,12,"1","1","1","0","0","1","1","0",3,3,1,-Inf,"0",8,12.5,20,23,11.5
"1665","201112","5W Collendina","BSC","201112_5W Collendina_2",218,218,218,2012-02-07,2012-02-07,2012-02-07,"Y","L2","beach","0",0,0,0,0,0,0,8,0,0,0,0,0,0,0,8,0,"1","0","1","0","0","1","0","0",1,-Inf,1,-Inf,"0",1,0,0,0,0
"1666","201112","98W - Twelfth Avenue","BSC","201112_98W - Twelfth Avenue_1",81,81,91,2011-09-23,2011-09-23,2011-10-03,"Y","L3","beach","1",0,0,0,0,0,0,0,0,0,0,0,0,0,0,0,0,"1","0","1","0","0","0","0","0",3,-Inf,1,-Inf,"0",3,5,10,10,5
"1667","201112","98W - Twelfth Avenue","BSC","201112_98W - Twelfth Avenue_3",219,219,219,2012-02-08,2012-02-08,2012-02-08,"Y","L2","dune","0",4,0,0,0,0,0,0,0,4,0,0,0,0,0,0,0,"1","0","1","0","0","0","0","0",2,-Inf,2,-Inf,"0",1,0,0,0,0
"1668","201112","Aireys Inlet","BSC","201112_Aireys Inlet_1",108,110,114,2011-10-20,2011-10-22,2011-10-26,"Y","L3","beach","1",0,0,0,0,0,0,0,0,0,0,0,0,0,0,0,0,"0","0","0","0","0","0","0","0",-Inf,-Inf,-Inf,-Inf,"0",2,4,2,4,2
"1669","201112","Aireys Inlet","BSC","201112_Aireys Inlet_2",123,144,150,2011-11-04,2011-11-25,2011-12-01,"Y","L3","foredune/face","1",0.5,0,0.5,0,0.5,0,0,0,1,0,1,0,1,0,0,0,"1","0","1","0","1","0","0","0",2,-Inf,2,-Inf,"2",2,24,2,6,3
"1670","201112","Aireys Inlet","BSC","201112_Aireys Inlet_3",162,181,181,2011-12-13,2012-01-01,2012-01-01,"Y","L3","beach","0",7,0,4,3,1,0,0,0,7,0,4,3,1,0,0,0,"1","0","1","1","1","0","0","0",2,-Inf,2,-Inf,"0",1,19,1,0,0
"1671","201112","Pt Addis Red Rocks beach","BSC","201112_Pt Addis Red Rocks beach_1",198,210,210,2012-01-18,2012-01-30,2012-01-30,"Y","L2","foredune/face","0",0,0,0,0,0,0,0,0,0,0,0,0,0,0,0,0,"0","0","0","0","0","0","0","0",-Inf,-Inf,-Inf,-Inf,"0",1,12,1,0,0
"1672","201213","Bancoora 44-46W","BSC","201213_Bancoora 44-46W_1",156,161,164,2012-12-07,2012-12-12,2012-12-15,"Y","L3","foredune/face","1",0,0,0,0,0,0,1,0,0,0,0,0,0,0,1,0,"1","0","0","0","0","1","0","0",1,-Inf,-Inf,-Inf,"0",1,6.5,1,3,1.5
"1673","201213","Black Rock","BSC","201213_Black Rock_1",130,156,156,2012-11-11,2012-12-07,2012-12-07,"N","L1","dune","0",3,0,1,0,1,0,0,0,3,0,1,0,1,0,0,0,"1","0","1","0","1","0","0","0",1,-Inf,-Inf,-Inf,"0",1,26,0,0,0
"1674","201213","Point Lonsdale 2W - 4W","BSC","201213_Point Lonsdale 2W - 4W_1",105,120,125,2012-10-17,2012-11-01,2012-11-06,"Y","L3","foredune/face","1",1,0,0,0,0,0,1,0,1,0,0,0,0,0,1,0,"1","0","0","0","0","1","0","0",3,-Inf,-Inf,-Inf,"0",1,17.5,3,5,2.5
"1675","201213","Point Lonsdale 2W - 4W","BSC","201213_Point Lonsdale 2W - 4W_2",134,153,154,2012-11-15,2012-12-04,2012-12-05,"Y","L3","beach","1",0,0,0,0,0,0,0,0,0,0,0,0,0,0,0,0,"1","0","0","0","0","0","0","0",1,-Inf,-Inf,-Inf,"0",1,19.5,0,1,0.5
"1676","201213","Point Lonsdale 2W - 4W","BSC","201213_Point Lonsdale 2W - 4W_3",165,193,193,2012-12-16,2013-01-13,2013-01-13,"Y","L3","beach","0",0,0,0,0,0,0,0,0,0,0,0,0,0,0,0,0,"0","0","0","0","0","0","0","0",-Inf,-Inf,-Inf,-Inf,"0",1,28,1,0,0
"1677","201213","Pt Roadknight Tip (95W)","BSC","201213_Pt Roadknight Tip (95W)_1",84,117,117,2012-09-26,2012-10-29,2012-10-29,"Y","L3","foredune/face","0",0,0,0,0,0,0,0,0,0,0,0,0,0,0,0,0,"1","0","0","0","0","0","0","0",3,-Inf,-Inf,-Inf,"0",1,33,0,0,0
"1678","201213","Pt Roadknight Tip (95W)","BSC","201213_Pt Roadknight Tip (95W)_2",145,161,166,2012-11-26,2012-12-12,2012-12-17,"Y","L3","foredune/face","1",1,0,0,0,0,0,0,0,2,0,0,0,0,0,0,0,"1","0","0","0","0","0","0","0",3,-Inf,-Inf,-Inf,"0",2,18.5,2,5,2.5
"1679","201213","Pt Roadknight Tip (95W)","BSC","201213_Pt Roadknight Tip (95W)_3",187,199,200,2013-01-07,2013-01-19,2013-01-20,"Y","L3","foredune/face","1",12,0,0,0,0,0,0,30,12,0,0,0,0,0,0,30,"1","0","0","0","0","0","1","0",3,-Inf,-Inf,-Inf,"0",1,12.5,2,1,0.5
"1680","201213","Pt Roadknight West Beach (96W)","BSC","201213_Pt Roadknight West Beach (96W)_2",167,196,196,2012-12-18,2013-01-16,2013-01-16,"Y","L3","beach","0",6,0,0,0,0,0,0,0,6,0,0,0,0,0,0,0,"1","0","0","0","0","0","0","0",2,-Inf,-Inf,-Inf,"0",1,29,1,0,0
"1681","201213","50W to Pt Impossible","BSC","201213_50W to Pt Impossible_1",156,161,162,2012-12-07,2012-12-12,2012-12-13,"Y","L3","foredune/face","1",0,0,0,0,0,0,0,5,0,0,0,0,0,0,0,5,"0","0","0","0","0","0","1","0",-Inf,-Inf,-Inf,-Inf,"1",1,5.5,0,1,0.5
"1682","201213","Collendina Ocean Grove","BSC","201213_Collendina Ocean Grove_2",176,203,207,2012-12-27,2013-01-23,2013-01-27,"Y","L2","beach","1",6,0,4,0,4,0,0,0,6,0,4,0,4,0,0,0,"1","0","1","0","1","0","0","0",-Inf,-Inf,-Inf,-Inf,"0",1,29,5,4,2
"1683","201213","Blue Rocks","BSC","201213_Blue Rocks_1",170,205,207,2012-12-21,2013-01-25,2013-01-27,"Y","L3","foredune/face","1",5,0,0,0,0,0,0,17,5,0,0,0,0,0,0,17,"1","0","0","0","0","0","1","0",1,-Inf,-Inf,-Inf,"0",1,36,3,2,1
"1684","201213","Nudist Beach (Pt Imp)","BSC","201213_Nudist Beach (Pt Imp)_1",105,112,113,2012-10-17,2012-10-24,2012-10-25,"N","L0","dune","1",3,0,0,0,0,0,6.5,0,4,0,0,0,0,0,13,0,"1","0","0","0","0","1","0","0",1,-Inf,-Inf,-Inf,"0",2,7.5,0,1,0.5
"1685","201213","5W Collendina","BSC","201213_5W Collendina_1",169,208,214,2012-12-20,2013-01-28,2013-02-03,"Y","L2","beach","1",3,0,3,0,3,0,0,0,3,0,3,0,3,0,0,0,"1","0","1","0","1","0","0","0",-Inf,-Inf,-Inf,-Inf,"0",1,42,3,6,3
"1686","201213","Aireys Inlet","BSC","201213_Aireys Inlet_1",145,152,154,2012-11-26,2012-12-03,2012-12-05,"Y","L3","beach","1",0,0,0,0,0,0,0,0,0,0,0,0,0,0,0,0,"0","0","0","0","0","0","0","0",-Inf,-Inf,-Inf,-Inf,"0",1,8,0,2,1
"1687","201213","Bancoora 44W East","BSC","201213_Bancoora 44W East_2",179,210,211,2012-12-30,2013-01-30,2013-01-31,"Y","L4","foredune/face","1",3,0,0,0,0,0,0,3,6,0,0,0,0,0,0,6,"1","0","0","0","0","0","1","0",1,-Inf,-Inf,-Inf,"0",2,31.5,0,1,0.5
"1688","201213","Hutt Gully 102W","BSC","201213_Hutt Gully 102W_1",147,152,154,2012-11-28,2012-12-03,2012-12-05,"N","L0","beach","1",2,0,0,0,0,0,0,0,2,0,0,0,0,0,0,0,"1","0","0","0","0","0","0","0",1,-Inf,-Inf,-Inf,"0",1,6,0,2,1
"1689","201314","13th Beach 40W-42W","BSC","201314_13th Beach 40W-42W_3",210,235,235,2014-01-30,2014-02-24,2014-02-24,"Y","L3","beach","0",0,0,0,0,0,0,2,5,0,0,0,0,0,0,2,5,"1","0","0","0","0","1","1","0",1,-Inf,-Inf,-Inf,"0",1,25,0,0,0
"1690","201314","Pt Roadknight Tip (95W)","BSC","201314_Pt Roadknight Tip (95W)_1",85,117,117,2013-09-27,2013-10-29,2013-10-29,"Y","L3","foredune/face","0",5,0,0,0,0,0,0,0,5,0,0,0,0,0,0,0,"1","0","0","0","0","0","0","0",2,-Inf,-Inf,-Inf,"0",1,32,0,0,0
"1691","201314","Pt Roadknight Tip (95W)","BSC","201314_Pt Roadknight Tip (95W)_2",146,182,184,2013-11-27,2014-01-02,2014-01-04,"Y","L3","dune","1",4.5,0,0,0,0,0,0,6,7,0,0,0,0,0,0,12,"1","0","1","0","0","0","1","0",3,-Inf,1,-Inf,"0",2,37,3,2,1
"1692","201314","Pt Roadknight West Beach (96W)","BSC","201314_Pt Roadknight West Beach (96W)_1",184,185,186,2014-01-04,2014-01-05,2014-01-06,"N","L1","foredune/face","1",0,0,0,0,0,0,0,0,0,0,0,0,0,0,0,0,"1","0","0","0","0","0","0","0",3,-Inf,-Inf,-Inf,"0",2,1.5,2,1,0.5
"1693","201314","Pt Roadknight West Beach (96W)","BSC","201314_Pt Roadknight West Beach (96W)_2",197,224,224,2014-01-17,2014-02-13,2014-02-13,"Y","L3","beach","0",0,0,0,0,0,0,0,0,0,0,0,0,0,0,0,0,"1","0","1","0","0","0","0","0",2,-Inf,1,-Inf,"0",1,27,0,0,0
"1694","201314","Collendina Pt Lons. pair","BSC","201314_Collendina Pt Lons. pair_3",152,156,160,2013-12-03,2013-12-07,2013-12-11,"Y","L2","foredune/face","1",1,0,0,0,0,0,6,0,1,0,0,0,0,0,6,0,"1","0","0","0","0","1","0","0",-Inf,-Inf,-Inf,-Inf,"0",1,6,2,4,2
"1695","201314","Collendina Pt Lons. pair","BSC","201314_Collendina Pt Lons. pair_5",197,224,224,2014-01-17,2014-02-13,2014-02-13,"Y","L3","foredune/face","0",1,0,1,0,1,0,0,0,1,0,1,0,1,0,0,0,"1","0","1","0","1","0","0","0",-Inf,-Inf,-Inf,-Inf,"0",1,27,0,0,0
"1696","201314","Nudist Beach (Pt Imp)","BSC","201314_Nudist Beach (Pt Imp)_1",127,132,137,2013-11-08,2013-11-13,2013-11-18,"N","L0","foredune/face","1",0,0,0,0,0,0,0,0,0,0,0,0,0,0,0,0,"1","0","1","0","0","0","0","0",2,-Inf,2,-Inf,"0",1,7.5,2,5,2.5
"1697","201314","Nudist Beach (Pt Imp)","BSC","201314_Nudist Beach (Pt Imp)_2",178,178,198,2013-12-29,2013-12-29,2014-01-18,"N","L0","beach","1",5,0,6,1,5,0,3,5,5,0,6,1,5,0,3,5,"1","0","1","1","1","1","1","0",2,-Inf,3,-Inf,"0",1,10,21,20,10
"1698","201314","Nudist Beach (Pt Imp)","BSC","201314_Nudist Beach (Pt Imp)_3",208,221,224,2014-01-28,2014-02-10,2014-02-13,"Y","L3","foredune/face","1",1.5,0,0.5,0.5,0,0,0,3,3,0,1,1,0,0,0,6,"1","0","1","1","0","0","1","0",2,-Inf,1,-Inf,"0",2,14.5,0,3,1.5
"1699","201314","Bancoora 44W East","BSC","201314_Bancoora 44W East_1",178,188,191,2013-12-29,2014-01-08,2014-01-11,"Y","L3","foredune/face","1",2,0,0,0,0,0,0,12,2,0,0,0,0,0,0,12,"1","0","1","0","0","0","1","0",1,-Inf,1,-Inf,"0",1,11.5,4,3,1.5
"1700","201415","Bancoora 44-46W","BSC","201415_Bancoora 44-46W_1",139,150,153,2014-11-20,2014-12-01,2014-12-04,"N","L1","dune","1",1.5,0,1,0,1,0,0,0,3,0,2,0,2,0,0,0,"1","0","1","0","1","0","0","0",3,-Inf,2,-Inf,"0",2,12.5,0,3,1.5
"1701","201415","Bancoora 44-46W","BSC","201415_Bancoora 44-46W_2",185,203,205,2015-01-05,2015-01-23,2015-01-25,"Y","L3","beach","1",1,0,1,1,0,0,0,6,1,0,1,1,0,0,0,6,"1","0","1","1","0","0","1","0",1,-Inf,-Inf,-Inf,"0",1,19,3,2,1
"1702","201415","Black Rock","BSC","201415_Black Rock_1",129,129,129,2014-11-10,2014-11-10,2014-11-10,"N","L1","dune","0",0,0,0,0,0,0,0,15,0,0,0,0,0,0,0,15,"1","0","1","0","0","0","1","0",1,-Inf,1,-Inf,"1",1,0,0,0,0
"1703","201415","Point Lonsdale 2W - 4W","BSC","201415_Point Lonsdale 2W - 4W_2",95,95,103,2014-10-07,2014-10-07,2014-10-15,"Y","L2","dune","1",5,0,0,0,0,0,0,0,5,0,0,0,0,0,0,0,"1","0","0","0","0","0","0","0",1,-Inf,-Inf,-Inf,"0",1,4,3,8,4
"1704","201415","Point Lonsdale 2W - 4W","BSC","201415_Point Lonsdale 2W - 4W_4",132,161,161,2014-11-13,2014-12-12,2014-12-12,"Y","L3","beach","0",4,0,0,0,0,0,0,6,4,0,0,0,0,0,0,6,"1","0","1","0","0","0","1","0",1,-Inf,1,-Inf,"0",1,29,0,0,0
"1705","201415","Pt Roadknight Tip (95W)","BSC","201415_Pt Roadknight Tip (95W)_1",56,56,60,2014-08-29,2014-08-29,2014-09-02,"Y","L3","dune","1",0,0,0,0,0,0,0.5,3,0,0,0,0,0,0,1,6,"1","0","1","0","0","1","1","0",2,-Inf,1,-Inf,"1",2,2,2,4,2
"1706","201415","Pt Roadknight Tip (95W)","BSC","201415_Pt Roadknight Tip (95W)_4",186,214,214,2015-01-06,2015-02-03,2015-02-03,"Y","L3","foredune/face","0",0,0,0,0,0,0,0,0,0,0,0,0,0,0,0,0,"1","0","1","0","0","0","0","0",3,-Inf,1,-Inf,"0",1,28,0,0,0
"1707","201415","50W to Pt Impossible","BSC","201415_50W to Pt Impossible_1",210,237,237,2015-01-30,2015-02-26,2015-02-26,"Y","L3","dune","0",1,0,1,0,1,0,0,0,1,0,1,0,1,0,0,0,"1","0","1","0","1","0","0","0",1,-Inf,1,-Inf,"0",1,27,0,0,0
"1708","201415","Collendina Pt Lons. pair","BSC","201415_Collendina Pt Lons. pair_3",172,178,178,2014-12-23,2014-12-29,2014-12-29,"Y","L3","dune","0",0,0,0,0,0,0,0,0,0,0,0,0,0,0,0,0,"1","0","1","0","0","0","0","0",1,-Inf,1,-Inf,"0",1,6,1,0,0
"1709","201415","13th Beach 36W","BSC","201415_13th Beach 36W_1",140,150,154,2014-11-21,2014-12-01,2014-12-05,"Y","L3","foredune/face","1",0,0,0,0,0,0,0,0,0,0,0,0,0,0,0,0,"1","0","1","0","0","0","0","0",1,-Inf,1,-Inf,"0",1,12,0,4,2
"1710","201415","Pt Addis Red Rocks beach","BSC","201415_Pt Addis Red Rocks beach_1",127,134,148,2014-11-08,2014-11-15,2014-11-29,"Y","L3","beach","1",0,0,0,0,0,0,0,0,0,0,0,0,0,0,0,0,"0","0","0","0","0","0","0","0",-Inf,-Inf,-Inf,-Inf,"1",1,14,5,14,7
"1711","201415","Moggs Creek","BSC","201415_Moggs Creek_2",102,102,108,2014-10-14,2014-10-14,2014-10-20,"N","L0","foredune/face","1",0,0,0,0,0,0,2,0,0,0,0,0,0,0,2,0,"1","0","0","0","0","1","0","0",1,-Inf,-Inf,-Inf,"0",1,3,2,6,3
"1712","201415","Moggs Creek","BSC","201415_Moggs Creek_3",120,122,158,2014-11-01,2014-11-03,2014-12-09,"Y","L3","foredune/face","1",7.66666666666667,0,2,0.666666666666667,1.33333333333333,0,1,1.66666666666667,14,0,6,2,4,0,3,5,"1","0","1","1","1","1","1","0",3,-Inf,2,-Inf,"0",3,20,11,36,18
"1713","201415","100W - 102W The Gulch, Guvvos Beach, Hutt Gully","BSC","201415_100W - 102W The Gulch, Guvvos Beach, Hutt Gully_1",230,230,230,2015-02-19,2015-02-19,2015-02-19,"N","L0","beach","0",8,0,2,0,2,0,0,0,8,0,2,0,2,0,0,0,"1","0","1","0","1","0","0","0",2,-Inf,2,-Inf,"0",1,0,0,0,0
"1714","201415","Point Lonsdale West of 4W","BSC","201415_Point Lonsdale west of 4W_1",153,178,180,2014-12-04,2014-12-29,2014-12-31,"Y","L3","beach","1",20,0,3,3,0,0,0,5,20,0,3,3,0,0,0,5,"1","1","1","1","0","0","1","0",2,1,2,-Inf,"1",1,26,3,2,1
"1715","201516","13th Beach 40W-42W","BSC","201516_13th Beach 40W-42W_1",93,96,108,2015-10-05,2015-10-08,2015-10-20,"Y","L3","foredune/face","1",0,0,0,0,0,0,1,0,0,0,0,0,0,0,1,0,"0","0","0","0","0","1","0","0",-Inf,-Inf,-Inf,-Inf,"0",1,9,4,12,6
"1716","201516","13th Beach 40W-42W","BSC","201516_13th Beach 40W-42W_3",183,211,214,2016-01-03,2016-01-31,2016-02-03,"Y","L3","beach","1",0,0,0,0,0,0,2,51,0,0,0,0,0,0,2,51,"1","1","1","0","0","1","1","0",2,1,1,-Inf,"0",1,29.5,1,3,1.5
"1717","201516","Black Rock","BSC","201516_Black Rock_1",154,179,179,2015-12-05,2015-12-30,2015-12-30,"Y","L3","dune","0",7,0,0,0,0,0,0,0,7,0,0,0,0,0,0,0,"1","0","1","0","0","0","0","0",2,-Inf,1,-Inf,"0",1,25,1,0,0
"1718","201516","Point Lonsdale 2W - 4W","BSC","201516_Point Lonsdale 2W - 4W_1",135,138,149,2015-11-16,2015-11-19,2015-11-30,"N","L1","dune","1",2,0,0,0,0,0,0,0,2,0,0,0,0,0,0,0,"1","0","0","0","0","0","0","0",-Inf,-Inf,-Inf,-Inf,"0",1,8.5,4,11,5.5
"1719","201516","Point Lonsdale 2W - 4W","BSC","201516_Point Lonsdale 2W - 4W_2",181,205,205,2016-01-01,2016-01-25,2016-01-25,"Y","L3","beach","0",6,0,1,0,1,0,2,4,6,0,1,0,1,0,2,4,"1","0","1","0","1","1","1","0",2,-Inf,2,-Inf,"0",1,24,1,0,0
"1720","201516","Pt Roadknight Tip (95W)","BSC","201516_Pt Roadknight Tip (95W)_2",143,143,150,2015-11-24,2015-11-24,2015-12-01,"Y","L3","beach","1",1.5,0,0,0,0,0,0,0,3,0,0,0,0,0,0,0,"1","0","0","0","0","0","0","0",2,-Inf,-Inf,-Inf,"0",2,3.5,2,7,3.5
"1721","201516","Pt Roadknight Tip (95W)","BSC","201516_Pt Roadknight Tip (95W)_3",172,194,194,2015-12-23,2016-01-14,2016-01-14,"Y","L3","foredune/face","0",0,0,0,0,0,0,0,0,0,0,0,0,0,0,0,0,"1","0","0","0","0","0","0","0",1,-Inf,-Inf,-Inf,"0",1,22,1,0,0
"1722","201516","Pt Roadknight West Beach (96W)","BSC","201516_Pt Roadknight West Beach (96W)_1",72,72,77,2015-09-14,2015-09-14,2015-09-19,"N","L1","dune","1",2.5,0,2,0,2,0,0,0,4,0,2,0,2,0,0,0,"1","0","1","0","1","0","0","0",3,-Inf,2,-Inf,"2",2,2.5,1,5,2.5
"1723","201516","Pt Roadknight West Beach (96W)","BSC","201516_Pt Roadknight West Beach (96W)_2",83,87,100,2015-09-25,2015-09-29,2015-10-12,"Y","L2","foredune/face","1",0,0,0,0,0,0,1,5,0,0,0,0,0,0,2,10,"1","0","1","0","0","1","1","0",2,-Inf,2,-Inf,"1",2,10.5,9,13,6.5
"1724","201516","Pt Roadknight West Beach (96W)","BSC","201516_Pt Roadknight West Beach (96W)_3",106,106,113,2015-10-18,2015-10-18,2015-10-25,"Y","L2","foredune/face","1",1,0,0,0,0,0,0.5,3.5,2,0,0,0,0,0,1,5,"1","0","1","0","0","1","1","0",3,-Inf,3,-Inf,"1",2,3.5,3,7,3.5
"1725","201516","Pt Roadknight West Beach (96W)","BSC","201516_Pt Roadknight West Beach (96W)_4",172,198,198,2015-12-23,2016-01-18,2016-01-18,"Y","L3","foredune/face","0",0,0,0,0,0,0,0,0,0,0,0,0,0,0,0,0,"1","0","1","0","0","0","0","0",1,-Inf,1,-Inf,"0",1,26,1,0,0
"1726","201516","50W to Pt Impossible","BSC","201516_50W to Pt Impossible_1",147,150,153,2015-11-28,2015-12-01,2015-12-04,"Y","L2","foredune/face","1",1,0,0,0,0,0,2.5,14,2,0,0,0,0,0,3,25,"1","0","1","0","0","1","1","0",1,-Inf,1,-Inf,"1",2,4.5,0,3,1.5
"1727","201516","Collendina Ocean Grove","BSC","201516_Collendina Ocean Grove_1",172,193,194,2015-12-23,2016-01-13,2016-01-14,"Y","L3","beach","1",0,0,2,1,1,0,0,0,0,0,2,1,1,0,0,0,"1","1","1","1","1","0","0","0",1,1,1,-Inf,"0",1,21.5,2,1,0.5
"1728","201516","Collendina Pt Lons. Pair","BSC","201516_Collendina Pt Lons. Pair_1",72,72,75,2015-09-14,2015-09-14,2015-09-17,"N","L0","dune","1",0,0,0,0,0,0,0,0,0,0,0,0,0,0,0,0,"0","0","0","0","0","0","0","0",-Inf,-Inf,-Inf,-Inf,"2",1,1.5,0,3,1.5
"1729","201516","Collendina Pt Lons. Pair","BSC","201516_Collendina Pt Lons. Pair_2",84,84,90,2015-09-26,2015-09-26,2015-10-02,"N","L1","dune","1",0,0,0,0,0,0,0,0,0,0,0,0,0,0,0,0,"0","0","0","0","0","0","0","0",-Inf,-Inf,-Inf,-Inf,"0",1,3,7,6,3
"1730","201516","Collendina Pt Lons. Pair","BSC","201516_Collendina Pt Lons. Pair_3",97,111,118,2015-10-09,2015-10-23,2015-10-30,"Y","L2","beach","1",1,0,1,0,1,0,0,0,1,0,1,0,1,0,0,0,"1","0","1","0","1","0","0","0",1,-Inf,1,-Inf,"0",1,17.5,2,7,3.5
"1731","201516","Bancoora 44W East","BSC","201516_Bancoora 44W East_1",89,93,95,2015-10-01,2015-10-05,2015-10-07,"Y","L3","foredune/face","1",2,0,0,0,0,0,0,11.5,4,0,0,0,0,0,0,23,"1","0","1","0","0","0","1","0",1,-Inf,1,-Inf,"0",2,5,1,2,1
"1732","201516","Moggs Creek","BSC","201516_Moggs Creek_1",85,85,86,2015-09-27,2015-09-27,2015-09-28,"Y","L3","estuary/spit","1",13,0,7,1,6,0,0,0,13,0,7,1,6,0,0,0,"1","0","1","1","1","0","0","0",-Inf,-Inf,-Inf,-Inf,"0",1,0.5,2,1,0.5
"1733","201516","Moggs Creek","BSC","201516_Moggs Creek_3",138,142,146,2015-11-19,2015-11-23,2015-11-27,"Y","L3","estuary/spit","1",1,0,1,0,1,0,0,0,1,0,1,0,1,0,0,0,"1","0","1","0","1","0","0","1",3,-Inf,2,2,"0",1,6,0,4,2
"1734","201516","Moggs Creek","BSC","201516_Moggs Creek_4",162,184,188,2015-12-13,2016-01-04,2016-01-08,"Y","L3","estuary/spit","1",10,0,8,3,5,0,0,0,10,0,8,3,5,0,0,0,"1","0","1","1","1","0","0","0",-Inf,-Inf,1,-Inf,"2",1,24,5,4,2
"1735","201516","100W - 102W The Gulch, Guvvos Beach, Hutt Gully","BSC","201516_100W - 102W The Gulch, Guvvos Beach, Hutt Gully_1",125,125,126,2015-11-06,2015-11-06,2015-11-07,"Y","L3","beach","1",4.5,0,1,0.5,0.5,0,0,0.5,5,0,2,1,1,0,0,1,"1","0","1","1","1","0","1","0",-Inf,-Inf,-Inf,-Inf,"0",2,0.5,1,1,0.5
"1736","201516","Nudist Beach (Whites Beach)","BSC","201516_Nudist Beach (Whites Beach)_2",163,185,185,2015-12-14,2016-01-05,2016-01-05,"Y","L3","beach","0",7,0,6,5,1,0,2,0,7,0,6,5,1,0,2,0,"1","0","1","1","1","1","0","0",-Inf,-Inf,-Inf,-Inf,"0",1,22,1,0,0
"1737","201617","13th Beach 29W-31W","BSC","201617_13th Beach 29W-31W_1",136,137,140,2016-11-17,2016-11-18,2016-11-21,"Y","L3","dune","1",0,0,0,0,0,0,0,0,0,0,0,0,0,0,0,0,"0","0","0","0","0","0","0","0",-Inf,-Inf,-Inf,-Inf,"0",2,2.5,2,3,1.5
"1738","201617","13th Beach 40W-42W","BSC","201617_13th Beach 40W-42W_1",116,116,122,2016-10-28,2016-10-28,2016-11-03,"Y","L3","beach","1",0,0,0,0,0,0,0,0,0,0,0,0,0,0,0,0,"1","0","0","0","0","0","0","0",1,-Inf,-Inf,-Inf,"0",2,3,3,6,3
"1739","201617","13th Beach 40W-42W","BSC","201617_13th Beach 40W-42W_3",179,192,195,2016-12-30,2017-01-12,2017-01-15,"Y","L3","beach","1",1.5,0,0.5,0,0.5,0,3.5,27.5,3,0,1,0,1,0,7,50,"1","0","1","0","1","1","1","0",2,-Inf,2,-Inf,"0",2,14.5,4,3,1.5
"1740","201617","Bancoora 44-46W","BSC","201617_Bancoora 44-46W_1",127,127,130,2016-11-08,2016-11-08,2016-11-11,"N","L1","dune","1",0,0,0,0,0,0,1,0,0,0,0,0,0,0,2,0,"0","0","1","0","0","1","0","0",-Inf,-Inf,1,-Inf,"0",2,1.5,0,3,1.5
"1741","201617","Bancoora 44-46W","BSC","201617_Bancoora 44-46W_2",140,140,143,2016-11-21,2016-11-21,2016-11-24,"Y","L2","foredune/face","1",3.5,0,0.5,0.5,0,0,0,0,6,0,1,1,0,0,0,0,"1","0","1","1","0","0","0","0",2,-Inf,2,-Inf,"0",2,1.5,0,3,1.5
"1742","201617","Black Rock","BSC","201617_Black Rock_1",94,94,95,2016-10-06,2016-10-06,2016-10-07,"N","L1","dune","1",0,0,0,0,0,0,0,0,0,0,0,0,0,0,0,0,"1","0","1","0","0","0","0","0",1,-Inf,1,-Inf,"0",2,0.5,0,1,0.5
"1743","201617","Black Rock","BSC","201617_Black Rock_2",149,177,177,2016-11-30,2016-12-28,2016-12-28,"Y","L2","beach","0",0,0,0,0,0,0,0,80,0,0,0,0,0,0,0,80,"1","0","1","0","0","0","1","0",2,-Inf,1,-Inf,"0",1,28,1,0,0
"1744","201617","Pt Impossible Estuary","BSC","201617_Pt Impossible Estuary_1",227,232,233,2017-02-16,2017-02-21,2017-02-22,"Y","L2","estuary/spit","1",2.5,0,2.5,0.5,2,0,1,3,4,0,4,1,4,0,2,6,"1","0","1","1","1","1","1","0",1,-Inf,1,-Inf,"0",2,5.5,0,1,0.5
"1745","201617","Pt Roadknight Tip (95W)","BSC","201617_Pt Roadknight Tip (95W)_1",77,81,87,2016-09-19,2016-09-23,2016-09-29,"Y","L3","dune","1",0,0,0,0,0,0,0,0,0,0,0,0,0,0,0,0,"1","0","1","0","0","0","0","0",2,-Inf,1,-Inf,"0",2,7,7,6,3
"1746","201617","Pt Roadknight Tip (95W)","BSC","201617_Pt Roadknight Tip (95W)_2",91,95,99,2016-10-03,2016-10-07,2016-10-11,"Y","L3","beach","1",0,0,0,0,0,0,0,0,0,0,0,0,0,0,0,0,"1","0","1","0","0","0","0","0",2,-Inf,1,-Inf,"0",2,6,2,4,2
"1747","201617","Pt Roadknight Tip (95W)","BSC","201617_Pt Roadknight Tip (95W)_3",134,135,141,2016-11-15,2016-11-16,2016-11-22,"Y","L3","foredune/face","1",2.5,0,0,0,0,0,0,4.5,5,0,0,0,0,0,0,9,"1","0","1","0","0","0","1","0",3,-Inf,1,-Inf,"0",2,4,2,6,3
"1748","201617","Pt Roadknight Tip (95W)","BSC","201617_Pt Roadknight Tip (95W)_4",155,162,167,2016-12-06,2016-12-13,2016-12-18,"Y","L3","foredune/face","1",0,0,0,0,0,0,0,0,0,0,0,0,0,0,0,0,"1","0","0","0","0","0","0","0",2,-Inf,-Inf,-Inf,"0",2,9.5,2,5,2.5
"1749","201617","Pt Roadknight Tip (95W)","BSC","201617_Pt Roadknight Tip (95W)_5",181,195,208,2017-01-01,2017-01-15,2017-01-28,"Y","L3","foredune/face","1",0,0,0,0,0,0,0,2,0,0,0,0,0,0,0,4,"1","0","1","0","0","0","1","0",3,-Inf,1,-Inf,"1",2,20.5,14,13,6.5
"1750","201617","Pt Roadknight West Beach (96W)","BSC","201617_Pt Roadknight West Beach (96W)_1",195,221,221,2017-01-15,2017-02-10,2017-02-10,"Y","L3","beach","0",6,0,0,0,0,0,10,0,6,0,0,0,0,0,10,0,"1","0","1","0","0","1","0","0",2,-Inf,2,-Inf,"0",1,26,0,0,0
"1751","201617","50W to Pt Impossible","BSC","201617_50W to Pt Impossible_1",150,162,168,2016-12-01,2016-12-13,2016-12-19,"Y","L2","dune","1",1,0,1,0.5,0.5,0,7.5,2.5,2,0,2,1,1,0,14,5,"1","0","1","1","1","1","1","0",2,-Inf,1,-Inf,"1",2,15,2,6,3
"1752","201617","Collendina Ocean Grove","BSC","201617_Collendina Ocean Grove_1",158,160,166,2016-12-09,2016-12-11,2016-12-17,"Y","L2","beach","1",0,0,0,0,0,0,0,0,0,0,0,0,0,0,0,0,"0","0","0","0","0","0","0","0",-Inf,-Inf,-Inf,-Inf,"2",2,5,2,6,3
"1753","201617","Collendina Ocean Grove","BSC","201617_Collendina Ocean Grove_2",179,186,186,2016-12-30,2017-01-06,2017-01-06,"Y","L3","beach","1",0,0,2,1,1,4,0,0,0,0,2,1,1,4,0,0,"0","0","1","1","1","0","0","1",-Inf,-Inf,-Inf,1,"2",1,7,1,0,0
"1754","201617","Collendina Ocean Grove","BSC","201617_Collendina Ocean Grove_3",196,218,218,2017-01-16,2017-02-07,2017-02-07,"Y","L3","dune","0",6,0,3,2,1,0,0,3,6,0,3,2,1,0,0,3,"1","0","1","1","1","0","1","0",1,-Inf,1,-Inf,"1",1,22,0,0,0
"1755","201617","Collendina Pt Lons. Pair","BSC","201617_Collendina Pt Lons. Pair_1",64,66,71,2016-09-06,2016-09-08,2016-09-13,"N","L1","dune","1",0,0,0,0,0,0,0,0,0,0,0,0,0,0,0,0,"0","0","0","0","0","0","0","0",-Inf,-Inf,-Inf,-Inf,"1",2,4.5,2,5,2.5
"1756","201617","Collendina Pt Lons. Pair","BSC","201617_Collendina Pt Lons. Pair_2",78,78,85,2016-09-20,2016-09-20,2016-09-27,"N","L1","dune","1",0,0,0,0,0,0,0,0,0,0,0,0,0,0,0,0,"0","0","0","0","0","0","0","0",-Inf,-Inf,-Inf,-Inf,"2",2,3.5,8,7,3.5
"1757","201617","Collendina Pt Lons. Pair","BSC","201617_Collendina Pt Lons. Pair_3",99,99,111,2016-10-11,2016-10-11,2016-10-23,"Y","L2","dune","1",0,0,0,0,0,0,0,0,0,0,0,0,0,0,0,0,"0","0","0","0","0","0","0","0",-Inf,-Inf,-Inf,-Inf,"0",2,6,4,12,6
"1758","201617","Collendina Pt Lons. Pair","BSC","201617_Collendina Pt Lons. Pair_4",127,127,137,2016-11-08,2016-11-08,2016-11-18,"N","L1","foredune/face","1",0,0,0,0,0,0,0,0,0,0,0,0,0,0,0,0,"0","0","0","0","0","0","0","0",-Inf,-Inf,-Inf,-Inf,"0",2,5,2,10,5
"1759","201617","Collendina Pt Lons. Pair","BSC","201617_Collendina Pt Lons. Pair_5",151,169,171,2016-12-02,2016-12-20,2016-12-22,"Y","L2","foredune/face","1",0,0,0,0,0,0,0,0,0,0,0,0,0,0,0,0,"0","0","0","0","0","0","0","0",-Inf,-Inf,-Inf,-Inf,"1",2,19,2,2,1
"1760","201617","Collendina Pt Lons. Pair","BSC","201617_Collendina Pt Lons. Pair_6",179,179,195,2016-12-30,2016-12-30,2017-01-15,"Y","L3","beach","1",0,0,0,0,0,0,0,0,0,0,0,0,0,0,0,0,"0","0","0","0","0","0","0","0",-Inf,-Inf,-Inf,-Inf,"0",2,8,17,16,8
"1761","201617","Collendina Pt Lons. Pair","BSC","201617_Collendina Pt Lons. Pair_7",207,210,214,2017-01-27,2017-01-30,2017-02-03,"Y","L3","beach","1",0,0,0,0,0,0,0,0,0,0,0,0,0,0,0,0,"0","0","0","0","0","0","0","0",-Inf,-Inf,-Inf,-Inf,"0",2,5,1,4,2
"1762","201617","13th Beach 36W","BSC","201617_13th Beach 36W_2",134,151,161,2016-11-15,2016-12-02,2016-12-12,"Y","L3","foredune/face","1",0,0,0,0,0,0,0,0,0,0,0,0,0,0,0,0,"0","0","0","0","0","0","0","0",-Inf,-Inf,-Inf,-Inf,"0",3,22,4,10,5
"1763","201617","13th Beach 36W","BSC","201617_13th Beach 36W_3",165,165,176,2016-12-16,2016-12-16,2016-12-27,"Y","L3","foredune/face","1",0,0,0,0,0,0,0,0,0,0,0,0,0,0,0,0,"0","0","0","0","0","0","0","0",-Inf,-Inf,-Inf,-Inf,"0",2,5.5,9,11,5.5
"1764","201617","13th Beach 36W","BSC","201617_13th Beach 36W_4",176,187,187,2016-12-27,2017-01-07,2017-01-07,"Y","L3","beach","0",0,0,0,0,0,0,0,0,0,0,0,0,0,0,0,0,"0","0","0","0","0","0","0","0",-Inf,-Inf,-Inf,-Inf,"0",1,11,1,0,0
"1765","201617","Pt Addis Red Rocks beach","BSC","201617_Pt Addis Red Rocks beach_1",134,138,141,2016-11-15,2016-11-19,2016-11-22,"Y","L2","beach","1",3.5,0,2.5,1,1.5,0,2.5,0,7,0,5,2,3,0,5,0,"1","0","1","1","1","1","0","0",3,-Inf,2,-Inf,"0",2,5.5,2,3,1.5
"1766","201617","Pt Addis Red Rocks beach","BSC","201617_Pt Addis Red Rocks beach_2",160,184,186,2016-12-11,2017-01-04,2017-01-06,"Y","L3","beach","1",2.5,0,0.5,0,0.5,0,3.5,0,3,0,1,0,1,0,7,0,"1","0","1","0","1","1","0","0",2,-Inf,2,-Inf,"0",2,25,3,2,1
"1767","201617","Bancoora 44W East","BSC","201617_Bancoora 44W East_1",190,207,211,2017-01-10,2017-01-27,2017-01-31,"Y","L3","foredune/face","1",3,0,0,0,0,0,0,25,6,0,0,0,0,0,0,30,"1","0","1","0","0","0","1","0",2,-Inf,1,-Inf,"1",2,19,4,4,2
"1768","201617","Hutt Gully 102W","BSC","201617_Hutt Gully 102W_1",137,137,144,2016-11-18,2016-11-18,2016-11-25,"N","L0","dune","1",1.5,0,0,0,0,0,0,0,3,0,0,0,0,0,0,0,"1","0","0","0","0","0","0","0",-Inf,-Inf,-Inf,-Inf,"0",2,3.5,2,7,3.5
"1769","201617","Moggs Creek","BSC","201617_Moggs Creek_1",131,135,137,2016-11-12,2016-11-16,2016-11-18,"Y","L3","dune","1",0,0,0,0,0,0,2,0,0,0,0,0,0,0,4,0,"0","0","0","0","0","1","0","0",-Inf,-Inf,-Inf,-Inf,"0",2,5,0,2,1
"1770","201617","Moggs Creek","BSC","201617_Moggs Creek_2",153,157,158,2016-12-04,2016-12-08,2016-12-09,"Y","L3","beach","1",0,0,0,0,0,0,4,0,0,0,0,0,0,0,8,0,"0","0","0","0","0","1","0","0",-Inf,-Inf,-Inf,-Inf,"0",2,4.5,0,1,0.5
"1771","201617","Moggs Creek","BSC","201617_Moggs Creek_3",170,192,194,2016-12-21,2017-01-12,2017-01-14,"Y","L4","foredune/face","1",0,0,0,0,0,0,0,0,0,0,0,0,0,0,0,0,"0","0","0","0","0","0","0","0",-Inf,-Inf,-Inf,-Inf,"0",2,23,3,2,1
"1772","201617","Point Lonsdale West of 4W","BSC","201617_Point Lonsdale West of 4W_1",160,172,175,2016-12-11,2016-12-23,2016-12-26,"Y","L2","beach","1",0,0,0,0,0,0,0,0,0,0,0,0,0,0,0,0,"0","0","0","0","0","0","0","0",-Inf,-Inf,-Inf,-Inf,"0",2,13.5,4,3,1.5
"1773","201617","Point Lonsdale West of 4W","BSC","201617_Point Lonsdale West of 4W_2",180,195,200,2016-12-31,2017-01-15,2017-01-20,"Y","L3","beach","1",0,0,0,0,0,0,0,0,0,0,0,0,0,0,0,0,"0","0","0","0","0","0","0","0",-Inf,-Inf,-Inf,-Inf,"0",2,17.5,6,5,2.5
"1774","201617","Nudist Beach (Whites Beach)","BSC","201617_Nudist Beach (Whites Beach)_3",179,202,202,2016-12-30,2017-01-22,2017-01-22,"Y","L3","beach","0",9,0,4,2,2,0,0,4,9,0,4,2,2,0,0,4,"1","0","1","1","1","0","1","0",1,-Inf,1,-Inf,"0",1,23,1,0,0
"1775","201617","Collendina Pigfarm","BSC","201617_Collendina Pigfarm_1",96,96,99,2016-10-08,2016-10-08,2016-10-11,"N","L1","foredune/face","1",0,0,0,0,0,0,0,0,0,0,0,0,0,0,0,0,"0","0","0","0","0","0","0","0",-Inf,-Inf,-Inf,-Inf,"0",2,1.5,2,3,1.5
"1776","201617","Collendina Pigfarm","BSC","201617_Collendina Pigfarm_2",153,160,166,2016-12-04,2016-12-11,2016-12-17,"Y","L2","beach","1",0,0,0,0,0,0,0,0,0,0,0,0,0,0,0,0,"0","0","0","0","0","0","0","0",-Inf,-Inf,-Inf,-Inf,"2",2,10,2,6,3
"1777","201617","Collendina Pigfarm","BSC","201617_Collendina Pigfarm_3",177,179,195,2016-12-28,2016-12-30,2017-01-15,"Y","L3","beach","1",0,0,0,0,0,0,0,0,0,0,0,0,0,0,0,0,"0","0","0","0","0","0","0","0",-Inf,-Inf,-Inf,-Inf,"0",3,10,17,16,8
"1778","201617","Collendina Pigfarm","BSC","201617_Collendina Pigfarm_4",220,220,226,2017-02-09,2017-02-09,2017-02-15,"N","L1","beach","1",0.5,0,0.5,0,0.5,0,0,0,1,0,1,0,1,0,0,0,"1","0","1","0","1","0","0","0",1,-Inf,-Inf,-Inf,"0",2,3,2,6,3
"1779","201617","Point Lonsdale Rhino Rock","BSC","201617_Point Lonsdale Rhino Rock_1",170,171,183,2016-12-21,2016-12-22,2017-01-03,"Y","L2","beach","1",0,0,0,0,0,0,0,0,0,0,0,0,0,0,0,0,"0","0","0","0","0","0","0","0",-Inf,-Inf,-Inf,-Inf,"2",2,7,13,12,6
"1780","201617","Point Lonsdale Rhino Rock","BSC","201617_Point Lonsdale Rhino Rock_2",195,203,203,2017-01-15,2017-01-23,2017-01-23,"Y","L3","beach","0",0,0,0,0,0,0,0,0,0,0,0,0,0,0,0,0,"0","0","0","0","0","0","0","0",-Inf,-Inf,-Inf,-Inf,"0",1,8,1,0,0
"1781","201718","13th Beach 29W-31W","BSC","201718_13th Beach 29W-31W_1",132,141,141,2017-11-13,2017-11-22,2017-11-22,"Y","L3","dune","0",0,0,0,0,0,0,0,0,0,0,0,0,0,0,0,0,"0","0","0","0","0","0","0","0",-Inf,-Inf,-Inf,-Inf,"0",1,9,0,0,0
"1782","201718","13th Beach 40W-42W","BSC","201718_13th Beach 40W-42W_1",143,162,162,2017-11-24,2017-12-13,2017-12-13,"Y","L3","beach","0",0,0,0,0,0,0,0,0,0,0,0,0,0,0,0,0,"0","0","0","0","0","0","0","0",-Inf,-Inf,-Inf,-Inf,"0",1,19,0,0,0
"1783","201718","Bancoora 44-46W","BSC","201718_Bancoora 44-46W_1",142,164,167,2017-11-23,2017-12-15,2017-12-18,"Y","L3","beach","1",1,0,0.5,0,0.5,0,0,0.5,1,0,1,0,1,0,0,1,"1","0","1","0","1","0","1","0",1,-Inf,1,-Inf,"0",2,23.5,2,3,1.5
"1784","201718","Bancoora 44-46W","BSC","201718_Bancoora 44-46W_2",180,180,181,2017-12-31,2017-12-31,2018-01-01,"Y","L3","beach","1",5.5,0,1.5,1,0.5,0,1.5,12.5,6,0,2,1,1,0,3,20,"1","0","1","1","1","1","1","0",3,-Inf,1,-Inf,"0",2,0.5,2,1,0.5
"1785","201718","Black Rock","BSC","201718_Black Rock_2",147,171,171,2017-11-28,2017-12-22,2017-12-22,"Y","L2","foredune/face","0",0,0,0,0,0,0,0,21,0,0,0,0,0,0,0,21,"1","0","1","0","0","0","1","0",1,-Inf,1,-Inf,"0",1,24,0,0,0
"1786","201718","Pt Roadknight Tip (95W)","BSC","201718_Pt Roadknight Tip (95W)_1",93,104,111,2017-10-05,2017-10-16,2017-10-23,"Y","L3","foredune/face","1",4.5,0,0.5,0,0.5,0,1,6.5,9,0,1,0,1,0,2,10,"1","0","1","0","1","1","1","0",3,-Inf,1,-Inf,"1",2,14.5,2,7,3.5
"1787","201718","Pt Roadknight Tip (95W)","BSC","201718_Pt Roadknight Tip (95W)_2",132,146,146,2017-11-13,2017-11-27,2017-11-27,"Y","L3","foredune/face","0",3,0,0,0,0,0,0,12,3,0,0,0,0,0,0,12,"1","0","1","0","0","0","1","0",2,-Inf,1,-Inf,"0",1,14,0,0,0
"1788","201718","Pt Roadknight Tip (95W)","BSC","201718_Pt Roadknight Tip (95W)_3",180,202,202,2017-12-31,2018-01-22,2018-01-22,"Y","L3","foredune/face","0",0,0,0,0,0,0,0,0,0,0,0,0,0,0,0,0,"0","0","0","0","0","0","0","0",-Inf,-Inf,-Inf,-Inf,"0",1,22,1,0,0
"1789","201718","Pt Roadknight West Beach (96W)","BSC","201718_Pt Roadknight West Beach (96W)_1",150,150,153,2017-12-01,2017-12-01,2017-12-04,"Y","L3","beach","1",0,0,0,0,0,0,0,0,0,0,0,0,0,0,0,0,"0","0","0","0","0","0","0","0",-Inf,-Inf,-Inf,-Inf,"0",2,1.5,2,3,1.5
"1790","201718","Pt Roadknight West Beach (96W)","BSC","201718_Pt Roadknight West Beach (96W)_2",156,182,184,2017-12-07,2018-01-02,2018-01-04,"Y","L3","foredune/face","1",1,0,0,0,0,0,0,0,2,0,0,0,0,0,0,0,"1","0","1","0","0","0","0","0",1,-Inf,1,-Inf,"0",2,27,3,2,1
"1791","201718","50W to Pt Impossible","BSC","201718_50W to Pt Impossible_1",142,169,171,2017-11-23,2017-12-20,2017-12-22,"Y","L3","beach","1",0.5,0,0,0,0,0,1.5,2.5,1,0,0,0,0,0,3,5,"1","0","1","0","0","1","1","0",1,-Inf,1,-Inf,"0",2,28,0,2,1
"1792","201718","50W to Pt Impossible","BSC","201718_50W to Pt Impossible_2",203,226,229,2018-01-23,2018-02-15,2018-02-18,"Y","L3","foredune/face","1",2,0,0,0,0,0,0,0,4,0,0,0,0,0,0,0,"1","0","1","0","0","0","0","0",2,-Inf,1,-Inf,"1",2,24.5,2,3,1.5
"1793","201718","Collendina Ocean Grove","BSC","201718_Collendina Ocean Grove_2",180,181,184,2017-12-31,2018-01-01,2018-01-04,"Y","L2","beach","1",0,0,0,0,0,0,0,0,0,0,0,0,0,0,0,0,"0","0","0","0","0","0","0","0",-Inf,-Inf,-Inf,-Inf,"0",2,2.5,4,3,1.5
"1794","201718","Collendina Ocean Grove","BSC","201718_Collendina Ocean Grove_3",199,202,202,2018-01-19,2018-01-22,2018-01-22,"Y","L2","beach","0",0,0,0,0,0,0,0,0,0,0,0,0,0,0,0,0,"0","0","0","0","0","0","0","0",-Inf,-Inf,-Inf,-Inf,"0",1,3,1,0,0
"1795","201718","Collendina Pt Lons. Pair","BSC","201718_Collendina Pt Lons. Pair_1",131,146,146,2017-11-12,2017-11-27,2017-11-27,"Y","L3","beach","0",0,0,2,0,2,0,1,2,0,0,2,0,2,0,1,2,"0","0","1","0","1","1","1","0",-Inf,-Inf,-Inf,-Inf,"0",1,15,0,0,0
"1796","201718","Collendina Pt Lons. Pair","BSC","201718_Collendina Pt Lons. Pair_2",180,181,184,2017-12-31,2018-01-01,2018-01-04,"Y","L3","beach","1",0,0,0,0,0,0,0,0,0,0,0,0,0,0,0,0,"0","0","0","0","0","0","0","0",-Inf,-Inf,-Inf,-Inf,"2",2,2.5,4,3,1.5
"1797","201718","Collendina Pt Lons. Pair","BSC","201718_Collendina Pt Lons. Pair_3",199,199,202,2018-01-19,2018-01-19,2018-01-22,"Y","L2","beach","1",0,0,0,0,0,0,0,0,0,0,0,0,0,0,0,0,"0","0","0","0","0","0","0","0",-Inf,-Inf,-Inf,-Inf,"0",2,1.5,4,3,1.5
"1798","201718","Collendina Pt Lons. Pair","BSC","201718_Collendina Pt Lons. Pair_4",226,226,228,2018-02-15,2018-02-15,2018-02-17,"Y","L2","beach","1",0,0,0,0,0,0,0,0,0,0,0,0,0,0,0,0,"0","0","0","0","0","0","0","0",-Inf,-Inf,-Inf,-Inf,"0",2,1,1,2,1
"1799","201718","13th Beach 36W","BSC","201718_13th Beach 36W_1",69,76,79,2017-09-11,2017-09-18,2017-09-21,"Y","L3","dune","1",0,0,0,0,0,1,0,0,0,0,0,0,0,2,0,0,"0","0","0","0","0","0","0","1",-Inf,-Inf,-Inf,1,"0",2,8.5,0,3,1.5
"1800","201718","13th Beach 36W","BSC","201718_13th Beach 36W_2",98,106,108,2017-10-10,2017-10-18,2017-10-20,"Y","L3","dune","1",22.5,0,5,2.5,2.5,0,0,0,45,0,10,5,5,0,0,0,"1","0","1","1","1","0","0","0",-Inf,-Inf,-Inf,-Inf,"0",2,9,0,2,1
"1801","201718","13th Beach 36W","BSC","201718_13th Beach 36W_3",141,162,185,2017-11-22,2017-12-13,2018-01-05,"Y","L3","beach","1",0,0,0,0,0,0,0,0,0,0,0,0,0,0,0,0,"0","0","0","0","0","0","0","0",-Inf,-Inf,-Inf,-Inf,"0",2,32.5,16,23,11.5
"1802","201718","13th Beach 36W","BSC","201718_13th Beach 36W_4",185,205,205,2018-01-05,2018-01-25,2018-01-25,"Y","L3","beach","0",0,0,0,0,0,0,0,0,0,0,0,0,0,0,0,0,"0","0","0","0","0","0","0","0",-Inf,-Inf,-Inf,-Inf,"0",1,20,1,0,0
"1803","201718","Aireys Inlet","BSC","201718_Aireys Inlet_1",140,150,153,2017-11-21,2017-12-01,2017-12-04,"Y","L3","beach","1",0,0,0,0,0,0,0,0,0,0,0,0,0,0,0,0,"0","0","0","0","0","0","0","0",-Inf,-Inf,-Inf,-Inf,"0",2,11.5,2,3,1.5
"1804","201718","Aireys Inlet","BSC","201718_Aireys Inlet_2",170,187,187,2017-12-21,2018-01-07,2018-01-07,"Y","L3","beach","0",7,0,1,0,1,0,0,0,7,0,1,0,1,0,0,0,"1","0","1","0","1","0","0","0",3,-Inf,3,-Inf,"0",1,17,1,0,0
"1805","201718","Pt Addis Red Rocks beach","BSC","201718_Pt Addis Red Rocks beach_2",161,161,167,2017-12-12,2017-12-12,2017-12-18,"N","L1","beach","1",0,0,0,0,0,0,0,0,0,0,0,0,0,0,0,0,"0","0","0","0","0","0","0","0",-Inf,-Inf,-Inf,-Inf,"0",2,3,2,6,3
"1806","201718","Pt Addis Red Rocks beach","BSC","201718_Pt Addis Red Rocks beach_3",181,181,185,2018-01-01,2018-01-01,2018-01-05,"N","L1","beach","1",0,0,0,0,0,0,0,0,0,0,0,0,0,0,0,0,"0","0","0","0","0","0","0","0",-Inf,-Inf,-Inf,-Inf,"0",2,2,5,4,2
"1807","201718","Pt Addis Red Rocks beach","BSC","201718_Pt Addis Red Rocks beach_4",185,185,188,2018-01-05,2018-01-05,2018-01-08,"N","L1","foredune/face","1",0,0,0,0,0,0,0,0,0,0,0,0,0,0,0,0,"0","0","0","0","0","0","0","0",-Inf,-Inf,-Inf,-Inf,"0",2,1.5,4,3,1.5
"1808","201718","Bancoora 44W East","BSC","201718_Bancoora 44W East_2",177,187,191,2017-12-28,2018-01-07,2018-01-11,"Y","L3","foredune/face","1",8,0,0,0,0,0,0,25,12,0,0,0,0,0,0,50,"1","0","0","0","0","0","1","0",1,-Inf,-Inf,-Inf,"0",2,12,5,4,2
"1809","201718","Hutt Gully 102W","BSC","201718_Hutt Gully 102W_1",168,180,180,2017-12-19,2017-12-31,2017-12-31,"Y","L3","beach","0",2,0,1,0,1,0,0,0,2,0,1,0,1,0,0,0,"1","0","1","0","1","0","0","0",2,-Inf,2,-Inf,"0",1,12,1,0,0
"1810","201718","Point Lonsdale West of 4W","BSC","201718_Point Lonsdale West of 4W_2",183,211,211,2018-01-03,2018-01-31,2018-01-31,"Y","L3","beach","0",3,0,0,0,0,0,0,0,3,0,0,0,0,0,0,0,"1","0","0","0","0","0","0","0",-Inf,-Inf,-Inf,-Inf,"0",1,28,0,0,0
"1811","201718","Nudist Beach (Whites Beach)","BSC","201718_Nudist Beach (Whites Beach)_2",136,136,138,2017-11-17,2017-11-17,2017-11-19,"Y","L3","foredune/face","1",3,0,0.5,0,0.5,0,0,2,6,0,1,0,1,0,0,4,"1","0","1","0","1","0","1","0",1,-Inf,1,-Inf,"0",2,1,2,2,1
"1812","201718","Nudist Beach (Whites Beach)","BSC","201718_Nudist Beach (Whites Beach)_3",148,187,189,2017-11-29,2018-01-07,2018-01-09,"Y","L3","foredune/face","1",2,0,0,0,0,0,4.5,1,4,0,0,0,0,0,9,2,"1","0","1","0","0","1","1","0",1,-Inf,1,-Inf,"0",2,40,3,2,1
"1813","201718","Nudist Beach (Whites Beach)","BSC","201718_Nudist Beach (Whites Beach)_4",209,227,229,2018-01-29,2018-02-16,2018-02-18,"Y","L3","foredune/face","1",0,0,0,0,0,0,0,1,0,0,0,0,0,0,0,2,"1","0","1","0","0","0","1","0",1,-Inf,1,-Inf,"0",2,19,2,2,1
"1814","201718","16W-17W OG Spit","BSC","201718_16W-17W OG Spit_1",162,174,184,2017-12-13,2017-12-25,2018-01-04,"Y","L3","dune","1",4,0,0,0,0,0,0,0,8,0,0,0,0,0,0,0,"1","0","0","0","0","0","0","0",3,-Inf,-Inf,-Inf,"0",2,17,11,10,5
"1815","201718","16W-17W OG Spit","BSC","201718_16W-17W OG Spit_2",193,199,199,2018-01-13,2018-01-19,2018-01-19,"Y","L3","dune","0",0,0,0,0,0,0,0,0,0,0,0,0,0,0,0,0,"0","0","0","0","0","0","0","0",-Inf,-Inf,-Inf,-Inf,"0",1,6,1,0,0
"1816","201718","Collendina Pigfarm","BSC","201718_Collendina Pigfarm_2",179,199,199,2017-12-30,2018-01-19,2018-01-19,"Y","L3","beach","0",0,0,0,0,0,0,0,0,0,0,0,0,0,0,0,0,"0","0","0","0","0","0","0","0",-Inf,-Inf,-Inf,-Inf,"0",1,20,1,0,0
"1817","201718","Point Lonsdale Rhino Rock","BSC","201718_Point Lonsdale Rhino Rock_1",115,120,125,2017-10-27,2017-11-01,2017-11-06,"N","L1","beach","1",0,0,0,0,0,0,0,0,0,0,0,0,0,0,0,0,"0","0","0","0","0","0","0","0",-Inf,-Inf,-Inf,-Inf,"0",2,7.5,2,5,2.5
"1818","201718","Point Lonsdale Rhino Rock","BSC","201718_Point Lonsdale Rhino Rock_3",182,199,199,2018-01-02,2018-01-19,2018-01-19,"Y","L3","beach","0",0,0,0,0,0,0,0,0,0,0,0,0,0,0,0,0,"0","0","0","0","0","0","0","0",-Inf,-Inf,-Inf,-Inf,"0",1,17,1,0,0
"1819","201819","13th Beach 29W-31W","BSC","201819_13th Beach 29W-31W_1",119,139,139,2018-10-31,2018-11-20,2018-11-20,"Y","L3","dune","0",0,0,0,0,0,0,0,0,0,0,0,0,0,0,0,0,"0","0","0","0","0","0","0","0",-Inf,-Inf,-Inf,-Inf,"0",1,20,0,0,0
"1820","201819","13th Beach 29W-31W","BSC","201819_13th Beach 29W-31W_2",160,188,188,2018-12-11,2019-01-08,2019-01-08,"Y","L3","dune","0",0,0,0,0,0,0,0,0,0,0,0,0,0,0,0,0,"1","0","1","0","0","0","0","0",3,-Inf,2,-Inf,"0",1,28,1,0,0
"1821","201819","13th Beach 29W-31W","BSC","201819_13th Beach 29W-31W_3",207,224,224,2019-01-27,2019-02-13,2019-02-13,"Y","L3","dune","0",0,0,0,0,0,0,0,0,0,0,0,0,0,0,0,0,"0","0","0","0","0","0","0","0",-Inf,-Inf,-Inf,-Inf,"0",1,17,0,0,0
"1822","201819","13th Beach 40W-42W","BSC","201819_13th Beach 40W-42W_1",111,113,118,2018-10-23,2018-10-25,2018-10-30,"Y","L3","beach","1",0,0,1,0,1,1,0,0,0,0,2,0,2,2,0,0,"0","0","1","0","1","0","0","1",-Inf,-Inf,-Inf,2,"0",2,4.5,2,5,2.5
"1823","201819","13th Beach 40W-42W","BSC","201819_13th Beach 40W-42W_2",131,131,139,2018-11-12,2018-11-12,2018-11-20,"Y","L3","foredune/face","1",1,0,0.5,0.5,0,0,0,5,2,0,1,1,0,0,0,10,"1","0","1","1","0","0","1","0",-Inf,-Inf,-Inf,-Inf,"0",2,4,2,8,4
"1824","201819","13th Beach 40W-42W","BSC","201819_13th Beach 40W-42W_3",155,170,172,2018-12-06,2018-12-21,2018-12-23,"Y","L3","beach","1",2.5,0,0,0,0,0,0.5,50,5,0,0,0,0,0,1,100,"1","0","1","0","0","1","1","0",2,-Inf,1,-Inf,"0",2,16,2,2,1
"1825","201819","13th Beach 40W-42W","BSC","201819_13th Beach 40W-42W_4",184,193,195,2019-01-04,2019-01-13,2019-01-15,"Y","L3","beach","1",0,0,0,0,0,0,0,0,0,0,0,0,0,0,0,0,"0","0","0","0","0","0","0","0",-Inf,-Inf,-Inf,-Inf,"0",2,10,3,2,1
"1826","201819","13th Beach 40W-42W","BSC","201819_13th Beach 40W-42W_5",207,219,224,2019-01-27,2019-02-08,2019-02-13,"Y","L3","beach","1",0,0,0,0,0,0,0,20,0,0,0,0,0,0,0,40,"0","0","0","0","0","0","1","0",-Inf,-Inf,-Inf,-Inf,"0",2,14.5,2,5,2.5
"1827","201819","Bancoora 44-46W","BSC","201819_Bancoora 44-46W_1",141,144,148,2018-11-22,2018-11-25,2018-11-29,"Y","L3","beach","1",2,0,0.5,0,0.5,0,0,2.5,2,0,1,0,1,0,0,5,"1","0","1","0","1","0","1","0",3,-Inf,1,-Inf,"0",2,5,1,4,2
"1828","201819","Bancoora 44-46W","BSC","201819_Bancoora 44-46W_2",209,215,226,2019-01-29,2019-02-04,2019-02-15,"Y","L2","dune","1",2,0,1,0.5,0.5,0,0.5,4.5,4,0,2,1,1,0,1,8,"1","0","1","1","1","1","1","0",3,-Inf,2,-Inf,"1",2,11.5,2,11,5.5
"1829","201819","Pt Roadknight Tip (95W)","BSC","201819_Pt Roadknight Tip (95W)_2",113,126,132,2018-10-25,2018-11-07,2018-11-13,"Y","L3","foredune/face","1",0,0,0,0,0,0,1.66666666666667,0,0,0,0,0,0,0,5,0,"1","0","1","0","0","1","0","0",1,-Inf,1,-Inf,"0",3,16,2,6,3
"1830","201819","Pt Roadknight Tip (95W)","BSC","201819_Pt Roadknight Tip (95W)_4",176,191,194,2018-12-27,2019-01-11,2019-01-14,"Y","L3","beach","1",1,0,0,0,0,0,0,0,2,0,0,0,0,0,0,0,"1","0","1","0","0","0","0","0",2,-Inf,2,-Inf,"0",2,16.5,4,3,1.5
"1831","201819","50W to Pt Impossible","BSC","201819_50W to Pt Impossible_1",135,138,140,2018-11-16,2018-11-19,2018-11-21,"Y","L2","foredune/face","1",1,0,0,0,0,0,2,0,1,0,0,0,0,0,4,0,"1","0","1","0","0","1","0","0",3,-Inf,2,-Inf,"0",2,4,0,2,1
"1832","201819","Collendina Pt Lons. pair","BSC","201819_Collendina Pt Lons. pair_1",85,93,94,2018-09-27,2018-10-05,2018-10-06,"Y","L2","beach","1",0,0,0,0,0,0,0,0,0,0,0,0,0,0,0,0,"0","0","0","0","0","0","0","0",-Inf,-Inf,-Inf,-Inf,"0",2,8.5,2,1,0.5
"1833","201819","Collendina Pt Lons. pair","BSC","201819_Collendina Pt Lons. pair_2",107,107,125,2018-10-19,2018-10-19,2018-11-06,"Y","L2","beach","1",0,0,0,0,0,0,0,0,0,0,0,0,0,0,0,0,"0","0","0","0","0","0","0","0",-Inf,-Inf,-Inf,-Inf,"0",2,9,7,18,9
"1834","201819","13th Beach 36W","BSC","201819_13th Beach 36W_2",195,195,207,2019-01-15,2019-01-15,2019-01-27,"Y","L3","beach","1",2.5,0.5,0,0,0,0,0,1,5,1,0,0,0,0,0,2,"1","1","1","0","0","0","1","0",2,1,1,-Inf,"0",2,6,13,12,6
"1835","201819","98W - Twelfth Avenue","BSC","201819_98W - Twelfth Avenue_1",145,166,166,2018-11-26,2018-12-17,2018-12-17,"Y","L3","foredune/face","0",0,0,0,0,0,0,0,0,0,0,0,0,0,0,0,0,"0","0","0","0","0","0","0","0",-Inf,-Inf,-Inf,-Inf,"0",1,21,0,0,0
"1836","201819","Pt Addis Red Rocks beach","BSC","201819_Pt Addis Red Rocks beach_1",91,93,96,2018-10-03,2018-10-05,2018-10-08,"N","L1","beach","1",0,0,0,0,0,0,0.5,0,0,0,0,0,0,0,1,0,"0","0","0","0","0","1","0","0",-Inf,-Inf,-Inf,-Inf,"0",2,3.5,3,3,1.5
"1837","201819","Pt Addis Red Rocks beach","BSC","201819_Pt Addis Red Rocks beach_2",108,110,112,2018-10-20,2018-10-22,2018-10-24,"N","L1","beach","1",0,0,0,0,0,0,1.5,0,0,0,0,0,0,0,2,0,"0","0","0","0","0","1","0","0",-Inf,-Inf,-Inf,-Inf,"0",2,3,0,2,1
"1838","201819","Pt Addis Red Rocks beach","BSC","201819_Pt Addis Red Rocks beach_3",165,190,190,2018-12-16,2019-01-10,2019-01-10,"N","L1","beach","0",0,0,0,0,0,0,0,0,0,0,0,0,0,0,0,0,"0","0","0","0","0","0","0","0",-Inf,-Inf,-Inf,-Inf,"0",1,25,1,0,0
"1839","201819","Bancoora 44W East","BSC","201819_Bancoora 44W East_2",127,138,141,2018-11-08,2018-11-19,2018-11-22,"Y","L3","foredune/face","1",1,0,0.5,0,0.5,0,0.5,8.5,2,0,1,0,1,0,1,11,"1","0","1","0","1","1","1","0",2,-Inf,1,-Inf,"1",2,12.5,0,3,1.5
"1840","201819","Hutt Gully 102W","BSC","201819_Hutt Gully 102W_2",155,155,160,2018-12-06,2018-12-06,2018-12-11,"Y","L3","beach","1",0,0,0,0,0,1,2.5,6,0,0,0,0,0,2,4,6,"1","0","0","0","0","1","1","1",1,-Inf,-Inf,-Inf,"2",2,2.5,2,5,2.5
"1841","201819","Moggs Creek","BSC","201819_Moggs Creek_1",131,152,152,2018-11-12,2018-12-03,2018-12-03,"Y","L3","beach","0",2,0,1,0,1,0,2,0,2,0,1,0,1,0,2,0,"1","0","1","0","1","1","0","0",1,-Inf,1,-Inf,"1",1,21,0,0,0
"1842","201819","Moggs Creek","BSC","201819_Moggs Creek_2",188,215,215,2019-01-08,2019-02-04,2019-02-04,"Y","L3","beach","0",0,0,0,0,0,0,0,8,0,0,0,0,0,0,0,8,"1","0","1","0","0","0","1","0",3,-Inf,3,-Inf,"0",1,27,0,0,0
"1843","201819","100W - 102W The Gulch, Guvvos Beach, Hutt Gully","BSC","201819_100W - 102W The Gulch, Guvvos Beach, Hutt Gully_2",174,178,181,2018-12-25,2018-12-29,2019-01-01,"Y","L3","dune","1",7.66666666666667,0,1.33333333333333,0.666666666666667,0.666666666666667,0,0,1.66666666666667,23,0,4,2,2,0,0,5,"1","0","1","1","1","0","1","0",3,-Inf,3,-Inf,"2",3,5.5,4,3,1.5
"1844","201819","Nudist Beach (Whites Beach)","BSC","201819_Nudist Beach (Whites Beach)_1",140,172,172,2018-11-21,2018-12-23,2018-12-23,"Y","L3","beach","0",6,0,3,1,2,0,3,0,6,0,3,1,2,0,3,0,"1","0","1","1","1","1","0","0",1,-Inf,1,-Inf,"0",1,32,1,0,0
"1845","201819","Nudist Beach (Whites Beach)","BSC","201819_Nudist Beach (Whites Beach)_2",210,217,221,2019-01-30,2019-02-06,2019-02-10,"Y","L3","foredune/face","1",9,0,6,1.5,4.5,0,0,2,10,0,6,3,6,0,0,2,"1","0","1","1","1","0","1","0",1,-Inf,1,-Inf,"0",2,9,2,4,2
"1846","201819","16W-17W OG Spit","BSC","201819_16W-17W OG Spit_1",117,139,139,2018-10-29,2018-11-20,2018-11-20,"Y","L3","dune","0",0,0,0,0,0,0,0,0,0,0,0,0,0,0,0,0,"0","0","0","0","0","0","0","0",-Inf,-Inf,-Inf,-Inf,"0",1,22,0,0,0
"1847","201819","16W-17W OG Spit","BSC","201819_16W-17W OG Spit_2",192,219,222,2019-01-12,2019-02-08,2019-02-11,"Y","L3","dune","1",0,0,0,0,0,0,0,0,0,0,0,0,0,0,0,0,"0","0","0","0","0","0","0","0",-Inf,-Inf,-Inf,-Inf,"0",2,28.5,2,3,1.5
"1848","201819","13th Beach 34W","BSC","201819_13th Beach 34W_2",155,155,159,2018-12-06,2018-12-06,2018-12-10,"Y","L3","dune","1",0,0,0,0,0,0,0,0,0,0,0,0,0,0,0,0,"0","0","0","0","0","0","0","0",-Inf,-Inf,-Inf,-Inf,"0",2,2,2,4,2
"1849","201819","6W Collendina","BSC","201819_6W Collendina_2",107,110,121,2018-10-19,2018-10-22,2018-11-02,"Y","L2","beach","1",0,0,0,0,0,0,0,0,0,0,0,0,0,0,0,0,"0","0","0","0","0","0","0","0",-Inf,-Inf,-Inf,-Inf,"0",2,8.5,2,11,5.5
"1850","201819","Point Lonsdale 2W - 3W","BSC","201819_Point Lonsdale 2W - 3W_2",193,211,211,2019-01-13,2019-01-31,2019-01-31,"Y","L2","foredune/face","0",1,0,0,0,0,0,0,1,1,0,0,0,0,0,0,1,"1","0","1","0","0","0","1","0",1,-Inf,1,-Inf,"0",1,18,0,0,0
"1851","201819","Point Lonsdale 3W - 4W","BSC","201819_Point Lonsdale 3W - 4W_1",176,191,191,2018-12-27,2019-01-11,2019-01-11,"Y","L3","foredune/face","0",0,0,0,0,0,0,0,0,0,0,0,0,0,0,0,0,"0","0","0","0","0","0","0","0",-Inf,-Inf,-Inf,-Inf,"0",1,15,1,0,0
"1852","201920","13th Beach 29W-31W","BSC","201920_13th Beach 29W-31W_1",89,113,113,2019-10-01,2019-10-25,2019-10-25,"Y","L3","dune","0",0,0,0,0,0,0,0,0,0,0,0,0,0,0,0,0,"0","0","0","0","0","0","0","0",-Inf,-Inf,-Inf,-Inf,"0",1,24,0,0,0
"1853","201920","13th Beach 29W-31W","BSC","201920_13th Beach 29W-31W_2",141,161,161,2019-11-22,2019-12-12,2019-12-12,"Y","L3","dune","0",0,0,0,0,0,0,0,0,0,0,0,0,0,0,0,0,"0","0","0","0","0","0","0","0",-Inf,-Inf,-Inf,-Inf,"0",1,20,0,0,0
"1854","201920","13th Beach 40W-42W","BSC","201920_13th Beach 40W-42W_1",95,106,109,2019-10-07,2019-10-18,2019-10-21,"Y","L3","beach","1",0,0,0,0,0,0,0,0,0,0,0,0,0,0,0,0,"0","0","0","0","0","0","0","0",-Inf,-Inf,-Inf,-Inf,"0",2,12.5,2,3,1.5
"1855","201920","13th Beach 40W-42W","BSC","201920_13th Beach 40W-42W_2",118,123,126,2019-10-30,2019-11-04,2019-11-07,"Y","L3","beach","1",0,0,0,0,0,0,0,0,0,0,0,0,0,0,0,0,"1","0","1","0","0","0","0","0",1,-Inf,1,-Inf,"0",2,6.5,1,3,1.5
"1856","201920","13th Beach 40W-42W","BSC","201920_13th Beach 40W-42W_3",144,144,148,2019-11-25,2019-11-25,2019-11-29,"Y","L3","dune","1",1.5,0.5,0.5,0,0.5,0,0,0,3,1,1,0,1,0,0,0,"1","1","1","0","1","0","0","0",-Inf,-Inf,-Inf,-Inf,"0",2,2,0,4,2
"1857","201920","Bancoora 44-46W","BSC","201920_Bancoora 44-46W_1",177,178,179,2019-12-28,2019-12-29,2019-12-30,"Y","L2","dune","1",22.5,0,5.5,1.5,4,0,0.5,0,30,0,6,2,5,0,1,0,"1","0","1","1","1","1","0","0",3,-Inf,2,-Inf,"0",2,1.5,2,1,0.5
"1858","201920","Bancoora 44-46W","BSC","201920_Bancoora 44-46W_2",196,221,221,2020-01-16,2020-02-10,2020-02-10,"Y","L2","dune","0",0,0,0,0,0,0,0,7,0,0,0,0,0,0,0,7,"1","0","1","0","0","0","1","0",3,-Inf,2,-Inf,"1",1,25,0,0,0
"1859","201920","Black Rock","BSC","201920_Black Rock_1",192,192,193,2020-01-12,2020-01-12,2020-01-13,"N","L1","dune","1",2,0,0,0,0,0,0,3,4,0,0,0,0,0,0,6,"1","0","0","0","0","0","1","0",3,-Inf,-Inf,-Inf,"0",2,0.5,2,1,0.5
"1860","201920","Pt Roadknight Tip (95W)","BSC","201920_Pt Roadknight Tip (95W)_2",109,123,126,2019-10-21,2019-11-04,2019-11-07,"Y","L3","foredune/face","1",2,0,0,0,0,0,0,0,4,0,0,0,0,0,0,0,"1","0","0","0","0","0","0","0",1,-Inf,-Inf,-Inf,"0",2,15.5,1,3,1.5
"1861","201920","Pt Roadknight Tip (95W)","BSC","201920_Pt Roadknight Tip (95W)_3",141,147,158,2019-11-22,2019-11-28,2019-12-09,"Y","L3","foredune/face","1",1,0,0,0,0,0,0,2,2,0,0,0,0,0,0,3,"1","0","0","0","0","0","1","0",2,-Inf,-Inf,-Inf,"0",2,11.5,4,11,5.5
"1862","201920","Pt Roadknight Tip (95W)","BSC","201920_Pt Roadknight Tip (95W)_4",165,165,168,2019-12-16,2019-12-16,2019-12-19,"N","L0","dune","1",3.5,0,0,0,0,0,0,2,7,0,0,0,0,0,0,4,"1","0","0","0","0","0","1","0",2,-Inf,-Inf,-Inf,"0",2,1.5,0,3,1.5
"1863","201920","Pt Roadknight West Beach (96W)","BSC","201920_Pt Roadknight West Beach (96W)_1",88,102,109,2019-09-30,2019-10-14,2019-10-21,"Y","L3","beach","1",0.5,0,0.5,0,0.5,0,0,1,1,0,1,0,1,0,0,2,"1","0","1","0","1","0","1","0",2,-Inf,1,-Inf,"1",2,17.5,2,7,3.5
"1864","201920","Pt Roadknight West Beach (96W)","BSC","201920_Pt Roadknight West Beach (96W)_2",144,147,161,2019-11-25,2019-11-28,2019-12-12,"Y","L3","beach","1",1.5,0,2.5,0,2.5,0,0,0,3,0,5,0,5,0,0,0,"1","0","1","0","1","0","0","0",1,-Inf,1,-Inf,"0",2,10,4,14,7
"1865","201920","Pt Roadknight West Beach (96W)","BSC","201920_Pt Roadknight West Beach (96W)_3",176,176,189,2019-12-27,2019-12-27,2020-01-09,"Y","L3","beach","1",0,0,0,0,0,0,0,0,0,0,0,0,0,0,0,0,"1","0","1","0","0","0","0","0",2,-Inf,1,-Inf,"0",2,6.5,14,13,6.5
"1866","201920","Collendina Ocean Grove","BSC","201920_Collendina Ocean Grove_1",136,136,146,2019-11-17,2019-11-17,2019-11-27,"N","L0","dune","1",0.5,0,0,0,0,0,0,1,1,0,0,0,0,0,0,2,"1","0","1","0","0","0","1","0",1,-Inf,1,-Inf,"0",2,5,3,10,5
"1867","201920","Blue Rocks","BSC","201920_13th Beach 40W-42W_4",190,190,190,2020-01-10,2020-01-10,2020-01-10,"Y","L3","beach","0",0,0,0,0,0,0,0,0,0,0,0,0,0,0,0,0,"0","0","0","0","0","0","0","0",-Inf,-Inf,-Inf,-Inf,"0",1,0,1,0,0
"1868","201920","Nudist Beach (Pt Imp)","BSC","201920_Nudist Beach (Pt Imp)_1",147,147,148,2019-11-28,2019-11-28,2019-11-29,"Y","L3","foredune/face","1",0,0,0,0,0,0,1.5,1,0,0,0,0,0,0,3,2,"1","0","1","0","0","1","1","1",1,-Inf,1,1,"0",2,0.5,0,1,0.5
"1869","201920","13th Beach 36W","BSC","201920_13th Beach 36W_2",138,144,145,2019-11-19,2019-11-25,2019-11-26,"Y","L3","foredune/face","1",0,0,0,0,0,0,0,0,0,0,0,0,0,0,0,0,"0","0","0","0","0","0","0","0",-Inf,-Inf,-Inf,-Inf,"0",2,6.5,0,1,0.5
"1870","201920","Moggs Creek","BSC","201920_Moggs Creek_1",102,126,127,2019-10-14,2019-11-07,2019-11-08,"Y","L3","beach","1",0,0,0,0,0,0,0,1.5,0,0,0,0,0,0,0,3,"1","0","1","0","0","0","1","0",2,-Inf,1,-Inf,"0",2,24.5,0,1,0.5
"1871","201920","Moggs Creek","BSC","201920_Moggs Creek_2",139,144,147,2019-11-20,2019-11-25,2019-11-28,"Y","L3","foredune/face","1",1,0,0,0,0,0,0,0.5,2,0,0,0,0,0,0,1,"1","0","1","0","0","0","1","1",3,-Inf,2,1,"1",2,6.5,0,3,1.5
"1872","201920","Moggs Creek","BSC","201920_Moggs Creek_3",158,161,165,2019-12-09,2019-12-12,2019-12-16,"Y","L3","estuary/spit","1",0,0,0,0,0,0,0,0,0,0,0,0,0,0,0,0,"1","0","0","0","0","0","0","0",1,-Inf,-Inf,-Inf,"0",2,5,2,4,2
"1873","201920","Moggs Creek","BSC","201920_Moggs Creek_4",204,235,235,2020-01-24,2020-02-24,2020-02-24,"Y","L3","beach","0",0,0,0,0,0,0,0,0,0,0,0,0,0,0,0,0,"0","0","0","0","0","0","0","0",-Inf,-Inf,-Inf,-Inf,"0",1,31,0,0,0
"1874","201920","100W - 102W The Gulch, Guvvos Beach, Hutt Gully","BSC","201920_100W - 102W The Gulch, Guvvos Beach, Hutt Gully_1",211,216,217,2020-01-31,2020-02-05,2020-02-06,"Y","L2","foredune/face","1",0,0,0,0,0,0,0,0,0,0,0,0,0,0,0,0,"0","0","0","0","0","0","0","0",-Inf,-Inf,-Inf,-Inf,"0",2,5.5,0,1,0.5
"1875","201920","Point Lonsdale West of 4W","BSC","201920_Point Lonsdale West of 4W_2",202,209,211,2020-01-22,2020-01-29,2020-01-31,"Y","L3","dune","1",0,0,0,0,0,0,0,0,0,0,0,0,0,0,0,0,"0","0","0","0","0","0","0","0",-Inf,-Inf,-Inf,-Inf,"0",2,8,0,2,1
"1876","201920","Nudist Beach (Whites Beach)","BSC","201920_Nudist Beach (Whites Beach)_2",150,172,172,2019-12-01,2019-12-23,2019-12-23,"Y","L3","foredune/face","0",0,0,0,0,0,0,0,0,0,0,0,0,0,0,0,0,"1","0","0","0","0","0","0","0",2,-Inf,-Inf,-Inf,"0",1,22,1,0,0
"1877","201920","16W-17W OG Spit","BSC","201920_16W-17W OG Spit_1",81,92,95,2019-09-23,2019-10-04,2019-10-07,"Y","L3","dune","1",0,0,0,0,0,0,0,0,0,0,0,0,0,0,0,0,"0","0","0","0","0","0","0","0",-Inf,-Inf,-Inf,-Inf,"0",2,12.5,3,3,1.5
"1878","201920","Collendina Pigfarm","BSC","201920_Collendina Pigfarm_1",100,100,102,2019-10-12,2019-10-12,2019-10-14,"N","L1","foredune/face","1",0,0,0,0,0,0,0,0,0,0,0,0,0,0,0,0,"0","0","0","0","0","0","0","0",-Inf,-Inf,-Inf,-Inf,"0",2,1,2,2,1
"1879","201920","Collendina Pigfarm","BSC","201920_Collendina Pigfarm_2",123,123,129,2019-11-04,2019-11-04,2019-11-10,"N","L1","beach","1",0,0,0,0,0,0,0,0,0,0,0,0,0,0,0,0,"0","0","0","0","0","0","0","0",-Inf,-Inf,-Inf,-Inf,"0",2,3,3,6,3
"1880","201920","Collendina Pigfarm","BSC","201920_Collendina Pigfarm_3",136,136,146,2019-11-17,2019-11-17,2019-11-27,"N","L1","dune","1",0.5,0,0,0,0,0,0,0.5,1,0,0,0,0,0,0,1,"1","0","0","0","0","0","1","0",1,-Inf,-Inf,-Inf,"0",2,5,3,10,5
"1881","201920","Collendina Pigfarm","BSC","201920_Collendina Pigfarm_4",157,157,163,2019-12-08,2019-12-08,2019-12-14,"N","L1","foredune/face","1",0,0,0,0,0,0,0,0,0,0,0,0,0,0,0,0,"0","0","0","0","0","0","0","0",-Inf,-Inf,-Inf,-Inf,"0",2,3,2,6,3
"1882","201920","Collendina Pigfarm","BSC","201920_Collendina Pigfarm_5",166,170,172,2019-12-17,2019-12-21,2019-12-23,"N","L1","foredune/face","1",0,0,0,0,0,0,0,0,0,0,0,0,0,0,0,0,"0","0","0","0","0","0","0","0",-Inf,-Inf,-Inf,-Inf,"0",2,5,3,2,1
"1883","201920","Collendina Pigfarm","BSC","201920_Collendina Pigfarm_6",176,181,181,2019-12-27,2020-01-01,2020-01-01,"Y","L2","foredune/face","0",0,0,0,0,0,0,0,0,0,0,0,0,0,0,0,0,"0","0","0","0","0","0","0","0",-Inf,-Inf,-Inf,-Inf,"0",1,5,1,0,0
"1884","201920","Point Lonsdale Rhino Rock","BSC","201920_Point Lonsdale Rhino Rock_1",115,129,129,2019-10-27,2019-11-10,2019-11-10,"Y","L2","dune","0",0,0,0,0,0,0,0,0,0,0,0,0,0,0,0,0,"0","0","0","0","0","0","0","0",-Inf,-Inf,-Inf,-Inf,"0",1,14,1,0,0
"1885","201920","Point Lonsdale 2W - 3W","BSC","201920_Point Lonsdale 2W - 3W_2",119,147,147,2019-10-31,2019-11-28,2019-11-28,"Y","L3","foredune/face","0",0,0,0,0,0,0,0,0,0,0,0,0,0,0,0,0,"0","0","0","0","0","0","0","0",-Inf,-Inf,-Inf,-Inf,"0",1,28,0,0,0
"1886","201920","Point Lonsdale 3W - 4W","BSC","201920_Point Lonsdale 3W - 4W_1",108,136,136,2019-10-20,2019-11-17,2019-11-17,"Y","L3","dune","0",0,0,0,0,0,0,0,0,0,0,0,0,0,0,0,0,"1","0","1","0","0","0","0","0",1,-Inf,1,-Inf,"0",1,28,1,0,0
"1887","201920","18W Raafs Beach OG Spit","BSC","201920_18W Raafs Beach OG Spit_3",168,191,191,2019-12-19,2020-01-11,2020-01-11,"Y","L3","beach","0",0,0,0,0,0,0,0,0,0,0,0,0,0,0,0,0,"0","0","0","0","0","0","0","0",-Inf,-Inf,-Inf,-Inf,"0",1,23,1,0,0
"1888","201920","Fairhaven","BSC","201920_Fairhaven_1",90,97,102,2019-10-02,2019-10-09,2019-10-14,"Y","L3","foredune/face","1",3,0,1,0,1,0,0,0.5,6,0,2,0,2,0,0,1,"1","0","1","0","1","0","1","0",1,-Inf,1,-Inf,"0",2,9.5,2,5,2.5
"1889","201920","Fairhaven","BSC","201920_Fairhaven_2",130,140,144,2019-11-11,2019-11-21,2019-11-25,"Y","L3","foredune/face","1",3,0,1,0,1,0,0.5,0,3,0,2,0,2,0,1,0,"1","0","1","0","1","1","0","1",3,-Inf,1,1,"0",2,12,2,4,2
"1890","201920","Fairhaven","BSC","201920_Fairhaven_3",158,182,182,2019-12-09,2020-01-02,2020-01-02,"Y","L3","dune","0",8,0,3,1,2,0,0,4,8,0,3,1,2,0,0,4,"1","0","1","1","1","0","1","0",3,-Inf,1,-Inf,"0",1,24,1,0,0
"1891","201920","Fairhaven","BSC","201920_Fairhaven_4",204,208,208,2020-01-24,2020-01-28,2020-01-28,"Y","L3","beach","0",6,0,2,0,2,0,0,0,6,0,2,0,2,0,0,0,"1","0","1","0","1","0","0","0",2,-Inf,1,-Inf,"0",1,4,1,0,0
"1892","201920","Point Lonsdale 1W - Lighthouse","BSC","201920_Point Lonsdale 1W - Lighthouse_1",106,106,108,2019-10-18,2019-10-18,2019-10-20,"Y","L3","beach","1",0,0,0,0,0,0,0,0,0,0,0,0,0,0,0,0,"0","0","0","0","0","0","0","0",-Inf,-Inf,-Inf,-Inf,"0",2,1,2,2,1
"1893","201920","Point Lonsdale 1W - Lighthouse","BSC","201920_Point Lonsdale 1W - Lighthouse_3",159,190,190,2019-12-10,2020-01-10,2020-01-10,"Y","L3","beach","0",18,0,2,0,2,0,0,0,18,0,2,0,2,0,0,0,"1","0","1","0","1","0","0","0",-Inf,-Inf,-Inf,-Inf,"0",1,31,1,0,0
"1894","202021","13th Beach 29W-31W","BSC","202021_13th Beach 29W-31W_2",121,136,136,2020-11-02,2020-11-17,2020-11-17,"Y","L3","dune","0",0,0,0,0,0,0,0,0,0,0,0,0,0,0,0,0,"0","0","0","0","0","0","0","0",-Inf,-Inf,-Inf,-Inf,"0",1,15,0,0,0
"1895","202021","13th Beach 40W-42W","BSC","202021_13th Beach 40W-42W_2",150,150,151,2020-12-01,2020-12-01,2020-12-02,"Y","L3","beach","1",0,0,0,0,0,0,0,0,0,0,0,0,0,0,0,0,"0","0","0","0","0","0","0","0",-Inf,-Inf,-Inf,-Inf,"0",2,0.5,0,1,0.5
"1896","202021","13th Beach 40W-42W","BSC","202021_13th Beach 40W-42W_3",164,186,186,2020-12-15,2021-01-06,2021-01-06,"Y","L3","beach","0",0,0,0,0,0,0,3,70,0,0,0,0,0,0,3,70,"1","0","1","0","0","1","1","0",1,-Inf,1,-Inf,"0",1,22,1,0,0
"1897","202021","Bancoora 44-46W","BSC","202021_Bancoora 44-46W_1",182,186,188,2021-01-02,2021-01-06,2021-01-08,"Y","L3","dune","1",5,0,1.5,0.5,1,0,0,3,8,0,3,1,2,0,0,6,"1","0","1","1","1","0","1","0",1,-Inf,1,-Inf,"1",2,5,3,2,1
"1898","202021","Pt Roadknight Tip (95W)","BSC","202021_Pt Roadknight Tip (95W)_1",93,94,102,2020-10-05,2020-10-06,2020-10-14,"Y","L3","foredune/face","1",0,0,0,0,0,0,0.5,0,0,0,0,0,0,0,1,0,"0","0","0","0","0","1","0","0",-Inf,-Inf,-Inf,-Inf,"0",2,5,2,8,4
"1899","202021","Pt Roadknight Tip (95W)","BSC","202021_Pt Roadknight Tip (95W)_2",114,128,132,2020-10-26,2020-11-09,2020-11-13,"Y","L2","dune","1",0,0,0,0,0,0,0,1.66666666666667,0,0,0,0,0,0,0,5,"1","0","0","0","0","0","1","0",1,-Inf,-Inf,-Inf,"0",3,16,0,4,2
"1900","202021","Pt Roadknight West Beach (96W)","BSC","202021_Pt Roadknight West Beach (96W)_1",163,168,172,2020-12-14,2020-12-19,2020-12-23,"Y","L3","foredune/face","1",0,0,0,0,0,0,0,0,0,0,0,0,0,0,0,0,"0","0","0","0","0","0","0","0",-Inf,-Inf,-Inf,-Inf,"0",2,7,5,4,2
"1901","202021","Pt Roadknight West Beach (96W)","BSC","202021_Pt Roadknight West Beach (96W)_2",208,209,209,2021-01-28,2021-01-29,2021-01-29,"Y","L2","dune","0",0,0,0,0,0,0,0,0,0,0,0,0,0,0,0,0,"0","0","0","0","0","0","0","0",-Inf,-Inf,-Inf,-Inf,"0",1,1,0,0,0
"1902","202021","50W to Pt Impossible","BSC","202021_50W to Pt Impossible_1",95,97,98,2020-10-07,2020-10-09,2020-10-10,"N","L1","foredune/face","1",2.5,0,1.5,1.5,0,0,0,0,5,0,3,3,0,0,0,0,"1","0","1","1","0","0","0","0",1,-Inf,1,-Inf,"0",2,2.5,1,1,0.5
"1903","202021","Collendina Ocean Grove","BSC","202021_Collendina Ocean Grove_1",154,154,160,2020-12-05,2020-12-05,2020-12-11,"Y","L2","dune","1",0,0,0,0,0,0,0,0,0,0,0,0,0,0,0,0,"0","0","0","0","0","0","0","0",-Inf,-Inf,-Inf,-Inf,"0",2,3,2,6,3
"1904","202021","Collendina Ocean Grove","BSC","202021_Collendina Ocean Grove_2",175,175,177,2020-12-26,2020-12-26,2020-12-28,"Y","L2","beach","1",0,0,0,0,0,0,0,0,0,0,0,0,0,0,0,0,"0","0","0","0","0","0","0","0",-Inf,-Inf,-Inf,-Inf,"0",2,1,3,2,1
"1905","202021","Collendina Ocean Grove","BSC","202021_Collendina Ocean Grove_3",189,189,194,2021-01-09,2021-01-09,2021-01-14,"Y","L3","beach","1",0,0,0,0,0,0,0.5,0,0,0,0,0,0,0,2,0,"1","0","1","0","0","1","0","0",1,-Inf,2,-Inf,"1",4,2.5,6,5,2.5
"1906","202021","Nudist Beach (Pt Imp)","BSC","202021_Nudist Beach (Pt Imp)_1",192,222,232,2021-01-12,2021-02-11,2021-02-21,"Y","L3","beach","1",2.5,0,0.5,0.5,0,0,0,11,3,0,1,1,0,0,0,16,"1","0","1","1","0","0","1","0",1,-Inf,1,-Inf,"0",2,35,4,10,5
"1907","202021","5W Collendina","BSC","202021_5W Collendina_1",109,119,126,2020-10-21,2020-10-31,2020-11-07,"Y","L3","dune","1",0,0,0,0,0,0,0,0,0,0,0,0,0,0,0,0,"0","0","0","0","0","0","0","0",-Inf,-Inf,-Inf,-Inf,"0",2,13.5,4,7,3.5
"1908","202021","98W - Twelfth Avenue","BSC","202021_98W - Twelfth Avenue_1",82,102,102,2020-09-24,2020-10-14,2020-10-14,"Y","L3","dune","0",0,0,0,0,0,0,0,0,0,0,0,0,0,0,0,0,"0","0","0","0","0","0","0","0",-Inf,-Inf,-Inf,-Inf,"0",1,20,0,0,0
"1909","202021","98W - Twelfth Avenue","BSC","202021_98W - Twelfth Avenue_2",128,132,133,2020-11-09,2020-11-13,2020-11-14,"Y","L2","foredune/face","1",0,0,0,0,0,0,0,0,0,0,0,0,0,0,0,0,"1","0","0","0","0","0","0","0",3,-Inf,-Inf,-Inf,"0",2,4.5,1,1,0.5
"1910","202021","98W - Twelfth Avenue","BSC","202021_98W - Twelfth Avenue_3",153,179,179,2020-12-04,2020-12-30,2020-12-30,"Y","L3","dune","0",12,0,4,3,1,0,0,0,12,0,4,3,1,0,0,0,"1","0","1","1","1","0","0","0",2,-Inf,2,-Inf,"0",1,26,1,0,0
"1911","202021","Aireys Inlet","BSC","202021_Aireys Inlet_5",162,166,171,2020-12-13,2020-12-17,2020-12-22,"Y","L3","foredune/face","1",0,0,0,0,0,0,0,0,0,0,0,0,0,0,0,0,"0","0","0","0","0","0","0","0",-Inf,-Inf,-Inf,-Inf,"0",2,6.5,4,5,2.5
"1912","202021","Aireys Inlet","BSC","202021_Aireys Inlet_6",198,208,212,2021-01-18,2021-01-28,2021-02-01,"Y","L3","foredune/face","1",0,0,0,0,0,0,0,0,0,0,0,0,0,0,0,0,"0","0","0","0","0","0","0","0",-Inf,-Inf,-Inf,-Inf,"0",2,12,2,4,2
"1913","202021","Pt Addis Red Rocks beach","BSC","202021_Pt Addis Red Rocks beach_1",173,188,188,2020-12-24,2021-01-08,2021-01-08,"Y","L4","beach","0",0,0,0,0,0,0,0,0,0,0,0,0,0,0,0,0,"0","0","0","0","0","0","0","0",-Inf,-Inf,-Inf,-Inf,"0",1,15,1,0,0
"1914","202021","Moggs Creek","BSC","202021_Moggs Creek_1",87,96,98,2020-09-29,2020-10-08,2020-10-10,"Y","L3","estuary/spit","1",0,0,0,0,0,0,0,0,0,0,0,0,0,0,0,0,"0","0","0","0","0","0","0","0",-Inf,-Inf,-Inf,-Inf,"0",2,10,1,2,1
"1915","202021","Moggs Creek","BSC","202021_Moggs Creek_2",154,166,170,2020-12-05,2020-12-17,2020-12-21,"Y","L3","dune","1",0,0,0,0,0,0,0,0,0,0,0,0,0,0,0,0,"0","0","0","0","0","0","0","0",-Inf,-Inf,-Inf,-Inf,"0",2,14,3,4,2
"1916","202021","Moggs Creek","BSC","202021_Moggs Creek_3",194,194,196,2021-01-14,2021-01-14,2021-01-16,"Y","L3","beach","1",3,0,1.5,0.5,1,0,0,0,6,0,3,1,2,0,0,0,"1","0","1","1","1","0","0","0",1,-Inf,1,-Inf,"0",2,1,3,2,1
"1917","202021","Point Lonsdale West of 4W","BSC","202021_Point Lonsdale West of 4W_1",93,98,147,2020-10-05,2020-10-10,2020-11-28,"N","L0","dune","1",0,0,0,0,0,0,0,0,0,0,0,0,0,0,0,0,"0","0","0","0","0","0","0","0",-Inf,-Inf,-Inf,-Inf,"0",7,29.5,16,49,24.5
"1918","202021","Point Lonsdale West of 4W","BSC","202021_Point Lonsdale West of 4W_3",136,137,138,2020-11-17,2020-11-18,2020-11-19,"N","L1","beach","1",0,0,0,0,0,0,0,0,0,0,0,0,0,0,0,0,"0","0","0","0","0","0","0","0",-Inf,-Inf,-Inf,-Inf,"0",2,1.5,0,1,0.5
"1919","202021","Point Lonsdale West of 4W","BSC","202021_Point Lonsdale West of 4W_4",162,172,175,2020-12-13,2020-12-23,2020-12-26,"Y","L2","foredune/face","1",0,0,0,0,0,0,0,0,0,0,0,0,0,0,0,0,"0","0","0","0","0","0","0","0",-Inf,-Inf,-Inf,-Inf,"0",2,11.5,4,3,1.5
"1920","202021","Nudist Beach (Whites Beach)","BSC","202021_Nudist Beach (Whites Beach)_2",160,163,169,2020-12-11,2020-12-14,2020-12-20,"Y","L3","foredune/face","1",0.5,0,0,0,0,0,3.5,2,1,0,0,0,0,0,5,4,"1","0","1","0","0","1","1","0",1,-Inf,1,-Inf,"0",2,6,2,6,3
"1921","202021","Nudist Beach (Whites Beach)","BSC","202021_Nudist Beach (Whites Beach)_3",223,223,228,2021-02-12,2021-02-12,2021-02-17,"Y","L3","beach","1",4.5,0,0,0,0,0,0,2,7,0,0,0,0,0,0,4,"1","0","0","0","0","0","1","0",1,-Inf,-Inf,-Inf,"0",2,2.5,2,5,2.5
"1922","202021","Collendina Pigfarm","BSC","202021_Collendina Pigfarm_1",84,98,103,2020-09-26,2020-10-10,2020-10-15,"N","L1","foredune/face","1",0,0,0,0,0,0,0,0,0,0,0,0,0,0,0,0,"0","0","0","0","0","0","0","0",-Inf,-Inf,-Inf,-Inf,"0",2,16.5,2,5,2.5
"1923","202021","Collendina Pigfarm","BSC","202021_Collendina Pigfarm_3",138,138,141,2020-11-19,2020-11-19,2020-11-22,"N","L0","beach","1",0,0,0,0,0,0,0,0,0,0,0,0,0,0,0,0,"0","0","0","0","0","0","0","0",-Inf,-Inf,-Inf,-Inf,"0",2,1.5,2,3,1.5
"1924","202021","Collendina Pigfarm","BSC","202021_Collendina Pigfarm_4",153,154,157,2020-12-04,2020-12-05,2020-12-08,"Y","L2","beach","1",0,0,0,0,0,0,0,0,0,0,0,0,0,0,0,0,"0","0","0","0","0","0","0","0",-Inf,-Inf,-Inf,-Inf,"0",2,2.5,2,3,1.5
"1925","202021","Collendina Pigfarm","BSC","202021_Collendina Pigfarm_6",206,207,211,2021-01-26,2021-01-27,2021-01-31,"Y","L2","beach","1",0,0,0,0,0,0,0,0,0,0,0,0,0,0,0,0,"0","0","0","0","0","0","0","0",-Inf,-Inf,-Inf,-Inf,"0",2,3,2,4,2
"1926","202021","Collendina Pigfarm","BSC","202021_Collendina Pigfarm_7",227,242,242,2021-02-16,2021-03-03,2021-03-03,"Y","L2","beach","0",1,0,1,0,1,0,0,0,1,0,1,0,1,0,0,0,"1","0","1","0","1","0","0","0",-Inf,-Inf,-Inf,-Inf,"0",1,15,0,0,0
"1927","202021","Point Lonsdale Rhino Rock","BSC","202021_Point Lonsdale Rhino Rock_1",88,98,103,2020-09-30,2020-10-10,2020-10-15,"Y","L2","foredune/face","1",0,0,0,0,0,0,0,0,0,0,0,0,0,0,0,0,"0","0","0","0","0","0","0","0",-Inf,-Inf,-Inf,-Inf,"0",2,12.5,2,5,2.5
"1928","202021","Point Lonsdale Rhino Rock","BSC","202021_Point Lonsdale Rhino Rock_2",118,119,124,2020-10-30,2020-10-31,2020-11-05,"N","L0","beach","1",0,0,0,0,0,0,0,0,0,0,0,0,0,0,0,0,"0","0","0","0","0","0","0","0",-Inf,-Inf,-Inf,-Inf,"0",2,3.5,3,5,2.5
"1929","202021","Point Lonsdale Rhino Rock","BSC","202021_Point Lonsdale Rhino Rock_3",137,138,144,2020-11-18,2020-11-19,2020-11-25,"N","L1","beach","1",0,0,0,0,0,0,0,0,0,0,0,0,0,0,0,0,"0","0","0","0","0","0","0","0",-Inf,-Inf,-Inf,-Inf,"0",2,4,2,6,3
"1930","202021","Point Lonsdale Rhino Rock","BSC","202021_Point Lonsdale Rhino Rock_4",182,182,197,2021-01-02,2021-01-02,2021-01-17,"Y","L2","beach","1",0,0,0,0,0,0,0,0,0,0,0,0,0,0,0,0,"0","0","0","0","0","0","0","0",-Inf,-Inf,-Inf,-Inf,"0",5,7.5,16,15,7.5
"1931","202021","13th Beach 34W","BSC","202021_13th Beach 34W_1",122,145,150,2020-11-03,2020-11-26,2020-12-01,"Y","L3","dune","1",0,0,0,0,0,0,0,0,0,0,0,0,0,0,0,0,"0","0","0","0","0","0","0","0",-Inf,-Inf,-Inf,-Inf,"0",2,25.5,2,5,2.5
"1932","202021","Point Lonsdale 3W - 4W","BSC","202021_Point Lonsdale 3W - 4W_1",118,125,126,2020-10-30,2020-11-06,2020-11-07,"Y","L3","foredune/face","1",0,0,0,0,0,0,0,0,0,0,0,0,0,0,0,0,"0","0","0","0","0","0","0","0",-Inf,-Inf,-Inf,-Inf,"0",2,7.5,1,1,0.5
"1933","202021","18W Raafs Beach OG Spit","BSC","202021_18W Raafs Beach OG Spit_2",122,145,145,2020-11-03,2020-11-26,2020-11-26,"Y","L3","beach","0",0,0,0,0,0,0,0,0,0,0,0,0,0,0,0,0,"0","0","0","0","0","0","0","0",-Inf,-Inf,-Inf,-Inf,"0",1,23,0,0,0
"1934","202021","18W Raafs Beach OG Spit","BSC","202021_18W Raafs Beach OG Spit_3",164,164,164,2020-12-15,2020-12-15,2020-12-15,"Y","L3","beach","0",0,0,0,0,0,0,0,0,0,0,0,0,0,0,0,0,"0","0","0","0","0","0","0","0",-Inf,-Inf,-Inf,-Inf,"0",1,0,0,0,0
"1935","202021","18W Raafs Beach OG Spit","BSC","202021_18W Raafs Beach OG Spit_4",219,241,241,2021-02-08,2021-03-02,2021-03-02,"Y","L3","beach","0",3,0,1,0,1,0,0,0,3,0,1,0,1,0,0,0,"1","0","1","0","1","0","0","0",-Inf,-Inf,-Inf,-Inf,"0",1,22,0,0,0
"1936","202021","Fairhaven","BSC","202021_Fairhaven_1",63,65,70,2020-09-05,2020-09-07,2020-09-12,"Y","L2","beach","1",8,0,2,0,2,0,0,0,8,0,2,0,2,0,0,0,"1","0","1","0","1","0","0","0",2,-Inf,1,-Inf,"0",1,4.5,1,5,2.5
"1937","202021","Fairhaven","BSC","202021_Fairhaven_2",87,93,96,2020-09-29,2020-10-05,2020-10-08,"Y","L3","dune","1",0,0,0,0,0,0,0,0,0,0,0,0,0,0,0,0,"1","0","0","0","0","0","0","0",1,-Inf,-Inf,-Inf,"0",1,7.5,0,3,1.5
"1938","202021","Fairhaven","BSC","202021_Fairhaven_3",128,128,136,2020-11-09,2020-11-09,2020-11-17,"Y","L3","beach","1",0.5,0,1,0,1,0,2,1,1,0,2,0,2,0,4,2,"1","0","1","0","1","1","1","0",2,-Inf,1,-Inf,"0",2,4,2,8,4
"1939","202021","Fairhaven","BSC","202021_Fairhaven_4",161,191,193,2020-12-12,2021-01-11,2021-01-13,"Y","L3","foredune/face","1",2,0,1,1,0,0,0.5,10,4,0,2,2,0,0,1,20,"1","0","1","1","0","1","1","0",-Inf,-Inf,-Inf,-Inf,"0",2,31,3,2,1
"1940","202021","Point Lonsdale 1W - Lighthouse","BSC","202021_Point Lonsdale 1W - Lighthouse_1",94,98,102,2020-10-06,2020-10-10,2020-10-14,"Y","L3","foredune/face","1",0,0,0,0,0,0,0,0,0,0,0,0,0,0,0,0,"0","0","0","0","0","0","0","0",-Inf,-Inf,-Inf,-Inf,"0",2,6,2,4,2
"1941","202021","Point Lonsdale 1W - Lighthouse","BSC","202021_Point Lonsdale 1W - Lighthouse_2",116,122,123,2020-10-28,2020-11-03,2020-11-04,"Y","L3","foredune/face","1",0,0,0,0,0,0,0,0,0,0,0,0,0,0,0,0,"1","0","1","0","0","0","0","0",1,-Inf,1,-Inf,"0",2,6.5,1,1,0.5
"1942","202122","13th Beach 29W-31W","BSC","202122_13th Beach 29W-31W_2",136,137,142,2021-11-17,2021-11-18,2021-11-23,"Y","L3","dune","1",0,0,0,0,0,0,0,0,0,0,0,0,0,0,0,0,"0","0","0","0","0","0","0","0",-Inf,-Inf,-Inf,-Inf,"1",1,3.5,2,5,2.5
"1943","202122","13th Beach 29W-31W","BSC","202122_13th Beach 29W-31W_3",163,181,184,2021-12-14,2022-01-01,2022-01-04,"Y","L3","dune","1",0,0,0,0,0,0,0,0,0,0,0,0,0,0,0,0,"0","0","0","0","0","0","0","0",-Inf,-Inf,-Inf,-Inf,"2",1,19.5,4,3,1.5
"1944","202122","Pt Roadknight Tip (95W)","BSC","202122_Pt Roadknight Tip (95W)_1",141,143,148,2021-11-22,2021-11-24,2021-11-29,"Y","L3","beach","1",0,0,0,0,0,0,3,0,0,0,0,0,0,0,3,0,"1","0","1","0","0","1","0","0",2,-Inf,2,-Inf,"0",1,4.5,2,5,2.5
"1945","202122","Nudist Beach (Pt Imp)","BSC","202122_Nudist Beach (Pt Imp)_1",118,124,126,2021-10-30,2021-11-05,2021-11-07,"Y","L3","beach","1",2,0,2,0,2,0,11,0,2,0,2,0,2,0,11,0,"1","0","1","0","1","1","0","0",2,-Inf,1,-Inf,"0",1,7,2,2,1
"1946","202122","Nudist Beach (Pt Imp)","BSC","202122_Nudist Beach (Pt Imp)_4",182,187,190,2022-01-02,2022-01-07,2022-01-10,"Y","L3","beach","1",3,0,0,0,0,0,8,6,3,0,0,0,0,0,8,6,"1","0","1","0","0","1","1","0",1,-Inf,1,-Inf,"0",1,6.5,4,3,1.5
"1947","202122","5W Collendina","BSC","202122_5W Collendina_1",171,191,194,2021-12-22,2022-01-11,2022-01-14,"Y","L3","dune","1",15,0,0,0,0,0,0,0,15,0,0,0,0,0,0,0,"1","0","0","0","0","0","0","0",-Inf,-Inf,-Inf,-Inf,"0",1,21.5,4,3,1.5
"1948","202122","98W - Twelfth Avenue","BSC","202122_98W - Twelfth Avenue_2",141,172,172,2021-11-22,2021-12-23,2021-12-23,"Y","L3","dune","0",3,0,3,2,1,0,0,0,3,0,3,2,1,0,0,0,"1","0","1","1","1","0","0","0",-Inf,-Inf,-Inf,-Inf,"0",1,31,1,0,0
"1949","202122","Aireys Inlet","BSC","202122_Aireys Inlet_1",65,65,83,2021-09-07,2021-09-07,2021-09-25,"Y","L3","dune","1",0.5,0,0.5,0,0.5,0,0,0,1,0,1,0,1,0,0,0,"1","0","1","0","1","0","0","0",-Inf,-Inf,-Inf,-Inf,"0",2,9,10,18,9
"1950","202122","Pt Addis Red Rocks beach","BSC","202122_Pt Addis Red Rocks beach_2",183,209,209,2022-01-03,2022-01-29,2022-01-29,"Y","L3","beach","0",0,0,0,0,0,0,4,0,0,0,0,0,0,0,4,0,"0","0","0","0","0","1","0","0",-Inf,-Inf,-Inf,-Inf,"0",1,26,1,0,0
"1951","202122","Moggs Creek","BSC","202122_Moggs Creek_1",116,128,135,2021-10-28,2021-11-09,2021-11-16,"Y","L3","beach","1",2.5,0,1,0,1,0,0.5,0.5,3,0,1,0,1,0,1,1,"1","0","1","0","1","1","1","0",1,-Inf,1,-Inf,"1",2,15.5,2,7,3.5
"1952","202122","Moggs Creek","BSC","202122_Moggs Creek_2",148,169,171,2021-11-29,2021-12-20,2021-12-22,"Y","L3","beach","1",5,0,2,0,2,0,2,0,5,0,2,0,2,0,2,0,"1","0","1","0","1","1","0","0",1,-Inf,1,-Inf,"0",1,22,3,2,1
"1953","202122","Moggs Creek","BSC","202122_Moggs Creek_3",182,190,209,2022-01-02,2022-01-10,2022-01-29,"Y","L3","beach","1",7,0,2,0,2,0,1.5,3,14,0,3,0,3,0,3,6,"1","0","1","0","1","1","1","0",1,-Inf,3,-Inf,"0",2,17.5,20,19,9.5
"1954","202122","Point Lonsdale West of 4W","BSC","202122_Point Lonsdale West of 4W_1",137,137,139,2021-11-18,2021-11-18,2021-11-20,"Y","L2","beach","1",0,0,0,0,0,0,0,0,0,0,0,0,0,0,0,0,"0","0","0","0","0","0","0","0",-Inf,-Inf,-Inf,-Inf,"0",1,1,1,2,1
"1955","202122","Point Lonsdale West of 4W","BSC","202122_Point Lonsdale West of 4W_3",180,186,197,2021-12-31,2022-01-06,2022-01-17,"Y","L3","foredune/face","1",0,0,0,0,0,0,0,0,0,0,0,0,0,0,0,0,"0","0","0","0","0","0","0","0",-Inf,-Inf,-Inf,-Inf,"0",1,11.5,12,11,5.5
"1956","202122","Point Lonsdale West of 4W","BSC","202122_Point Lonsdale West of 4W_4",235,235,235,2022-02-24,2022-02-24,2022-02-24,"Y","L3","foredune/face","0",0,0,0,0,0,0,0,2,0,0,0,0,0,0,0,2,"1","0","1","0","0","0","1","0",1,-Inf,1,-Inf,"0",1,0,0,0,0
"1957","202122","Nudist Beach (Whites Beach)","BSC","202122_Nudist Beach (Whites Beach)_2",141,154,156,2021-11-22,2021-12-05,2021-12-07,"Y","L3","beach","1",0,0,0.5,0.5,0,0,0,0,0,0,1,1,0,0,0,0,"1","0","1","1","0","0","0","0",1,-Inf,1,-Inf,"0",2,14,1,2,1
"1958","202122","Nudist Beach (Whites Beach)","BSC","202122_Nudist Beach (Whites Beach)_5",202,230,230,2022-01-22,2022-02-19,2022-02-19,"Y","L3","foredune/face","0",3,0,1,0,1,0,0,0,3,0,1,0,1,0,0,0,"1","0","1","0","1","0","0","0",1,-Inf,1,-Inf,"0",1,28,1,0,0
"1959","202122","Collendina Pigfarm","BSC","202122_Collendina Pigfarm_1",114,120,126,2021-10-26,2021-11-01,2021-11-07,"Y","L3","foredune/face","1",2,0,0,0,0,0,0,0,2,0,0,0,0,0,0,0,"1","0","0","0","0","0","0","0",1,-Inf,-Inf,-Inf,"0",1,9,3,6,3
"1960","202122","Point Lonsdale 2W - 3W","BSC","202122_Point Lonsdale 2W - 3W_1",116,124,126,2021-10-28,2021-11-05,2021-11-07,"Y","L3","beach","1",13,0,3,2.5,0.5,0,1,0,23,0,6,5,1,0,2,0,"1","0","1","1","1","1","0","0",2,-Inf,1,-Inf,"0",2,9,2,2,1
"1961","202122","Point Lonsdale 2W - 3W","BSC","202122_Point Lonsdale 2W - 3W_2",134,142,147,2021-11-15,2021-11-23,2021-11-28,"Y","L3","dune","1",19.5,0,2.5,1,1.5,0,3,0,22,0,3,2,2,0,4,0,"1","0","1","1","1","1","0","0",2,-Inf,2,-Inf,"0",2,10.5,2,5,2.5
"1962","202122","Point Lonsdale 2W - 3W","BSC","202122_Point Lonsdale 2W - 3W_4",180,208,209,2021-12-31,2022-01-28,2022-01-29,"Y","L3","dune","1",0.5,0,0.5,0,0.5,0,0,2,1,0,1,0,1,0,0,4,"1","0","1","0","1","0","1","0",3,-Inf,-Inf,-Inf,"0",2,28.5,2,1,0.5
"1963","202122","Point Lonsdale 2W - 3W","BSC","202122_Point Lonsdale 2W - 3W_5",228,229,230,2022-02-17,2022-02-18,2022-02-19,"Y","L3","foredune/face","1",2,0,0,0,0,0,1,0,2,0,0,0,0,0,1,0,"1","0","0","0","0","1","0","0",1,-Inf,-Inf,-Inf,"0",1,1.5,1,1,0.5
"1964","202122","18W Raafs Beach OG Spit","BSC","202122_18W Raafs Beach OG Spit_2",137,168,168,2021-11-18,2021-12-19,2021-12-19,"Y","L3","foredune/face","0",4,0,0,0,0,0,0,6,4,0,0,0,0,0,0,6,"1","0","0","0","0","0","1","0",1,-Inf,-Inf,-Inf,"0",1,31,1,0,0
"1965","202122","Fairhaven","BSC","202122_Fairhaven_1",74,79,84,2021-09-16,2021-09-21,2021-09-26,"Y","L3","dune","1",0.5,0,0,0,0,0,0,0.5,1,0,0,0,0,0,0,1,"1","0","1","0","0","0","1","0",-Inf,-Inf,1,-Inf,"0",2,7.5,6,5,2.5
"1966","202122","Fairhaven","BSC","202122_Fairhaven_2",92,92,128,2021-10-04,2021-10-04,2021-11-09,"Y","L3","dune","1",6,0,2,0,2,0,0,0,10,0,3,0,3,0,0,0,"1","0","1","0","1","0","0","0",2,-Inf,2,-Inf,"0",2,18,11,36,18
"1967","202122","Fairhaven","BSC","202122_Fairhaven_3",154,155,169,2021-12-05,2021-12-06,2021-12-20,"N","L0","dune","1",5.5,0,4,2,2,0,2,0,7,0,4,2,2,0,2,0,"1","0","1","1","1","1","0","0",2,-Inf,1,-Inf,"0",2,8,5,14,7
"1968","202122","Fairhaven","BSC","202122_Fairhaven_4",170,170,171,2021-12-21,2021-12-21,2021-12-22,"N","L0","beach","1",10,0,0,0,0,0,0,1,10,0,0,0,0,0,0,1,"1","0","1","0","0","0","1","0",1,-Inf,1,-Inf,"0",1,0.5,2,1,0.5
"1969","202122","Fairhaven","BSC","202122_Fairhaven_5",184,184,187,2022-01-04,2022-01-04,2022-01-07,"N","L0","beach","1",21,0,5,2,3,0,3,0,21,0,5,2,3,0,3,0,"1","0","1","1","1","1","0","0",3,-Inf,2,-Inf,"0",1,1.5,4,3,1.5
"1970","202122","Point Lonsdale 1W - Lighthouse","BSC","202122_Point Lonsdale 1W - Lighthouse_3",152,170,171,2021-12-03,2021-12-21,2021-12-22,"Y","L3","beach","1",5,0,0,0,0,0,0,1,8,0,0,0,0,0,0,2,"1","0","0","0","0","0","1","0",1,-Inf,-Inf,-Inf,"0",2,18.5,2,1,0.5
"1971","202122","Addiscot Beach","BSC","202122_Addiscot Beach_1",161,170,171,2021-12-12,2021-12-21,2021-12-22,"Y","L3","beach","1",0,0,0,0,0,0,0,0,0,0,0,0,0,0,0,0,"0","0","1","0","0","0","0","0",-Inf,-Inf,1,-Inf,"0",1,9.5,2,1,0.5
"1972","202223","13th Beach 29W-31W","BSC","202223_13th Beach 29W-31W_1",109,116,123,2022-10-21,2022-10-28,2022-11-04,"Y","L3","dune","1",2,0,0,0,0,0,0,0,2,0,0,0,0,0,0,0,"1","0","0","0","0","0","0","0",1,-Inf,-Inf,-Inf,"0",1,10.5,3,7,3.5
"1973","202223","Black Rock","BSC","202223_Black Rock_2",190,216,216,2023-01-10,2023-02-05,2023-02-05,"Y","L3","beach","0",0,0,0,0,0,0,0,30,0,0,0,0,0,0,0,30,"1","0","0","0","0","0","1","0",1,-Inf,-Inf,-Inf,"0",1,26,1,0,0
"1974","202223","Pt Roadknight Tip (95W)","BSC","202223_Pt Roadknight Tip (95W)_1",108,108,115,2022-10-20,2022-10-20,2022-10-27,"Y","L3","dune","1",0.333333333333333,0,0,0,0,0,0,0,1,0,0,0,0,0,0,0,"1","0","1","0","0","0","0","0",1,-Inf,1,-Inf,"0",3,3.5,2,7,3.5
"1975","202223","Pt Roadknight Tip (95W)","BSC","202223_Pt Roadknight Tip (95W)_2",206,210,210,2023-01-26,2023-01-30,2023-01-30,"Y","L3","dune","0",0,0,0,0,0,0,0,0,0,0,0,0,0,0,0,0,"1","0","1","0","0","0","0","0",2,-Inf,1,-Inf,"0",1,4,0,0,0
"1976","202223","Pt Roadknight Tip (95W)","BSC","202223_Pt Roadknight Tip (95W)_3",238,248,253,2023-02-27,2023-03-09,2023-03-14,"Y","L3","dune","1",0,0,0,0,0,0,0,0,0,0,0,0,0,0,0,0,"1","0","1","0","0","0","0","0",2,-Inf,1,-Inf,"0",1,12.5,3,5,2.5
"1977","202223","50W to Pt Impossible","BSC","202223_50W to Pt Impossible_1",158,166,167,2022-12-09,2022-12-17,2022-12-18,"Y","L3","beach","1",0,0,0,0,0,0,0,40,0,0,0,0,0,0,0,40,"1","0","1","0","0","0","1","0",2,-Inf,2,-Inf,"0",1,8.5,2,1,0.5
"1978","202223","Nudist Beach (Pt Imp)","BSC","202223_Nudist Beach (Pt Imp)_1",141,141,141,2022-11-22,2022-11-22,2022-11-22,"N","L0","foredune/face","1",0,0,0,0,0,0,0,2,0,0,0,0,0,0,0,2,"1","0","1","0","0","0","1","0",1,-Inf,1,-Inf,"1",1,0,0,0,0
"1979","202223","Nudist Beach (Pt Imp)","BSC","202223_Nudist Beach (Pt Imp)_2",192,205,205,2023-01-12,2023-01-25,2023-01-25,"Y","L3","beach","0",3,0,3,0,3,0,2,0,3,0,3,0,3,0,2,0,"1","0","1","0","1","1","0","0",1,-Inf,1,-Inf,"0",1,13,1,0,0
"1980","202223","5W Collendina","BSC","202223_5W Collendina_2",170,170,171,2022-12-21,2022-12-21,2022-12-22,"N","L1","dune","1",0,0,0,0,0,0,3.5,0,0,0,0,0,0,0,7,0,"0","0","0","0","0","1","0","0",-Inf,-Inf,-Inf,-Inf,"0",2,0.5,2,1,0.5
"1981","202223","98W - Twelfth Avenue","BSC","202223_98W - Twelfth Avenue_1",141,142,144,2022-11-22,2022-11-23,2022-11-25,"Y","L2","dune","1",1,0,1,0,1,0,0,0,1,0,1,0,1,0,0,0,"1","0","1","0","1","0","0","0",1,-Inf,-Inf,-Inf,"0",1,2,0,2,1
"1982","202223","98W - Twelfth Avenue","BSC","202223_98W - Twelfth Avenue_2",154,169,176,2022-12-05,2022-12-20,2022-12-27,"Y","L3","foredune/face","1",0,0,0,0,0,0,5,0,0,0,0,0,0,0,5,0,"0","0","0","0","0","1","0","0",-Inf,-Inf,-Inf,-Inf,"0",1,18.5,7,7,3.5
"1983","202223","98W - Twelfth Avenue","BSC","202223_98W - Twelfth Avenue_3",189,210,214,2023-01-09,2023-01-30,2023-02-03,"Y","L3","beach","1",1,0,0,0,0,0,0,14,1,0,0,0,0,0,0,14,"1","0","1","0","0","0","1","0",1,-Inf,1,-Inf,"0",1,23,0,4,2
"1984","202223","98W - Twelfth Avenue","BSC","202223_98W - Twelfth Avenue_4",224,245,248,2023-02-13,2023-03-06,2023-03-09,"Y","L3","foredune/face","1",0,0,0,0,0,0,0,0,0,0,0,0,0,0,0,0,"1","0","1","0","0","0","0","0",2,-Inf,1,-Inf,"0",1,22.5,0,3,1.5
"1985","202223","Aireys Inlet","BSC","202223_Aireys Inlet_2",74,92,95,2022-09-16,2022-10-04,2022-10-07,"Y","L3","beach","1",1,0,1,0,1,0,0,0,1,0,1,0,1,0,0,0,"1","0","1","0","1","0","0","0",-Inf,-Inf,-Inf,-Inf,"0",1,19.5,0,3,1.5
"1986","202223","Aireys Inlet","BSC","202223_Aireys Inlet_3",109,109,113,2022-10-21,2022-10-21,2022-10-25,"Y","L3","dune","1",2,0,2,0,2,0,0,0,2,0,2,0,2,0,0,0,"1","0","1","0","1","0","0","0",2,-Inf,2,-Inf,"1",1,2,2,4,2
"1987","202223","Aireys Inlet","BSC","202223_Aireys Inlet_4",119,125,133,2022-10-31,2022-11-06,2022-11-14,"Y","L3","dune","1",0,0,0,0,0,0,6,0,0,0,0,0,0,0,6,0,"0","0","0","0","0","1","0","0",-Inf,-Inf,-Inf,-Inf,"1",1,10,3,8,4
"1988","202223","Aireys Inlet","BSC","202223_Aireys Inlet_5",152,154,165,2022-12-03,2022-12-05,2022-12-16,"Y","L3","dune","1",0.5,0,0,0,0,0,5.5,0,1,0,0,0,0,0,7,0,"1","0","1","0","0","1","0","0",1,-Inf,1,-Inf,"1",2,7.5,2,11,5.5
"1989","202223","Pt Addis Red Rocks beach","BSC","202223_Pt Addis Red Rocks beach_1",189,216,216,2023-01-09,2023-02-05,2023-02-05,"Y","L4","beach","0",0,0,3,0,3,0,0,0,0,0,3,0,3,0,0,0,"0","0","1","0","1","0","0","0",-Inf,-Inf,-Inf,-Inf,"0",1,27,1,0,0
"1990","202223","Hutt Gully 102W","BSC","202223_Hutt Gully 102W_1",190,221,222,2023-01-10,2023-02-10,2023-02-11,"Y","L3","foredune/face","1",0,0,0,0,0,0,0,0,0,0,0,0,0,0,0,0,"0","0","0","0","0","0","0","0",-Inf,-Inf,-Inf,-Inf,"0",1,31.5,1,1,0.5
"1991","202223","Hutt Gully 102W","BSC","202223_Hutt Gully 102W_2",234,268,273,2023-02-23,2023-03-29,2023-04-03,"Y","L3","dune","1",1,0,1,0,1,0,0,1,1,0,1,0,1,0,0,1,"1","0","1","0","1","0","1","0",-Inf,-Inf,1,-Inf,"0",1,36.5,2,5,2.5
"1992","202223","Moggs Creek","BSC","202223_Moggs Creek_2",160,160,164,2022-12-11,2022-12-11,2022-12-15,"Y","L3","dune","1",1,0,0,0,0,0,0,0,1,0,0,0,0,0,0,0,"1","0","1","0","0","0","0","0",1,-Inf,1,-Inf,"0",1,2,1,4,2
"1993","202223","Point Lonsdale 2W - 3W","BSC","202223_Point Lonsdale 2W - 3W_2",124,141,142,2022-11-05,2022-11-22,2022-11-23,"Y","L3","dune","1",2,0,1,1,0,0,0,0,2,0,1,1,0,0,0,0,"1","0","1","1","0","0","0","0",1,-Inf,-Inf,-Inf,"3",1,17.5,0,1,0.5
"1994","202223","Point Lonsdale 3W - 4W","BSC","202223_Point Lonsdale 3W - 4W_2",169,194,194,2022-12-20,2023-01-14,2023-01-14,"N","L0","dune","0",2,0,3,0,3,0,0,0,2,0,3,0,3,0,0,0,"1","0","1","0","1","0","0","0",3,-Inf,-Inf,-Inf,"0",1,25,1,0,0
"1995","202223","18W Raafs Beach OG Spit","BSC","202223_18W Raafs Beach OG Spit_1",99,115,117,2022-10-11,2022-10-27,2022-10-29,"Y","L3","beach","1",10,0,4,1,3,0,0,0,10,0,4,1,3,0,0,0,"1","0","1","1","1","0","0","0",2,-Inf,2,-Inf,"0",1,17,1,2,1
"1996","202223","18W Raafs Beach OG Spit","BSC","202223_18W Raafs Beach OG Spit_2",133,133,140,2022-11-14,2022-11-14,2022-11-21,"Y","L3","beach","1",6,0,0,0,0,0,0,0,6,0,0,0,0,0,0,0,"1","0","1","0","0","0","0","0",1,-Inf,1,-Inf,"1",1,3.5,2,7,3.5
"1997","202223","18W Raafs Beach OG Spit","BSC","202223_18W Raafs Beach OG Spit_3",155,177,177,2022-12-06,2022-12-28,2022-12-28,"Y","L3","beach","0",8,0,0,0,0,0,0,0,8,0,0,0,0,0,0,0,"1","0","0","0","0","0","0","0",-Inf,-Inf,-Inf,-Inf,"0",1,22,1,0,0
"1998","202223","Fairhaven","BSC","202223_Fairhaven_1",58,58,63,2022-08-31,2022-08-31,2022-09-05,"Y","L3","beach","1",5.5,0,4,1.5,2.5,0,1,0,6,0,5,3,5,0,2,0,"1","0","1","1","1","1","0","0",2,-Inf,1,-Inf,"0",2,2.5,2,5,2.5
"1999","202324","13th Beach 40W-42W","BSC","202324_13th Beach 40W-42W_1",58,69,73,2023-08-31,2023-09-11,2023-09-15,"Y","L3","beach","1",0,0,0,0,0,2,0,0,0,0,0,0,0,2,0,0,"1","0","0","0","0","0","0","1",1,-Inf,-Inf,1,"0",1,13,0,4,2
"2000","202324","13th Beach 40W-42W","BSC","202324_13th Beach 40W-42W_3",139,139,148,2023-11-20,2023-11-20,2023-11-29,"Y","L3","foredune/face","1",0,0,0,0,0,0,0,0,0,0,0,0,0,0,0,0,"0","0","0","0","0","0","0","1",-Inf,-Inf,-Inf,1,"0",1,4.5,2,9,4.5
"2001","202324","Black Rock","BSC","202324_Black Rock_1",189,196,200,2024-01-09,2024-01-16,2024-01-20,"Y","L3","beach","1",1,0,0.5,0.5,0,0,0,27.5,1,0,1,1,0,0,0,50,"1","0","1","1","0","0","1","0",1,-Inf,1,-Inf,"0",2,9,5,4,2
"2002","202324","Pt Roadknight Tip (95W)","BSC","202324_Pt Roadknight Tip (95W)_2",157,163,171,2023-12-08,2023-12-14,2023-12-22,"Y","L3","dune","1",1,0,0,0,0,0,0,0,1,0,0,0,0,0,0,0,"1","0","1","0","0","0","0","0",1,-Inf,3,-Inf,"3",1,10,4,8,4
"2003","202324","Nudist Beach (Pt Imp)","BSC","202324_Nudist Beach (Pt Imp)_1",141,146,147,2023-11-22,2023-11-27,2023-11-28,"Y","L3","foredune/face","1",1,0,0,0,0,0,2,0.5,2,0,0,0,0,0,4,1,"1","0","1","0","0","1","1","0",1,-Inf,1,-Inf,"0",2,5.5,0,1,0.5
"2004","202324","Nudist Beach (Pt Imp)","BSC","202324_Nudist Beach (Pt Imp)_3",207,238,238,2024-01-27,2024-02-27,2024-02-27,"Y","L3","beach","0",8,0,2,0,2,0,0,0,8,0,2,0,2,0,0,0,"1","0","1","0","1","0","0","0",1,-Inf,1,-Inf,"0",1,31,0,0,0
"2005","202324","98W - Twelfth Avenue","BSC","202324_98W - Twelfth Avenue_1",90,90,91,2023-10-02,2023-10-02,2023-10-03,"Y","L3","dune","1",0,0,2,0,2,0,0,0,0,0,2,0,2,0,0,0,"0","0","1","0","1","0","0","0",-Inf,-Inf,-Inf,-Inf,"0",1,0.5,0,1,0.5
"2006","202324","98W - Twelfth Avenue","BSC","202324_98W - Twelfth Avenue_3",192,196,199,2024-01-12,2024-01-16,2024-01-19,"Y","L3","foredune/face","1",4,0,2,1,1,0,1,7,4,0,2,1,1,0,1,7,"1","0","1","1","1","1","1","0",2,-Inf,-Inf,-Inf,"1",1,5.5,4,3,1.5
"2007","202324","98W - Twelfth Avenue","BSC","202324_98W - Twelfth Avenue_4",207,207,225,2024-01-27,2024-01-27,2024-02-14,"Y","L3","foredune/face","1",1.33333333333333,0,3.66666666666667,0,3.66666666666667,0,0,1.33333333333333,2,0,6,0,6,0,0,4,"1","0","1","0","1","0","1","0",2,-Inf,2,-Inf,"1",3,9,7,18,9
"2008","202324","Aireys Inlet","BSC","202324_Aireys Inlet_1",34,35,37,2023-08-07,2023-08-08,2023-08-10,"Y","L3","foredune/face","1",5,0,1,0,1,0,0,0,5,0,1,0,1,0,0,0,"1","0","1","0","1","0","0","0",1,-Inf,1,-Inf,"0",1,2,0,2,1
"2009","202324","Aireys Inlet","BSC","202324_Aireys Inlet_2",116,140,145,2023-10-28,2023-11-21,2023-11-26,"Y","L2","dune","1",0,0,0,0,0,0,0,0,0,0,0,0,0,0,0,0,"1","0","1","0","0","0","0","0",2,-Inf,2,-Inf,"1",2,26.5,2,5,2.5
"2010","202324","Pt Addis Red Rocks beach","BSC","202324_Pt Addis Red Rocks beach_1",85,108,109,2023-09-27,2023-10-20,2023-10-21,"Y","L3","beach","1",2,0,0,0,0,0,0.5,0,4,0,0,0,0,0,1,0,"1","0","1","0","0","1","0","0",2,-Inf,2,-Inf,"0",2,23.5,1,1,0.5
"2011","202324","Pt Addis Red Rocks beach","BSC","202324_Pt Addis Red Rocks beach_2",138,140,144,2023-11-19,2023-11-21,2023-11-25,"Y","L3","beach","1",1,0,1,1,0,0,5,0,2,0,2,2,0,0,6,0,"1","0","1","1","0","1","0","0",1,-Inf,-Inf,-Inf,"0",2,4,1,4,2
"2012","202324","Pt Addis Red Rocks beach","BSC","202324_Pt Addis Red Rocks beach_3",155,167,173,2023-12-06,2023-12-18,2023-12-24,"Y","L3","beach","1",23,0,1,1,0,0,0,0,23,0,1,1,0,0,0,0,"1","0","1","1","0","0","0","0",3,-Inf,-Inf,-Inf,"0",1,15,4,6,3
"2013","202324","Pt Addis Red Rocks beach","BSC","202324_Pt Addis Red Rocks beach_4",185,189,199,2024-01-05,2024-01-09,2024-01-19,"Y","L3","beach","1",7.5,0,0,0,0,0,0.5,1,15,0,0,0,0,0,1,2,"1","0","0","0","0","1","1","0",2,-Inf,-Inf,-Inf,"0",2,9,11,10,5
"2014","202324","Pt Addis Red Rocks beach","BSC","202324_Pt Addis Red Rocks beach_5",208,213,216,2024-01-28,2024-02-02,2024-02-05,"Y","L3","beach","1",0,0,0,0,0,0,0,0,0,0,0,0,0,0,0,0,"1","0","1","0","0","0","0","0",1,-Inf,1,-Inf,"1",1,6.5,2,3,1.5
"2015","202324","8W Ocean Grove","BSC","202324_8W Ocean Grove_1",209,218,223,2024-01-29,2024-02-07,2024-02-12,"Y","L3","dune","1",7,0,6,0,6,0,0,0,8,0,6,0,6,0,0,0,"1","0","1","0","1","0","0","0",2,-Inf,2,-Inf,"1",2,11.5,2,5,2.5
"2016","202324","Moggs Creek","BSC","202324_Moggs Creek_2",86,86,87,2023-09-28,2023-09-28,2023-09-29,"Y","L3","foredune/face","1",10,0,2.5,1,1.5,0,0,2.5,18,0,3,2,3,0,0,5,"1","0","1","1","1","0","1","0",3,-Inf,2,-Inf,"1",2,0.5,2,1,0.5
"2017","202324","Moggs Creek","BSC","202324_Moggs Creek_3",119,120,120,2023-10-31,2023-11-01,2023-11-01,"Y","L3","beach","1",0,0,0,0,0,0,5,0,0,0,0,0,0,0,5,0,"0","0","0","0","0","1","0","0",-Inf,-Inf,-Inf,-Inf,"0",1,1,0,0,0
"2018","202324","Collendina Pigfarm","BSC","202324_Collendina Pigfarm_2",205,229,236,2024-01-25,2024-02-18,2024-02-25,"Y","L2","beach","1",3.5,0,3.5,1,2.5,0,0,0,4,0,4,2,4,0,0,0,"1","0","1","1","1","0","0","0",-Inf,-Inf,-Inf,-Inf,"0",2,27.5,3,7,3.5
"2019","202324","Point Lonsdale Rhino Rock","BSC","202324_Point Lonsdale Rhino Rock_1",59,67,72,2023-09-01,2023-09-09,2023-09-14,"Y","L2","beach","1",2,0,0,0,0,0,0,0,2,0,0,0,0,0,0,0,"1","0","1","0","0","0","0","0",1,-Inf,1,-Inf,"0",1,10.5,2,5,2.5
"2020","202324","Point Lonsdale Rhino Rock","BSC","202324_Point Lonsdale Rhino Rock_2",98,99,104,2023-10-10,2023-10-11,2023-10-16,"Y","L2","beach","1",1,0,1,0,1,0,0,0,1,0,1,0,1,0,0,0,"1","0","1","0","1","0","0","0",-Inf,-Inf,-Inf,-Inf,"0",1,3.5,2,5,2.5
"2021","202324","Point Lonsdale 2W - 3W","BSC","202324_Point Lonsdale 2W - 3W_1",124,158,158,2023-11-05,2023-12-09,2023-12-09,"Y","L3","foredune/face","0",1,0,1,1,0,0,0,1,1,0,1,1,0,0,0,1,"1","0","1","1","0","0","1","0",1,-Inf,1,-Inf,"0",1,34,1,0,0
"2022","202324","Point Lonsdale 3W - 4W","BSC","202324_Point Lonsdale 3W - 4W_1",155,185,185,2023-12-06,2024-01-05,2024-01-05,"Y","L3","beach","0",6,0,0,0,0,0,0,0,6,0,0,0,0,0,0,0,"1","0","0","0","0","0","0","0",-Inf,-Inf,-Inf,-Inf,"0",1,30,1,0,0
"2023","202324","18W Raafs Beach OG Spit","BSC","202324_18W Raafs Beach OG Spit_1",124,127,129,2023-11-05,2023-11-08,2023-11-10,"Y","L3","foredune/face","1",12,0,3.5,1.5,2,0,0,0,21,0,5,2,4,0,0,0,"1","0","1","1","1","0","0","0",3,-Inf,2,-Inf,"0",2,4,0,2,1
"2024","202324","18W Raafs Beach OG Spit","BSC","202324_18W Raafs Beach OG Spit_3",157,188,188,2023-12-08,2024-01-08,2024-01-08,"Y","L3","beach","0",1,0,0,0,0,0,0,0,1,0,0,0,0,0,0,0,"1","0","0","0","0","0","0","0",3,-Inf,-Inf,-Inf,"0",1,31,1,0,0
"2025","202324","10W - 11W Ocean Grove","BSC","202324_10W - 11W Ocean Grove_1",133,145,146,2023-11-14,2023-11-26,2023-11-27,"Y","L3","dune","1",12,0,10,5,5,0,0,0,12,0,10,5,5,0,0,0,"1","0","1","1","1","0","0","0",2,-Inf,3,-Inf,"0",1,12.5,1,1,0.5
"2026","202324","10W - 11W Ocean Grove","BSC","202324_10W - 11W Ocean Grove_2",160,160,167,2023-12-11,2023-12-11,2023-12-18,"Y","L3","dune","1",5,0,5,0,5,0,0,0,5,0,5,0,5,0,0,0,"1","0","1","0","1","0","0","0",-Inf,-Inf,-Inf,-Inf,"0",1,3.5,2,7,3.5
"2027","202324","10W - 11W Ocean Grove","BSC","202324_10W - 11W Ocean Grove_3",180,194,199,2023-12-31,2024-01-14,2024-01-19,"Y","L3","foredune/face","1",9,0,4,0,4,0,0,0,14,0,6,0,6,0,0,0,"1","0","1","0","1","0","0","0",3,-Inf,3,-Inf,"0",2,16.5,6,5,2.5
"2028","202324","97W - Melba Parade","BSC","202324_97W - Melba Parade_1",141,160,163,2023-11-22,2023-12-11,2023-12-14,"Y","L3","foredune/face","1",0,0,0,0,0,0,0,0,0,0,0,0,0,0,0,0,"1","0","0","0","0","0","0","0",1,-Inf,-Inf,-Inf,"0",1,20.5,0,3,1.5
"2029","202324","Urquhart Bluff","BSC","202324_Urquhart Bluff_3",208,244,248,2024-01-28,2024-03-04,2024-03-08,"Y","L3","beach","1",2,0,2.5,0,2.5,0,0,0,4,0,3,0,3,0,0,0,"1","0","1","0","1","0","0","0",1,-Inf,2,-Inf,"0",2,38,0,4,2
"2030","202425","13th Beach 29W-31W","BSC","202425_13th Beach 29W-31W_2",141,160,166,2024-11-22,2024-12-11,2024-12-17,"Y","L3","dune","1",0,0,0,0,0,0,0,0,0,0,0,0,0,0,0,0,"0","0","0","0","0","0","0","0",-Inf,-Inf,-Inf,-Inf,"0",1,22,2,6,3
"2031","202425","13th Beach 40W-42W","BSC","202425_13th Beach 40W-42W_1",133,153,165,2024-11-14,2024-12-04,2024-12-16,"Y","L3","beach","1",0,0,4,0,4,0,0,0,0,0,4,0,4,0,0,0,"0","0","1","0","1","0","0","0",-Inf,-Inf,-Inf,-Inf,"0",1,26,4,12,6
"2032","202425","Pt Roadknight Tip (95W)","BSC","202425_Pt Roadknight Tip (95W)_1",51,82,82,2024-08-24,2024-09-24,2024-09-24,"Y","L3","dune","0",0,0,0,0,0,0,2,0,0,0,0,0,0,0,2,0,"0","0","0","0","0","1","0","0",-Inf,-Inf,-Inf,-Inf,"0",1,31,1,0,0
"2033","202425","Pt Roadknight Tip (95W)","BSC","202425_Pt Roadknight Tip (95W)_2",144,161,161,2024-11-25,2024-12-12,2024-12-12,"Y","L3","dune","0",0,0,0,0,0,0,0,6,0,0,0,0,0,0,0,6,"1","0","0","0","0","0","1","0",2,-Inf,-Inf,-Inf,"0",1,17,0,0,0
"2034","202425","Pt Roadknight West Beach (96W)","BSC","202425_Pt Roadknight West Beach (96W)_1",160,161,165,2024-12-11,2024-12-12,2024-12-16,"Y","L3","beach","1",0,0,0,0,0,0,0,1.5,0,0,0,0,0,0,0,3,"1","0","0","0","0","0","1","0",1,-Inf,-Inf,-Inf,"0",2,3,2,4,2
"2035","202425","Pt Roadknight West Beach (96W)","BSC","202425_Pt Roadknight West Beach (96W)_2",171,201,201,2024-12-22,2025-01-21,2025-01-21,"Y","L3","foredune/face","0",0,0,0,0,0,0,0,0,0,0,0,0,0,0,0,0,"1","0","1","0","0","0","0","0",1,-Inf,1,-Inf,"0",1,30,0,0,0
"2036","202425","Nudist Beach (Pt Imp)","BSC","202425_Nudist Beach (Pt Imp)_1",201,225,225,2025-01-21,2025-02-14,2025-02-14,"Y","L3","beach","0",2,0,0,0,0,0,0,73,2,0,0,0,0,0,0,73,"1","0","1","0","0","0","1","0",1,-Inf,1,-Inf,"0",1,24,0,0,0
"2037","202425","5W Collendina","BSC","202425_5W Collendina_1",103,109,112,2024-10-15,2024-10-21,2024-10-24,"Y","L3","beach","1",0,0,0,0,0,0,0,0,0,0,0,0,0,0,0,0,"0","0","0","0","0","0","0","0",-Inf,-Inf,-Inf,-Inf,"0",1,7.5,0,3,1.5
"2038","202425","5W Collendina","BSC","202425_5W Collendina_2",124,130,135,2024-11-05,2024-11-11,2024-11-16,"Y","L3","beach","1",6,0,2,1,1,0,6,5,6,0,2,1,1,0,6,5,"1","0","1","1","1","1","1","0",1,-Inf,1,-Inf,"0",1,8.5,1,5,2.5
"2039","202425","Aireys Inlet","BSC","202425_Aireys Inlet_2",111,112,115,2024-10-23,2024-10-24,2024-10-27,"Y","L2","foredune/face","1",1,0,0.5,0,0.5,0,0,2,2,0,1,0,1,0,0,4,"1","0","1","0","1","0","1","0",1,-Inf,1,-Inf,"1",2,2.5,2,3,1.5
"2040","202425","Aireys Inlet","BSC","202425_Aireys Inlet_4",145,147,149,2024-11-26,2024-11-28,2024-11-30,"Y","L3","beach","1",2,0,2,1,1,0,0,0,2,0,2,1,1,0,0,0,"1","0","1","1","1","0","0","0",1,-Inf,1,-Inf,"0",1,3,1,2,1
"2041","202425","Aireys Inlet","BSC","202425_Aireys Inlet_5",156,181,181,2024-12-07,2025-01-01,2025-01-01,"Y","L3","beach","0",6,0,5,3,2,0,0,0,6,0,5,3,2,0,0,0,"1","0","1","1","1","0","0","0",-Inf,-Inf,-Inf,-Inf,"0",1,25,0,0,0
"2042","202425","Aireys Inlet","BSC","202425_Aireys Inlet_6",201,227,227,2025-01-21,2025-02-16,2025-02-16,"Y","L3","dune","0",0,0,0,0,0,0,2,0,0,0,0,0,0,0,2,0,"0","0","0","0","0","1","0","0",-Inf,-Inf,-Inf,-Inf,"0",1,26,1,0,0
"2043","202425","Pt Addis Red Rocks beach","BSC","202425_Pt Addis Red Rocks beach_1",140,170,170,2024-11-21,2024-12-21,2024-12-21,"Y","L3","beach","0",0,0,0,0,0,0,8,0,0,0,0,0,0,0,8,0,"0","0","0","0","0","1","0","0",-Inf,-Inf,-Inf,-Inf,"0",1,30,1,0,0
"2044","202425","Nudist Beach (Whites Beach)","BSC","202425_Nudist Beach (Whites Beach)_1",160,161,164,2024-12-11,2024-12-12,2024-12-15,"Y","L3","beach","1",5.5,0,0.5,0,0.5,0,0,0.5,6,0,1,0,1,0,0,1,"1","0","1","0","1","0","1","0",1,-Inf,1,-Inf,"0",2,2.5,2,3,1.5
"2045","202425","Point Lonsdale Rhino Rock","BSC","202425_Point Lonsdale Rhino Rock_1",107,109,121,2024-10-19,2024-10-21,2024-11-02,"Y","L2","beach","1",0,0,0,0,0,0,0,0,0,0,0,0,0,0,0,0,"0","0","0","0","0","0","0","0",-Inf,-Inf,-Inf,-Inf,"0",1,8,3,12,6
"2046","202425","Point Lonsdale Rhino Rock","BSC","202425_Point Lonsdale Rhino Rock_2",121,127,136,2024-11-02,2024-11-08,2024-11-17,"Y","L3","beach","1",2,0,0,0,0,0,3,6,2,0,0,0,0,0,3,6,"1","0","1","0","0","1","1","0",1,-Inf,2,-Inf,"1",1,10.5,4,9,4.5
"2047","202425","Point Lonsdale Rhino Rock","BSC","202425_Point Lonsdale Rhino Rock_3",140,144,162,2024-11-21,2024-11-25,2024-12-13,"Y","L2","beach","1",1.5,0,1.5,1,0.5,0,0,0,2,0,2,2,1,0,0,0,"1","0","1","1","1","0","0","0",1,-Inf,1,-Inf,"0",2,13,4,18,9
"2048","202425","Point Lonsdale 3W - 4W","BSC","202425_Point Lonsdale 3W - 4W_1",138,169,169,2024-11-19,2024-12-20,2024-12-20,"Y","L3","beach","0",21,0,2,2,0,0,0,3,21,0,2,2,0,0,0,3,"1","0","1","1","0","0","1","0",2,-Inf,1,-Inf,"0",1,31,0,0,0
"2049","202425","Fairhaven","BSC","202425_Fairhaven_3",123,137,139,2024-11-04,2024-11-18,2024-11-20,"Y","L3","beach","1",0,0,0,0,0,0,4,0,0,0,0,0,0,0,6,0,"0","0","0","0","0","1","0","0",-Inf,-Inf,-Inf,-Inf,"0",2,15,0,2,1
"2050","202425","97W - Melba Parade","BSC","202425_97W - Melba Parade_1",121,123,127,2024-11-02,2024-11-04,2024-11-08,"Y","L3","dune","1",0,0,0,0,0,0,0,0,0,0,0,0,0,0,0,0,"0","0","0","0","0","0","0","0",-Inf,-Inf,-Inf,-Inf,"0",1,4,1,4,2
"2051","202425","97W - Melba Parade","BSC","202425_97W - Melba Parade_2",195,214,218,2025-01-15,2025-02-03,2025-02-07,"Y","L3","foredune/face","1",2,0,0,0,0,0,0,0,4,0,0,0,0,0,0,0,"1","0","1","0","0","0","0","0",1,-Inf,1,-Inf,"0",2,21,0,4,2
"2052","202425","Erskine Estuary Lorne","BSC","202425_Erskine Estuary Lorne_2",148,155,158,2024-11-29,2024-12-06,2024-12-09,"Y","L3","foredune/face","1",5,0,3,0.5,2.5,0,0,0,7,0,5,1,5,0,0,0,"1","0","1","1","1","0","0","0",1,-Inf,1,-Inf,"0",2,8.5,2,3,1.5
"2053","202425","Erskine Estuary Lorne","BSC","202425_Erskine Estuary Lorne_3",166,169,172,2024-12-17,2024-12-20,2024-12-23,"Y","L3","foredune/face","1",30,0,5.5,1,4.5,0,0,5,31,0,11,2,9,0,0,9,"1","0","1","1","1","0","1","0",2,-Inf,2,-Inf,"0",2,4.5,2,3,1.5
"2054","202425","18W - 20W Raafs Beach OG Spit","BSC","202425_18W - 20W Raafs Beach OG Spit_1",125,130,135,2024-11-06,2024-11-11,2024-11-16,"Y","L3","dune","1",33,0,6,1,5,0,0,0,33,0,6,1,5,0,0,0,"1","0","1","1","1","0","0","0",-Inf,-Inf,3,-Inf,"0",1,7.5,1,5,2.5
"2055","202425","The Corner to The Hole","BSC","202425_The Corner to The Hole_2",178,193,193,2024-12-29,2025-01-13,2025-01-13,"Y","L3","beach","0",1,0,1,0,1,0,0,0,1,0,1,0,1,0,0,0,"1","0","1","0","1","0","0","0",1,-Inf,1,-Inf,"0",1,15,0,0,0
"2056","201213","Anzacs east","PI","201213_Anzacs east_1",132,140,142,2012-11-13,2012-11-21,2012-11-23,"Y","L3","beach","1",1,0,0,0,0,0,0,0,2,0,0,0,0,0,0,0,"1","0","0","0","0","0","0","0",2,-Inf,-Inf,-Inf,"0",2,9,0,2,1
"2057","201213","Berrys Beach west","PI","201213_Berrys Beach west_1",178,195,203,2012-12-29,2013-01-15,2013-01-23,"N","L0","beach","1",49,0,0,0,0,0,4,1,49,0,0,0,0,0,4,1,"1","0","0","0","0","1","1","0",3,-Inf,-Inf,-Inf,"0",1,21,9,8,4
"2058","201213","Cleeland Road north","PI","201213_Cleeland Road north_1",183,183,184,2013-01-03,2013-01-03,2013-01-04,"N","L0","dune","1",8,0,3.5,0.5,3,0,0,0,10,0,5,1,4,0,0,0,"1","0","1","1","1","0","0","0",2,-Inf,-Inf,-Inf,"0",2,0.5,2,1,0.5
"2059","201213","Cowrie Beach east","PI","201213_Cowrie Beach east_1",183,195,203,2013-01-03,2013-01-15,2013-01-23,"N","L1","foredune/face","1",0,0,0,0,0,0,0,3,0,0,0,0,0,0,0,3,"1","0","0","0","0","0","1","0",1,-Inf,-Inf,-Inf,"0",1,16,9,8,4
"2060","201213","Elizabeth Cove","PI","201213_Elizabeth Cove_2",177,195,195,2012-12-28,2013-01-15,2013-01-15,"Y","L3","foredune/face","0",4,0,0,0,0,0,0,0,4,0,0,0,0,0,0,0,"1","0","0","0","0","0","0","0",2,-Inf,-Inf,-Inf,"0",1,18,1,0,0
"2061","201213","Farm Beach","PI","201213_Farm Beach_2",177,177,182,2012-12-28,2012-12-28,2013-01-02,"N","L1","foredune/face","1",0,0,0,0,0,0,0,2,0,0,0,0,0,0,0,2,"1","0","0","0","0","0","1","0",1,-Inf,-Inf,-Inf,"0",1,2.5,6,5,2.5
"2062","201213","Flynns Reef","PI","201213_Flynns Reef_1",90,98,112,2012-10-02,2012-10-10,2012-10-24,"N","L1","beach","1",0,0,2,0,2,0,0,0,0,0,2,0,2,0,0,0,"0","0","1","0","1","0","0","0",-Inf,-Inf,-Inf,-Inf,"0",1,15,4,14,7
"2063","201213","Forrest Caves east","PI","201213_Forrest Caves east_3",209,209,215,2013-01-29,2013-01-29,2013-02-04,"N","L0","foredune/face","1",0,0,0,0,0,0,8.5,3,0,0,0,0,0,0,15,6,"1","0","0","0","0","1","1","0",1,-Inf,-Inf,-Inf,"0",2,3,2,6,3
"2064","201213","Magiclands","PI","201213_Magiclands_1",163,180,187,2012-12-14,2012-12-31,2013-01-07,"Y","L3","foredune/face","1",8,0,0,0,0,0,0,6,8,0,0,0,0,0,0,6,"1","0","0","0","0","0","1","0",2,-Inf,-Inf,-Inf,"0",1,20.5,8,7,3.5
"2065","201213","Magiclands","PI","201213_Magiclands_2",207,207,210,2013-01-27,2013-01-27,2013-01-30,"N","L0","beach","1",3.5,0,0,0,0,0,1,17.5,7,0,0,0,0,0,2,32,"1","0","0","0","0","1","1","0",2,-Inf,-Inf,-Inf,"0",2,1.5,2,3,1.5
"2066","201213","Red Rocks","PI","201213_Red Rocks_1",103,118,121,2012-10-15,2012-10-30,2012-11-02,"Y","L4","beach","1",3,0,0,0,0,0,3,4,3,0,0,0,0,0,3,4,"1","0","0","0","0","1","1","0",2,-Inf,-Inf,-Inf,"0",1,16.5,0,3,1.5
"2067","201213","Red Rocks","PI","201213_Red Rocks_2",135,139,142,2012-11-16,2012-11-20,2012-11-23,"Y","L4","beach","1",6,0,1,1,0,0,0,1,6,0,1,1,0,0,0,1,"1","0","1","1","0","0","1","0",3,-Inf,-Inf,-Inf,"0",1,5.5,0,3,1.5
"2068","201213","Summerland Beach east","PI","201213_Summerland east_1",89,93,98,2012-10-01,2012-10-05,2012-10-10,"N","L0","beach","1",4,0,0,0,0,0,0,0,4,0,0,0,0,0,0,0,"1","0","0","0","0","0","0","0",1,-Inf,-Inf,-Inf,"0",1,6.5,3,5,2.5
"2069","201213","Woolamai SLSC west","PI","201213_Woolamai SLSC west_1",177,187,194,2012-12-28,2013-01-07,2013-01-14,"Y","L3","dune","1",3,0,0,0,0,0,0,4,3,0,0,0,0,0,0,4,"1","0","0","0","0","0","1","0",2,-Inf,-Inf,-Inf,"0",1,13.5,8,7,3.5
"2070","201314","Berrys Beach centre","PI","201314_Berrys Beach centre_1",179,180,186,2013-12-30,2013-12-31,2014-01-06,"Y","L3","beach","1",7,0,0,0,0,0,2,0,7,0,0,0,0,0,2,0,"1","0","0","0","0","1","0","0",1,-Inf,-Inf,-Inf,"0",1,4,7,6,3
"2071","201314","Elizabeth Cove","PI","201314_Elizabeth Cove_2",204,204,204,2014-01-24,2014-01-24,2014-01-24,"N","L0","beach","0",3,0,3,2,1,0,0,0,3,0,3,2,1,0,0,0,"1","0","1","1","1","0","0","0",2,-Inf,1,-Inf,"0",1,0,1,0,0
"2072","201314","Flynns Reef","PI","201314_Flynns Reef_2",197,197,209,2014-01-17,2014-01-17,2014-01-29,"N","L1","foredune/face","1",2,0,0,0,0,0,0,0,2,0,0,0,0,0,0,0,"1","0","0","0","0","0","0","0",2,-Inf,-Inf,-Inf,"0",1,6,11,12,6
"2073","201314","Woolamai SLSC west","PI","201314_Woolamai SLSC west_1",155,155,169,2013-12-06,2013-12-06,2013-12-20,"Y","L2","foredune/face","1",0,0,0,0,0,0,0,0.5,0,0,0,0,0,0,0,1,"1","0","1","0","0","0","1","0",2,-Inf,1,-Inf,"0",2,7,4,14,7
"2074","201314","Woolshed Bight centre","PI","201314_Woolshed Bight centre_1",134,139,139,2013-11-15,2013-11-20,2013-11-20,"N","L1","foredune/face","0",0,0,0,0,0,0,0,3,0,0,0,0,0,0,0,3,"0","0","0","0","0","0","1","0",-Inf,-Inf,-Inf,-Inf,"0",1,5,0,0,0
"2075","201314","Forrest Caves west","PI","201314_Forrest Caves west_1",141,144,148,2013-11-22,2013-11-25,2013-11-29,"Y","L3","beach","1",0.5,0,0,0,0,0,2.5,0.5,1,0,0,0,0,0,3,1,"1","0","0","0","0","1","1","0",1,-Inf,-Inf,-Inf,"0",2,5,0,4,2
"2076","201415","Anzacs west","PI","201415_Anzacs west_1",215,241,241,2015-02-04,2015-03-02,2015-03-02,"Y","L3","foredune/face","0",2,0,1,1,0,0,0,1,2,0,1,1,0,0,0,1,"1","0","1","1","0","0","1","0",1,-Inf,-Inf,-Inf,"0",1,26,0,0,0
"2077","201415","Berrys Beach centre","PI","201415_Berrys Beach centre_2",228,230,244,2015-02-17,2015-02-19,2015-03-05,"Y","L3","foredune/face","1",0,0,0,0,0,0,0,2.5,0,0,0,0,0,0,0,5,"1","0","0","0","0","0","1","0",1,-Inf,-Inf,-Inf,"0",2,9,4,14,7
"2078","201415","Elizabeth Cove","PI","201415_Elizabeth Cove_1",71,89,98,2014-09-13,2014-10-01,2014-10-10,"Y","L3","foredune/face","1",0,0,0,0,0,0,0.5,0,0,0,0,0,0,0,1,0,"1","0","1","0","0","1","0","0",2,-Inf,2,-Inf,"0",2,22.5,7,9,4.5
"2079","201415","Elizabeth Cove","PI","201415_Elizabeth Cove_2",133,145,145,2014-11-14,2014-11-26,2014-11-26,"Y","L3","beach","0",0,0,0,0,0,0,0,0,0,0,0,0,0,0,0,0,"1","0","1","0","0","0","0","0",1,-Inf,1,-Inf,"0",1,12,0,0,0
"2080","201415","Flynns Reef","PI","201415_Flynns Reef_3",229,229,244,2015-02-18,2015-02-18,2015-03-05,"N","L1","beach","1",0,0,0,0,0,0,0,0,0,0,0,0,0,0,0,0,"1","0","0","0","0","0","0","0",1,-Inf,-Inf,-Inf,"0",2,7.5,4,15,7.5
"2081","201415","Forrest Caves east","PI","201415_Forrest Caves east_1",164,179,182,2014-12-15,2014-12-30,2015-01-02,"Y","L3","beach","1",8,0,0,0,0,0,0,6.5,11,0,0,0,0,0,0,13,"1","0","0","0","0","0","1","0",2,-Inf,-Inf,-Inf,"0",2,16.5,4,3,1.5
"2082","201415","Magiclands","PI","201415_Magiclands_1",158,161,179,2014-12-09,2014-12-12,2014-12-30,"Y","L3","foredune/face","1",10,0,0,0,0,0,0,0,12,0,0,0,0,0,0,0,"1","0","1","0","0","0","0","0",2,-Inf,1,-Inf,"0",2,12,13,18,9
"2083","201415","Magiclands","PI","201415_Magiclands_2",186,186,202,2015-01-06,2015-01-06,2015-01-22,"Y","L3","foredune/face","1",5,0,0,0,0,0,0,0,5,0,0,0,0,0,0,0,"1","0","0","0","0","0","0","0",2,-Inf,-Inf,-Inf,"0",1,8,17,16,8
"2084","201415","Surfies Point west","PI","201415_Surfies Point west_1",147,164,164,2014-11-28,2014-12-15,2014-12-15,"Y","L2","beach","0",0,0,0,0,0,0,0,1,0,0,0,0,0,0,0,1,"1","0","1","0","0","0","1","0",1,-Inf,1,-Inf,"0",1,17,0,0,0
"2085","201415","Woolamai SLSC west","PI","201415_Woolamai SLSC west_1",223,236,236,2015-02-12,2015-02-25,2015-02-25,"N","L1","foredune/face","0",0,0,0,0,0,0,0,0,0,0,0,0,0,0,0,0,"1","0","0","0","0","0","0","0",1,-Inf,-Inf,-Inf,"0",1,13,0,0,0
"2086","201415","Woolshed Bight centre","PI","201415_Woolshed Bight centre_1",154,154,160,2014-12-05,2014-12-05,2014-12-11,"Y","L2","beach","1",0,0,0,0,0,0,2,42,0,0,0,0,0,0,2,42,"1","0","0","0","0","1","1","0",2,-Inf,-Inf,-Inf,"0",1,3,2,6,3
"2087","201415","Woolshed Bight centre","PI","201415_Woolshed Bight centre_2",201,209,209,2015-01-21,2015-01-29,2015-01-29,"Y","L2","beach","0",0,0,0,0,0,0,0,2,0,0,0,0,0,0,0,2,"1","0","0","0","0","0","1","0",1,-Inf,-Inf,-Inf,"0",1,8,0,0,0
"2088","201415","Anchorage Rd","PI","201415_Anchorage Rd_1",71,101,101,2014-09-13,2014-10-13,2014-10-13,"Y","L3","foredune/face","0",0,0,0,0,0,0,0,0,0,0,0,0,0,0,0,0,"1","0","1","0","0","0","0","0",1,-Inf,1,-Inf,"0",1,30,0,0,0
"2089","201415","Anchorage Rd","PI","201415_Anchorage Rd_2",133,154,154,2014-11-14,2014-12-05,2014-12-05,"Y","L3","beach","0",5,0,0,0,0,0,0,3,5,0,0,0,0,0,0,3,"1","0","1","0","0","0","1","0",1,-Inf,1,-Inf,"0",1,21,0,0,0
"2090","201415","Forrest Caves west","PI","201415_Forrest Caves west_1",223,223,236,2015-02-12,2015-02-12,2015-02-25,"N","L1","foredune/face","1",0,0,0,0,0,0,0,1,0,0,0,0,0,0,0,2,"1","0","1","0","0","0","1","0",3,-Inf,1,-Inf,"0",2,6.5,4,13,6.5
"2091","201415","Bellavista Rd","PI","201415_Bellavista Rd_1",177,177,179,2014-12-28,2014-12-28,2014-12-30,"N","L0","beach","1",13,0,1,1,0,0,0,1,13,0,1,1,0,0,0,1,"1","0","1","1","0","0","1","0",2,-Inf,1,-Inf,"0",1,1,3,2,1
"2092","201415","Berrys Beach east","PI","201415_Berrys Beach east_2",164,167,179,2014-12-15,2014-12-18,2014-12-30,"Y","L2","beach","1",0,0,0,0,0,0,6,0,0,0,0,0,0,0,6,0,"1","0","0","0","0","1","0","0",1,-Inf,-Inf,-Inf,"0",1,9,11,12,6
"2093","201415","Flynns Beach - centre","PI","201415_Flynns Beach - centre_1",201,209,229,2015-01-21,2015-01-29,2015-02-18,"Y","L2","beach","1",0,1,0,0,0,0,0,1,0,1,0,0,0,0,0,1,"0","1","0","0","0","0","1","0",-Inf,1,-Inf,-Inf,"0",1,18,6,20,10
"2094","201415","Thorny Beach west","PI","201415_Thorny Beach west_1",203,228,250,2015-01-23,2015-02-17,2015-03-11,"N","L0","beach","1",0,0,0,0,0,0,11,1,0,0,0,0,0,0,11,1,"1","1","0","0","0","1","1","0",1,1,-Inf,-Inf,"0",1,36,7,22,11
"2095","201415","Ventnor - Cadogan Ave","PI","201415_Ventnor - Cadogan Ave_1",154,154,160,2014-12-05,2014-12-05,2014-12-11,"Y","L3","beach","1",2,0,0,0,0,0,0,4,2,0,0,0,0,0,0,4,"1","0","1","0","0","0","1","0",3,-Inf,2,-Inf,"0",1,3,2,6,3
"2096","201516","Angelina Reef","PI","201516_Angelina Reef_1",142,142,149,2015-11-23,2015-11-23,2015-11-30,"N","L0","beach","1",2,0,1,1,0,0,2,1,2,0,1,1,0,0,2,1,"1","0","1","1","0","1","1","0",2,-Inf,1,-Inf,"0",1,3.5,2,7,3.5
"2097","201516","Elizabeth Cove","PI","201516_Elizabeth Cove_1",69,70,70,2015-09-11,2015-09-12,2015-09-12,"Y","L3","beach","0",3,0,0,0,0,0,0,2,3,0,0,0,0,0,0,2,"1","0","0","0","0","0","1","0",1,-Inf,-Inf,-Inf,"0",1,1,1,0,0
"2098","201516","Elizabeth Cove","PI","201516_Elizabeth Cove_2",149,167,167,2015-11-30,2015-12-18,2015-12-18,"Y","L3","beach","0",5,0,0,0,0,0,3,3,5,0,0,0,0,0,3,3,"1","0","1","0","0","1","1","0",2,-Inf,1,-Inf,"0",1,18,0,0,0
"2099","201516","Elizabeth Cove","PI","201516_Elizabeth Cove_3",205,215,215,2016-01-25,2016-02-04,2016-02-04,"Y","L3","beach","0",3,0,0,0,0,0,0,0,3,0,0,0,0,0,0,0,"1","0","0","0","0","0","0","0",1,-Inf,-Inf,-Inf,"0",1,10,0,0,0
"2100","201516","Farm Beach","PI","201516_Farm Beach_1",163,163,167,2015-12-14,2015-12-14,2015-12-18,"N","L0","beach","1",0,0,0,0,0,0,2,0,0,0,0,0,0,0,2,0,"0","0","0","0","0","1","0","0",-Inf,-Inf,-Inf,-Inf,"0",1,2,0,4,2
"2101","201516","Magiclands","PI","201516_Magiclands_1",138,138,153,2015-11-19,2015-11-19,2015-12-04,"Y","L3","beach","1",10.5,0,0,0,0,0,0,2.5,14,0,0,0,0,0,0,3,"1","0","0","0","0","0","1","0",2,-Inf,-Inf,-Inf,"0",2,7.5,4,15,7.5
"2102","201516","Magiclands","PI","201516_Magiclands_2",153,153,164,2015-12-04,2015-12-04,2015-12-15,"Y","L3","foredune/face","1",12.5,0,0,0,0,0,0,1.5,14,0,0,0,0,0,0,3,"1","0","0","0","0","0","1","0",2,-Inf,-Inf,-Inf,"0",2,5.5,4,11,5.5
"2103","201516","Magiclands","PI","201516_Magiclands_3",183,183,205,2016-01-03,2016-01-03,2016-01-25,"Y","L3","beach","1",12,0,0,0,0,0,0,2,12,0,0,0,0,0,0,2,"1","0","0","0","0","0","1","0",2,-Inf,-Inf,-Inf,"0",1,11,23,22,11
"2104","201516","Summerland Beach centre","PI","201516_Summerland Beach centre_2",157,163,167,2015-12-08,2015-12-14,2015-12-18,"N","L0","beach","1",0,0,0,0,0,0,1,37,0,0,0,0,0,0,1,37,"0","0","0","0","0","1","1","0",-Inf,-Inf,-Inf,-Inf,"0",1,8,0,4,2
"2105","201516","Summerland Beach east","PI","201516_Summerland Beach east_1",149,149,157,2015-11-30,2015-11-30,2015-12-08,"N","L0","foredune/face","1",0.5,0,0,0,0,0,0,0,1,0,0,0,0,0,0,0,"1","0","0","0","0","0","0","0",1,-Inf,-Inf,-Inf,"0",2,4,2,8,4
"2106","201516","Surfies Point west","PI","201516_Surfies Point west_1",129,138,138,2015-11-10,2015-11-19,2015-11-19,"Y","L3","beach","0",2,0,1,1,0,0,0,0,2,0,1,1,0,0,0,0,"1","0","1","1","0","0","0","0",2,-Inf,1,-Inf,"0",1,9,0,0,0
"2107","201516","Woolamai SLSC west","PI","201516_Woolamai SLSC west_1",65,70,95,2015-09-07,2015-09-12,2015-10-07,"Y","L3","foredune/face","1",1,0,0,0,0,0,3.5,3.5,2,0,0,0,0,0,7,6,"1","0","0","0","0","1","1","0",1,-Inf,-Inf,-Inf,"0",2,17.5,19,25,12.5
"2108","201516","Woolamai SLSC west","PI","201516_Woolamai SLSC west_2",153,153,164,2015-12-04,2015-12-04,2015-12-15,"Y","L3","foredune/face","1",1.5,0,0,0,0,0,0,1.5,3,0,0,0,0,0,0,3,"1","0","0","0","0","0","1","0",2,-Inf,-Inf,-Inf,"0",2,5.5,4,11,5.5
"2109","201516","Woolamai SLSC west","PI","201516_Woolamai SLSC west_3",164,166,169,2015-12-15,2015-12-17,2015-12-20,"Y","L3","foredune/face","1",7,0,0,0,0,0,0,0,7,0,0,0,0,0,0,0,"1","0","0","0","0","0","0","0",1,-Inf,-Inf,-Inf,"0",1,3.5,2,3,1.5
"2110","201516","Woolamai SLSC west","PI","201516_Woolamai SLSC west_4",219,223,223,2016-02-08,2016-02-12,2016-02-12,"Y","L3","beach","1",0,0,0,0,0,0,0,0,0,0,0,0,0,0,0,0,"1","0","0","0","0","0","0","0",1,-Inf,-Inf,-Inf,"0",1,4,0,0,0
"2111","201516","Forrest Caves west","PI","201516_Forrest Caves west_1",128,129,129,2015-11-09,2015-11-10,2015-11-10,"N","L0","beach","0",0,0,0,0,0,0,2,6,0,0,0,0,0,0,2,6,"1","0","1","0","0","1","1","0",1,-Inf,1,-Inf,"0",1,1,0,0,0
"2112","201516","Anzacs","PI","201516_Anzacs_1",95,102,109,2015-10-07,2015-10-14,2015-10-21,"Y","L3","beach","1",1.5,0,0,0,0,0,0,3.5,3,0,0,0,0,0,0,6,"1","0","0","0","0","0","1","0",3,-Inf,-Inf,-Inf,"0",2,10.5,2,7,3.5
"2113","201516","Anzacs","PI","201516_Anzacs_2",128,128,138,2015-11-09,2015-11-09,2015-11-19,"Y","L3","beach","1",4,0,0,0,0,0,0,4.5,6,0,0,0,0,0,0,5,"1","0","1","0","0","0","1","0",3,-Inf,1,-Inf,"0",2,5,2,10,5
"2114","201516","Anzacs","PI","201516_Anzacs_3",138,153,164,2015-11-19,2015-12-04,2015-12-15,"Y","L3","beach","1",2.5,0,0,0,0,0,0,3,3,0,0,0,0,0,0,4,"1","0","0","0","0","0","1","0",2,-Inf,-Inf,-Inf,"0",2,20.5,4,11,5.5
"2115","201516","Anzacs","PI","201516_Anzacs_4",184,185,200,2016-01-04,2016-01-05,2016-01-20,"Y","L3","beach","1",3.5,0,0,0,0,0,1,18,7,0,0,0,0,0,2,20,"1","0","1","0","0","1","1","0",2,-Inf,1,-Inf,"0",2,8.5,16,15,7.5
"2116","201516","Colonnades","PI","201516_Colonnades_1",184,184,184,2016-01-04,2016-01-04,2016-01-04,"Y","L2","beach","0",6,0,2,2,0,0,0,0,6,0,2,2,0,0,0,0,"1","0","1","1","0","0","0","0",3,-Inf,2,-Inf,"0",1,0,1,0,0
"2117","201516","Smiths Beach far east","PI","201516_Smiths Beach far east_1",179,201,201,2015-12-30,2016-01-21,2016-01-21,"Y","L3","beach","0",1,0,0,0,0,0,0,2,1,0,0,0,0,0,0,2,"1","0","0","0","0","0","1","0",-Inf,-Inf,-Inf,-Inf,"0",1,22,1,0,0
"2118","201617","Anzacs west","PI","201617_Anzacs west_1",176,193,193,2016-12-27,2017-01-13,2017-01-13,"Y","L3","beach","0",0,0,0,0,0,0,0,1,0,0,0,0,0,0,0,1,"1","0","1","0","0","0","1","0",1,-Inf,1,-Inf,"0",1,17,1,0,0
"2119","201617","Anzacs west","PI","201617_Anzacs west_2",205,205,220,2017-01-25,2017-01-25,2017-02-09,"Y","L3","dune","1",0.5,0,0,0,0,0,0,14,1,0,0,0,0,0,0,20,"1","0","1","0","0","0","1","0",2,-Inf,1,-Inf,"0",2,7.5,8,15,7.5
"2120","201617","Anzacs west","PI","201617_Anzacs west_3",246,259,259,2017-03-07,2017-03-20,2017-03-20,"Y","L3","dune","0",0,0,0,0,0,0,12,2,0,0,0,0,0,0,12,2,"1","0","0","0","0","1","1","0",2,-Inf,-Inf,-Inf,"0",1,13,0,0,0
"2121","201617","Berrys Beach centre","PI","201617_Berrys Beach centre_1",141,160,163,2016-11-22,2016-12-11,2016-12-14,"Y","L3","beach","1",0,0,0,0,0,0,3.5,8,0,0,0,0,0,0,4,9,"1","0","0","0","0","1","1","0",3,-Inf,-Inf,-Inf,"0",2,20.5,1,3,1.5
"2122","201617","Berrys Beach west","PI","201617_Berrys Beach west_2",172,194,198,2016-12-23,2017-01-14,2017-01-18,"Y","L3","beach","1",1.5,0,0,0,0,0,0,10.5,2,0,0,0,0,0,0,19,"1","0","0","0","0","0","1","0",2,-Inf,-Inf,-Inf,"0",2,24,5,4,2
"2123","201617","Cowrie Beach east","PI","201617_Cowrie Beach east_1",78,78,79,2016-09-20,2016-09-20,2016-09-21,"N","L1","beach","1",0,0,0,0,0,0,0,0,0,0,0,0,0,0,0,0,"0","0","0","0","0","0","0","0",-Inf,-Inf,-Inf,-Inf,"0",1,0.5,2,1,0.5
"2124","201617","Elizabeth Cove","PI","201617_Elizabeth Cove_1",63,94,99,2016-09-05,2016-10-06,2016-10-11,"Y","L3","foredune/face","1",0,0,0,0,0,0,0,0,0,0,0,0,0,0,0,0,"1","0","1","0","0","0","0","0",1,-Inf,1,-Inf,"0",1,33.5,2,5,2.5
"2125","201617","Elizabeth Cove","PI","201617_Elizabeth Cove_2",121,125,127,2016-11-02,2016-11-06,2016-11-08,"Y","L3","beach","1",0,0,0,0,0,0,0,0,0,0,0,0,0,0,0,0,"1","0","1","0","0","0","0","0",1,-Inf,1,-Inf,"0",1,5,1,2,1
"2126","201617","Elizabeth Cove","PI","201617_Elizabeth Cove_3",155,155,164,2016-12-06,2016-12-06,2016-12-15,"Y","L3","beach","1",3,0,2,0,2,0,1,0,3,0,2,0,2,0,1,0,"1","0","1","0","1","1","0","0",1,-Inf,-Inf,-Inf,"0",1,4.5,2,9,4.5
"2127","201617","Farm Beach","PI","201617_Farm Beach_1",170,177,181,2016-12-21,2016-12-28,2017-01-01,"N","L0","foredune/face","1",1.5,0,0,0,0,0,3,0,2,0,0,0,0,0,6,0,"1","0","1","0","0","1","0","0",1,-Inf,1,-Inf,"0",2,9,5,4,2
"2128","201617","Farm Beach","PI","201617_Farm Beach_2",198,198,218,2017-01-18,2017-01-18,2017-02-07,"N","L0","foredune/face","1",0,0,0,0,0,0,0,0,0,0,0,0,0,0,0,0,"1","0","0","0","0","0","0","0",1,-Inf,-Inf,-Inf,"0",2,10,15,20,10
"2129","201617","Woolshed Bight centre","PI","201617_Woolshed Bight centre_1",164,164,177,2016-12-15,2016-12-15,2016-12-28,"N","L1","beach","1",1.5,0,0,0,0,0,0,0.5,2,0,0,0,0,0,0,1,"1","0","1","0","0","0","1","0",2,-Inf,1,-Inf,"0",2,6.5,10,13,6.5
"2130","201617","Anchorage Rd","PI","201617_Anchorage Rd_1",116,143,143,2016-10-28,2016-11-24,2016-11-24,"Y","L3","dune","0",0,0,0,0,0,0,0,0,0,0,0,0,0,0,0,0,"1","0","1","0","0","0","0","0",1,-Inf,1,-Inf,"0",1,27,0,0,0
"2131","201617","Bellavista Rd","PI","201617_Bellavista Rd_1",154,178,178,2016-12-05,2016-12-29,2016-12-29,"Y","L3","beach","0",34,0,6,5,1,0,0,3,34,0,6,5,1,0,0,3,"1","0","1","1","1","0","1","0",3,-Inf,3,-Inf,"0",1,24,1,0,0
"2132","201617","Flynns Beach - west","PI","201617_Flynns Beach - west_1",170,181,181,2016-12-21,2017-01-01,2017-01-01,"Y","L3","beach","0",2,0,0,0,0,0,0,2,2,0,0,0,0,0,0,2,"1","0","0","0","0","0","1","0",1,-Inf,-Inf,-Inf,"0",1,11,1,0,0
"2133","201617","Anderson Boat Ramp east","PI","201617_Anderson Boat Ramp east_1",72,87,90,2016-09-14,2016-09-29,2016-10-02,"Y","L3","beach","1",0,0,0,0,0,0,0,0,0,0,0,0,0,0,0,0,"0","0","0","0","0","0","0","0",-Inf,-Inf,-Inf,-Inf,"0",1,16.5,4,3,1.5
"2134","201617","Anzacs","PI","201617_Anzacs_1",72,79,86,2016-09-14,2016-09-21,2016-09-28,"Y","L3","beach","1",0,0,0,0,0,0,0,0,0,0,0,0,0,0,0,0,"1","0","0","0","0","0","0","0",2,-Inf,-Inf,-Inf,"0",1,10.5,8,7,3.5
"2135","201617","Colonnades","PI","201617_Colonnades_1",100,100,108,2016-10-12,2016-10-12,2016-10-20,"Y","L3","beach","1",0,0,0,0,0,0,0,0,0,0,0,0,0,0,0,0,"0","0","1","0","0","0","0","0",-Inf,-Inf,2,-Inf,"0",2,4,2,8,4
"2136","201617","Colonnades","PI","201617_Colonnades_2",139,140,142,2016-11-20,2016-11-21,2016-11-23,"Y","L3","beach","1",1,0,0.5,0.5,0,0,0,3,1,0,1,1,0,0,0,5,"1","0","1","1","0","0","1","0",1,-Inf,1,-Inf,"0",2,2,0,2,1
"2137","201617","Colonnades","PI","201617_Colonnades_3",156,156,156,2016-12-07,2016-12-07,2016-12-07,"Y","L3","beach","0",10,0,5,1,4,0,2,4,10,0,5,1,4,0,2,4,"1","0","1","1","1","1","1","0",3,-Inf,3,-Inf,"0",1,0,0,0,0
"2138","201617","Smiths Beach far east","PI","201617_Smiths Beach far east_1",140,140,147,2016-11-21,2016-11-21,2016-11-28,"Y","L3","beach","1",1,0,0.5,0.5,0,0,4,3,1,0,1,1,0,0,5,6,"1","0","1","1","0","1","1","0",3,-Inf,2,-Inf,"0",2,3.5,2,7,3.5
"2139","201617","Smiths Beach far east","PI","201617_Smiths Beach far east_2",156,172,172,2016-12-07,2016-12-23,2016-12-23,"Y","L3","beach","0",0,0,0,0,0,0,2,0,0,0,0,0,0,0,2,0,"1","0","1","0","0","1","0","0",2,-Inf,1,-Inf,"0",1,16,1,0,0
"2140","201617","Forrest Caves centre","PI","201617_Forrest Caves centre_1",78,78,79,2016-09-20,2016-09-20,2016-09-21,"N","L1","beach","1",0,0,0,0,0,0,0,0,0,0,0,0,0,0,0,0,"1","0","0","0","0","0","0","0",2,-Inf,-Inf,-Inf,"0",1,0.5,2,1,0.5
"2141","201617","Hutchison Beach","PI","201617_Hutchison Beach_1",150,150,164,2016-12-01,2016-12-01,2016-12-15,"N","L0","dune","1",0,0,0,0,0,0,3,1,0,0,0,0,0,0,6,2,"0","0","0","0","0","1","1","0",-Inf,-Inf,-Inf,-Inf,"0",2,7,4,14,7
"2142","201617","Justice Road","PI","201617_Justice Road_1",155,177,177,2016-12-06,2016-12-28,2016-12-28,"Y","L3","beach","0",2,0,0,0,0,0,0,5,2,0,0,0,0,0,0,5,"1","0","1","0","0","0","1","0",3,-Inf,1,-Inf,"0",1,22,1,0,0
"2143","201617","Shelly Beach","PI","201617_Shelly Beach_1",177,177,181,2016-12-28,2016-12-28,2017-01-01,"N","L0","dune","1",2.5,0,0,0,0,0,0.5,3,3,0,0,0,0,0,1,3,"1","0","0","0","0","1","1","0",2,-Inf,-Inf,-Inf,"0",2,2,5,4,2
"2144","201617","Silverleaves","PI","201617_Silverleaves_1",179,200,200,2016-12-30,2017-01-20,2017-01-20,"Y","L3","foredune/face","0",1,0,0,0,0,0,0,0,1,0,0,0,0,0,0,0,"1","0","1","0","0","0","0","0",1,-Inf,1,-Inf,"0",1,21,1,0,0
"2145","201617","Ventnor - Devon Ave","PI","201617_Ventnor - Devon Ave_1",170,170,172,2016-12-21,2016-12-21,2016-12-23,"N","L0","foredune/face","1",1,0,0,0,0,0,1,0,2,0,0,0,0,0,2,0,"1","0","1","0","0","1","0","0",1,-Inf,1,-Inf,"0",2,1,3,2,1
"2146","201617","Woolamai SLSC","PI","201617_Woolamai SLSC_1",187,187,190,2017-01-07,2017-01-07,2017-01-10,"Y","L3","foredune/face","1",7,0,0,0,0,0,0,0,7,0,0,0,0,0,0,0,"1","0","0","0","0","0","0","0",-Inf,-Inf,-Inf,-Inf,"0",1,1.5,4,3,1.5
"2147","201718","Anzacs east","PI","201718_Anzacs east_1",161,162,170,2017-12-12,2017-12-13,2017-12-21,"Y","L3","foredune/face","1",0,0,0,0,0,0,0,3,0,0,0,0,0,0,0,3,"1","0","0","0","0","0","1","0",3,-Inf,-Inf,-Inf,"0",1,5,2,8,4
"2148","201718","Anzacs east","PI","201718_Anzacs east_2",181,182,188,2018-01-01,2018-01-02,2018-01-08,"Y","L3","foredune/face","1",4,0,0,0,0,0,0,3,4,0,0,0,0,0,0,3,"1","0","0","0","0","0","1","0",1,-Inf,-Inf,-Inf,"0",1,4,7,6,3
"2149","201718","Anzacs west","PI","201718_Anzacs west_1",183,183,188,2018-01-03,2018-01-03,2018-01-08,"Y","L3","foredune/face","1",0,0,0,0,0,0,0,7,0,0,0,0,0,0,0,7,"1","0","0","0","0","0","1","0",1,-Inf,-Inf,-Inf,"0",1,2.5,6,5,2.5
"2150","201718","Anzacs west","PI","201718_Anzacs west_2",252,274,274,2018-03-13,2018-04-04,2018-04-04,"Y","L3","dune","0",6,0,4,0,4,0,6,5,6,0,4,0,4,0,6,5,"1","0","1","0","1","1","1","0",1,-Inf,2,-Inf,"0",1,22,1,0,0
"2151","201718","Berrys Beach west","PI","201718_Berrys Beach west_1",147,156,170,2017-11-28,2017-12-07,2017-12-21,"Y","L3","beach","1",1.5,0,0,0,0,0,4,0,3,0,0,0,0,0,5,0,"1","0","0","0","0","1","0","0",1,-Inf,-Inf,-Inf,"0",2,16,4,14,7
"2152","201718","Elizabeth Cove","PI","201718_Elizabeth Cove_1",117,142,142,2017-10-29,2017-11-23,2017-11-23,"Y","L3","beach","0",3,0,0,0,0,0,3,0,3,0,0,0,0,0,3,0,"1","0","1","0","0","1","0","0",1,-Inf,1,-Inf,"0",1,25,0,0,0
"2153","201718","Farm Beach","PI","201718_Farm Beach_1",190,221,221,2018-01-10,2018-02-10,2018-02-10,"N","L0","beach","0",2,0,0,0,0,0,0,0,2,0,0,0,0,0,0,0,"1","0","1","0","0","0","0","0",1,-Inf,1,-Inf,"0",1,31,1,0,0
"2154","201718","Magiclands","PI","201718_Magiclands_1",162,171,181,2017-12-13,2017-12-22,2018-01-01,"Y","L3","dune","1",2,0,0,0,0,0,0,2,2,0,0,0,0,0,0,2,"1","0","0","0","0","0","1","0",2,-Inf,-Inf,-Inf,"0",1,14,10,10,5
"2155","201718","Magiclands","PI","201718_Magiclands_2",204,205,210,2018-01-24,2018-01-25,2018-01-30,"Y","L3","dune","1",30,0,0,0,0,0,0,13.5,60,0,0,0,0,0,0,20,"1","0","0","0","0","0","1","0",3,-Inf,-Inf,-Inf,"0",2,3.5,4,5,2.5
"2156","201718","Red Rocks","PI","201718_Red Rocks_2",174,194,194,2017-12-25,2018-01-14,2018-01-14,"Y","L3","estuary/spit","0",24,0,5,2,3,0,0,0,24,0,5,2,3,0,0,0,"1","0","1","1","1","0","0","0",3,-Inf,2,-Inf,"0",1,20,1,0,0
"2157","201718","Woolshed Bight centre","PI","201718_Woolshed Bight centre_1",171,171,171,2017-12-22,2017-12-22,2017-12-22,"N","L1","beach","0",1,0,0,0,0,0,0,0,1,0,0,0,0,0,0,0,"1","0","0","0","0","0","0","0",1,-Inf,-Inf,-Inf,"0",1,0,0,0,0
"2158","201718","Anchorage Rd","PI","201718_Anchorage Rd_1",84,105,105,2017-09-26,2017-10-17,2017-10-17,"Y","L3","foredune/face","0",19,0,2,2,0,0,0,2,19,0,2,2,0,0,0,2,"1","1","1","1","0","0","1","0",2,1,2,-Inf,"0",1,21,0,0,0
"2159","201718","Forrest Caves west","PI","201718_Forrest Caves west_1",140,153,153,2017-11-21,2017-12-04,2017-12-04,"Y","L3","beach","0",0,0,0,0,0,0,2,12,0,0,0,0,0,0,2,12,"1","0","0","0","0","1","1","0",1,-Inf,-Inf,-Inf,"0",1,13,0,0,0
"2160","201718","Forrest Caves west","PI","201718_Forrest Caves west_2",177,201,201,2017-12-28,2018-01-21,2018-01-21,"Y","L3","beach","0",4,0,0,0,0,0,0,30,4,0,0,0,0,0,0,30,"1","0","1","0","0","0","1","0",1,-Inf,1,-Inf,"0",1,24,1,0,0
"2161","201718","Surf Beach - Park St","PI","201718_Surf Beach - Park St_2",216,216,217,2018-02-05,2018-02-05,2018-02-06,"Y","L3","dune","1",4,0,3.5,1,2.5,0,2.5,0,6,0,4,2,3,0,5,0,"1","0","1","1","1","1","0","0",3,-Inf,2,-Inf,"0",2,0.5,0,1,0.5
"2162","201718","Surf Beach - Park St","PI","201718_Surf Beach - Park St_3",245,252,253,2018-03-06,2018-03-13,2018-03-14,"Y","L3","foredune/face","1",6.5,0,2,0,2,0,0.5,1,12,0,3,0,3,0,1,2,"1","0","1","0","1","1","1","0",2,-Inf,1,-Inf,"0",2,7.5,0,1,0.5
"2163","201718","Bellavista Rd","PI","201718_Bellavista Rd_1",108,112,114,2017-10-20,2017-10-24,2017-10-26,"Y","L3","beach","1",4,0,1.5,1,0.5,0,0,0.5,6,0,3,2,1,0,0,1,"1","0","1","1","1","0","1","0",2,-Inf,2,-Inf,"0",2,5,0,2,1
"2164","201718","Bellavista Rd","PI","201718_Bellavista Rd_2",129,155,155,2017-11-10,2017-12-06,2017-12-06,"Y","L3","beach","0",1,0,0,0,0,0,0,0,1,0,0,0,0,0,0,0,"1","0","1","0","0","0","0","0",1,-Inf,1,-Inf,"0",1,26,0,0,0
"2165","201718","Bellavista Rd","PI","201718_Bellavista Rd_3",184,211,211,2018-01-04,2018-01-31,2018-01-31,"Y","L3","foredune/face","0",1,0,1,0,1,0,0,0,1,0,1,0,1,0,0,0,"1","0","1","0","1","0","0","0",2,-Inf,2,-Inf,"0",1,27,0,0,0
"2166","201718","Berrys Beach east","PI","201718_Berrys Beach east_1",179,179,181,2017-12-30,2017-12-30,2018-01-01,"N","L1","beach","1",3,0,0,0,0,0,0,0,3,0,0,0,0,0,0,0,"1","0","0","0","0","0","0","0",1,-Inf,-Inf,-Inf,"0",1,1,3,2,1
"2167","201718","Thorny Beach west","PI","201718_Thorny Beach west_1",135,135,147,2017-11-16,2017-11-16,2017-11-28,"N","L0","beach","1",0,0,0,0,0,0,0,1,0,0,0,0,0,0,0,1,"1","0","0","0","0","0","1","0",1,-Inf,-Inf,-Inf,"0",1,6,4,12,6
"2168","201718","Colonnades","PI","201718_Colonnades_1",147,148,155,2017-11-28,2017-11-29,2017-12-06,"Y","L3","beach","1",6,0,0,0,0,0,0,0,10,0,0,0,0,0,0,0,"1","0","1","0","0","0","0","0",2,-Inf,1,-Inf,"0",2,4.5,2,7,3.5
"2169","201718","Hutchison Beach","PI","201718_Hutchison Beach_1",147,147,147,2017-11-28,2017-11-28,2017-11-28,"N","L0","beach","0",0,0,0,0,0,0,0,1,0,0,0,0,0,0,0,1,"1","0","0","0","0","0","1","0",1,-Inf,-Inf,-Inf,"0",1,0,0,0,0
"2170","201718","Justice Road","PI","201718_Justice Road_1",97,99,104,2017-10-09,2017-10-11,2017-10-16,"Y","L3","beach","1",4.5,0,1,1,0,0,0,2,9,0,2,2,0,0,0,4,"1","0","1","1","0","0","1","0",2,-Inf,2,-Inf,"0",2,4.5,2,5,2.5
"2171","201718","Shelly Beach","PI","201718_Shelly Beach_1",146,155,167,2017-11-27,2017-12-06,2017-12-18,"Y","L3","beach","1",2,0,0,0,0,0,0,2,2,0,0,0,0,0,0,2,"1","0","0","0","0","0","1","0",1,-Inf,-Inf,-Inf,"0",1,15,4,12,6
"2172","201718","Silverleaves","PI","201718_Silverleaves_1",169,183,184,2017-12-20,2018-01-03,2018-01-04,"Y","L3","dune","1",8,0,0,0,0,0,0,0,8,0,0,0,0,0,0,0,"1","0","1","0","0","0","0","0",3,-Inf,2,-Inf,"0",1,14.5,2,1,0.5
"2173","201718","Ventnor - Devon Ave","PI","201718_Ventnor - Devon Ave_2",182,182,183,2018-01-02,2018-01-02,2018-01-03,"Y","L3","dune","1",14,0,4.5,2.5,2,0,0,0,22,0,7,3,4,0,0,0,"1","0","1","1","1","0","0","0",3,-Inf,3,-Inf,"0",2,0.5,2,1,0.5
"2174","201718","Colonnades west","PI","201718_Colonnades west_1",132,147,151,2017-11-13,2017-11-28,2017-12-02,"Y","L3","foredune/face","1",4,0,1,0,1,0,0,0,4,0,1,0,1,0,0,0,"1","0","1","0","1","0","0","0",1,-Inf,1,-Inf,"0",1,17,1,4,2
"2175","201718","Colonnades west","PI","201718_Colonnades west_2",177,202,202,2017-12-28,2018-01-22,2018-01-22,"Y","L3","foredune/face","0",7,0,2,1,1,0,0,0,7,0,2,1,1,0,0,0,"1","0","1","1","1","0","0","0",2,-Inf,2,-Inf,"0",1,25,1,0,0
"2176","201718","Crazy Birds","PI","201718_Crazy Birds_1",101,101,105,2017-10-13,2017-10-13,2017-10-17,"Y","L3","beach","1",13.5,0,5,0.5,4.5,0,3.5,0,26,0,8,1,7,0,4,0,"1","0","1","1","1","1","0","0",2,-Inf,2,-Inf,"0",2,2,2,4,2
"2177","201718","Kitty Miller Bay","PI","201718_Kitty Miller Bay_1",165,167,170,2017-12-16,2017-12-18,2017-12-21,"Y","L3","beach","1",1,0,0,0,0,0,1.5,1.5,1,0,0,0,0,0,3,3,"1","0","1","0","0","1","1","0",2,-Inf,1,-Inf,"0",2,3.5,0,3,1.5
"2178","201718","Surf Beach - Highview Cres","PI","201718_Surf Beach - Highview Cres_1",141,153,160,2017-11-22,2017-12-04,2017-12-11,"Y","L3","beach","1",0,0,0,0,0,0,2,5,0,0,0,0,0,0,2,5,"1","0","1","0","0","1","1","0",1,-Inf,1,-Inf,"0",1,15.5,2,7,3.5
"2179","201819","Anzacs west","PI","201819_Anzacs west_2",239,268,268,2019-02-28,2019-03-29,2019-03-29,"N","L0","dune","0",0,0,0,0,0,0,0,0,0,0,0,0,0,0,0,0,"1","0","0","0","0","0","0","0",2,-Inf,-Inf,-Inf,"0",1,29,0,0,0
"2180","201819","Berrys Beach centre","PI","201819_Berrys Beach centre_3",161,161,166,2018-12-12,2018-12-12,2018-12-17,"N","L0","beach","1",0.5,0,0,0,0,0,5,0,1,0,0,0,0,0,6,0,"1","0","0","0","0","1","0","0",1,-Inf,-Inf,-Inf,"0",2,2.5,2,5,2.5
"2181","201819","Berrys Beach west","PI","201819_Berrys Beach west_1",117,128,143,2018-10-29,2018-11-09,2018-11-24,"Y","L3","beach","1",1,0,0,0,0,0,1.5,1,2,0,0,0,0,0,2,2,"1","0","0","0","0","1","1","0",1,-Inf,-Inf,-Inf,"0",2,18.5,5,15,7.5
"2182","201819","Berrys Beach west","PI","201819_Berrys Beach west_2",143,143,145,2018-11-24,2018-11-24,2018-11-26,"N","L0","beach","1",1,0,0,0,0,0,4,1,2,0,0,0,0,0,7,2,"1","0","0","0","0","1","1","0",2,-Inf,-Inf,-Inf,"0",2,1,2,2,1
"2183","201819","Cleeland Road north","PI","201819_Cleeland Road north_1",118,132,135,2018-10-30,2018-11-13,2018-11-16,"Y","L3","foredune/face","1",0,0,0,0,0,0,0,0,0,0,0,0,0,0,0,0,"0","0","0","0","0","0","0","0",-Inf,-Inf,-Inf,-Inf,"0",1,15.5,0,3,1.5
"2184","201819","Cleeland Road north","PI","201819_Cleeland Road north_2",167,191,191,2018-12-18,2019-01-11,2019-01-11,"Y","L3","beach","0",17,0,0,0,0,0,0,0,17,0,0,0,0,0,0,0,"1","0","1","0","0","0","0","0",3,-Inf,3,-Inf,"0",1,24,1,0,0
"2185","201819","Elizabeth Cove","PI","201819_Elizabeth Cove_1",100,116,118,2018-10-12,2018-10-28,2018-10-30,"Y","L3","foredune/face","1",3,0,0,0,0,0,1,0,3,0,0,0,0,0,1,0,"1","0","1","0","0","1","0","0",2,-Inf,2,-Inf,"0",1,17,1,2,1
"2186","201819","Elizabeth Cove","PI","201819_Elizabeth Cove_2",135,145,147,2018-11-16,2018-11-26,2018-11-28,"Y","L3","dune","1",0.5,0,0,0,0,0,0,2,1,0,0,0,0,0,0,4,"1","0","1","0","0","0","1","0",2,-Inf,2,-Inf,"0",2,11,0,2,1
"2187","201819","Farm Beach","PI","201819_Farm Beach_1",114,114,116,2018-10-26,2018-10-26,2018-10-28,"N","L0","beach","1",0,0,0,0,0,0,5,0,0,0,0,0,0,0,6,0,"1","0","0","0","0","1","0","0",1,-Inf,-Inf,-Inf,"0",2,1,2,2,1
"2188","201819","Flynns Reef","PI","201819_Flynns Reef_2",160,164,170,2018-12-11,2018-12-15,2018-12-21,"Y","L3","beach","1",3,0,0,0,0,0,2.5,3.5,5,0,0,0,0,0,3,4,"1","0","0","0","0","1","1","0",1,-Inf,-Inf,-Inf,"0",2,7,2,6,3
"2189","201819","Flynns Reef","PI","201819_Flynns Reef_3",180,191,193,2018-12-31,2019-01-11,2019-01-13,"Y","L3","beach","1",18.5,0,0,0,0,0,0,0,22,0,0,0,0,0,0,0,"1","0","0","0","0","0","0","0",2,-Inf,-Inf,-Inf,"0",2,12,3,2,1
"2190","201819","Forrest Caves east","PI","201819_Forrest Caves east_1",180,202,202,2018-12-31,2019-01-22,2019-01-22,"Y","L3","beach","0",8,0,0,0,0,0,0,3,8,0,0,0,0,0,0,3,"1","0","0","0","0","0","1","0",2,-Inf,-Inf,-Inf,"0",1,22,1,0,0
"2191","201819","Magiclands","PI","201819_Magiclands_1",125,125,135,2018-11-06,2018-11-06,2018-11-16,"Y","L3","beach","1",9,0,0,0,0,0,2,0,16,0,0,0,0,0,4,0,"1","0","0","0","0","1","0","0",3,-Inf,-Inf,-Inf,"0",2,5,3,10,5
"2192","201819","Magiclands","PI","201819_Magiclands_2",178,196,201,2018-12-29,2019-01-16,2019-01-21,"Y","L3","dune","1",3.5,0,0,0,0,0,1,0,7,0,0,0,0,0,2,0,"1","0","0","0","0","1","0","0",2,-Inf,-Inf,-Inf,"0",2,20.5,6,5,2.5
"2193","201819","Silverleaves east","PI","201819_Silverleaves east_1",120,120,121,2018-11-01,2018-11-01,2018-11-02,"Y","L3","foredune/face","1",0,0,0,0,0,0,2,3,0,0,0,0,0,0,2,3,"1","0","1","0","0","1","1","0",2,-Inf,1,-Inf,"0",1,0.5,0,1,0.5
"2194","201819","Silverleaves east","PI","201819_Silverleaves east_2",173,193,194,2018-12-24,2019-01-13,2019-01-14,"Y","L3","beach","1",2,0,0,0,0,0,0,0.5,4,0,0,0,0,0,0,1,"1","0","1","0","0","0","1","0",3,-Inf,2,-Inf,"0",2,20.5,2,1,0.5
"2195","201819","Silverleaves east","PI","201819_Silverleaves east_3",203,209,212,2019-01-23,2019-01-29,2019-02-01,"Y","L3","beach","1",0,0,0,0,0,0,0,0,0,0,0,0,0,0,0,0,"1","0","1","0","0","0","0","0",2,-Inf,1,-Inf,"0",2,7.5,1,3,1.5
"2196","201819","Woolshed Bight centre","PI","201819_Woolshed Bight centre_1",95,98,100,2018-10-07,2018-10-10,2018-10-12,"Y","L3","foredune/face","1",1,0,0,0,0,0,2,12.5,2,0,0,0,0,0,3,20,"1","0","1","0","0","1","1","0",1,-Inf,1,-Inf,"0",2,4,0,2,1
"2197","201819","Woolshed Bight centre","PI","201819_Woolshed Bight centre_2",114,118,120,2018-10-26,2018-10-30,2018-11-01,"Y","L3","beach","1",0.5,0,0,0,0,0,6,4,1,0,0,0,0,0,7,6,"1","0","1","0","0","1","1","0",1,-Inf,1,-Inf,"0",2,5,0,2,1
"2198","201819","Woolshed Bight centre","PI","201819_Woolshed Bight centre_3",135,141,143,2018-11-16,2018-11-22,2018-11-24,"Y","L3","foredune/face","1",0,0,0,0,0,0,1,1,0,0,0,0,0,0,2,2,"1","0","0","0","0","1","1","0",1,-Inf,-Inf,-Inf,"0",2,7,1,2,1
"2199","201819","Woolshed Bight centre","PI","201819_Woolshed Bight centre_4",172,173,178,2018-12-23,2018-12-24,2018-12-29,"Y","L3","beach","1",2,0,0,0,0,0,0,1,2,0,0,0,0,0,0,2,"1","0","1","0","0","0","1","0",1,-Inf,1,-Inf,"0",2,3.5,6,5,2.5
"2200","201819","Anchorage Rd","PI","201819_Anchorage Rd_1",69,81,82,2018-09-11,2018-09-23,2018-09-24,"Y","L3","dune","1",12,0,5,1,4,0,1,5,12,0,5,1,4,0,1,5,"1","0","1","1","1","1","1","0",2,-Inf,2,-Inf,"0",1,12.5,2,1,0.5
"2201","201819","Anchorage Rd","PI","201819_Anchorage Rd_2",88,90,92,2018-09-30,2018-10-02,2018-10-04,"Y","L3","foredune/face","1",0,0,0,0,0,0,10,5,0,0,0,0,0,0,10,5,"0","0","0","0","0","1","1","0",-Inf,-Inf,-Inf,-Inf,"0",1,3,3,2,1
"2202","201819","Anchorage Rd","PI","201819_Anchorage Rd_3",120,121,123,2018-11-01,2018-11-02,2018-11-04,"Y","L3","foredune/face","1",7,0,1,0.5,0.5,0,1,0.5,14,0,2,1,1,0,1,1,"1","1","1","1","1","1","1","0",2,1,2,-Inf,"0",2,2,2,2,1
"2203","201819","Anchorage Rd","PI","201819_Anchorage Rd_4",141,165,165,2018-11-22,2018-12-16,2018-12-16,"Y","L3","beach","0",2,0,2,0,2,0,0,0,2,0,2,0,2,0,0,0,"1","0","1","0","1","0","0","0",2,-Inf,2,-Inf,"0",1,24,1,0,0
"2204","201819","Forrest Caves west","PI","201819_Forrest Caves west_1",117,140,144,2018-10-29,2018-11-21,2018-11-25,"Y","L3","foredune/face","1",1,0,0,0,0,0,0,6,1,0,0,0,0,0,0,6,"1","0","0","0","0","0","1","0",1,-Inf,-Inf,-Inf,"0",1,25,2,4,2
"2205","201819","Surf Beach - Park St","PI","201819_Surf Beach - Park St_1",176,202,202,2018-12-27,2019-01-22,2019-01-22,"Y","L3","beach","0",9,0,0,0,0,0,0,0,9,0,0,0,0,0,0,0,"1","0","1","0","0","0","0","0",1,-Inf,1,-Inf,"0",1,26,1,0,0
"2206","201819","Red Rocks - Penguin Ave","PI","201819_Red Rocks - Penguin Ave_1",114,116,118,2018-10-26,2018-10-28,2018-10-30,"Y","L3","beach","1",4.5,0,2.5,0,2.5,0,1,1.5,7,0,5,0,5,0,2,3,"1","0","1","0","1","1","1","0",2,-Inf,2,-Inf,"0",2,3,1,2,1
"2207","201819","Colonnades","PI","201819_Colonnades_1",167,189,189,2018-12-18,2019-01-09,2019-01-09,"Y","L3","beach","0",6,0,2,0,2,0,0,2,6,0,2,0,2,0,0,2,"1","0","1","0","1","0","1","0",1,-Inf,1,-Inf,"0",1,22,1,0,0
"2208","201819","Hutchison Beach","PI","201819_Hutchison Beach_1",187,187,209,2019-01-07,2019-01-07,2019-01-29,"Y","L3","beach","1",0,0,0,0,0,0,0,0,0,0,0,0,0,0,0,0,"1","0","0","0","0","0","0","0",1,-Inf,-Inf,-Inf,"0",1,11,23,22,11
"2209","201819","Colonnades west","PI","201819_Colonnades west_1",155,165,168,2018-12-06,2018-12-16,2018-12-19,"Y","L3","beach","1",4,0,0.5,0,0.5,0,0,2,8,0,1,0,1,0,0,4,"1","0","1","0","1","0","1","0",1,-Inf,1,-Inf,"0",2,11.5,1,3,1.5
"2210","201819","Kitty Miller Bay","PI","201819_Kitty Miller Bay_1",176,195,195,2018-12-27,2019-01-15,2019-01-15,"Y","L3","beach","0",5,0,0,0,0,0,3,0,5,0,0,0,0,0,3,0,"1","0","0","0","0","1","0","0",1,-Inf,-Inf,-Inf,"0",1,19,1,0,0
"2211","201819","Graydens Rd","PI","201819_Graydens Rd_1",159,185,185,2018-12-10,2019-01-05,2019-01-05,"Y","L3","foredune/face","0",2,0,0,0,0,0,0,0,2,0,0,0,0,0,0,0,"1","0","1","0","0","0","0","0",3,-Inf,3,-Inf,"0",1,26,1,0,0
"2212","201819","Saltwater Creek","PI","201819_Saltwater Creek_1",100,100,104,2018-10-12,2018-10-12,2018-10-16,"Y","L3","estuary/spit","1",1.5,0,3,0,3,0,0.5,0,2,0,6,0,6,0,1,0,"1","0","1","0","1","1","0","0",1,-Inf,3,-Inf,"0",2,2,2,4,2
"2213","201920","Anzacs west","PI","201920_Anzacs west_1",209,234,234,2020-01-29,2020-02-23,2020-02-23,"Y","L3","dune","0",6,0,0,0,0,0,0,2,6,0,0,0,0,0,0,2,"1","0","0","0","0","0","1","0",2,-Inf,-Inf,-Inf,"0",1,25,1,0,0
"2214","201920","Berrys Beach centre","PI","201920_Berrys Beach centre_2",167,179,181,2019-12-18,2019-12-30,2020-01-01,"Y","L3","beach","1",8.5,0,0,0,0,0,0,0,15,0,0,0,0,0,0,0,"1","0","0","0","0","0","0","0",-Inf,-Inf,-Inf,-Inf,"0",2,13,3,2,1
"2215","201920","Berrys Beach west","PI","201920_Berrys Beach west_1",122,134,134,2019-11-03,2019-11-15,2019-11-15,"Y","L3","beach","0",2,0,0,0,0,0,0,0,2,0,0,0,0,0,0,0,"1","0","0","0","0","0","0","0",-Inf,-Inf,-Inf,-Inf,"0",1,12,0,0,0
"2216","201920","Elizabeth Cove","PI","201920_Elizabeth Cove_1",146,148,149,2019-11-27,2019-11-29,2019-11-30,"Y","L3","dune","1",0.5,0,1,0,1,0,0,0.5,1,0,2,0,2,0,0,1,"1","0","1","0","1","0","1","0",2,-Inf,2,-Inf,"0",2,2.5,1,1,0.5
"2217","201920","Flynns Reef","PI","201920_Flynns Reef_3",232,232,233,2020-02-21,2020-02-21,2020-02-22,"Y","L3","beach","1",12,0,0,0,0,0,1,2,18,0,0,0,0,0,2,2,"1","0","0","0","0","1","1","0",2,-Inf,-Inf,-Inf,"0",2,0.5,1,1,0.5
"2218","201920","Forrest Caves east","PI","201920_Forrest Caves east_1",102,102,103,2019-10-14,2019-10-14,2019-10-15,"Y","L3","foredune/face","1",7,0,0,0,0,0,1,4,7,0,0,0,0,0,1,4,"1","0","0","0","0","1","1","0",-Inf,-Inf,-Inf,-Inf,"0",1,0.5,0,1,0.5
"2219","201920","Forrest Caves east","PI","201920_Forrest Caves east_2",141,144,146,2019-11-22,2019-11-25,2019-11-27,"Y","L3","foredune/face","1",0,0,0,0,0,0,4,10,0,0,0,0,0,0,4,10,"0","0","0","0","0","1","1","0",-Inf,-Inf,-Inf,-Inf,"0",1,4,0,2,1
"2220","201920","Forrest Caves east","PI","201920_Forrest Caves east_3",158,162,166,2019-12-09,2019-12-13,2019-12-17,"Y","L3","beach","1",0,0,0,0,0,0,6,2,0,0,0,0,0,0,6,2,"0","0","0","0","0","1","1","0",-Inf,-Inf,-Inf,-Inf,"0",1,6,2,4,2
"2221","201920","Magiclands","PI","201920_Magiclands_1",179,188,194,2019-12-30,2020-01-08,2020-01-14,"Y","L3","dune","1",8,0,0,0,0,0,0,0,11,0,0,0,0,0,0,0,"1","1","0","0","0","0","0","0",2,1,-Inf,-Inf,"0",2,12,7,6,3
"2222","201920","Magiclands","PI","201920_Magiclands_2",201,205,209,2020-01-21,2020-01-25,2020-01-29,"Y","L3","foredune/face","1",4,0,0,0,0,0,0,2.5,8,0,0,0,0,0,0,5,"1","0","0","0","0","0","1","0",2,-Inf,-Inf,-Inf,"0",2,6,4,4,2
"2223","201920","Red Rocks","PI","201920_Red Rocks_1",164,186,186,2019-12-15,2020-01-06,2020-01-06,"Y","L3","dune","0",4,0,1,1,0,0,0,1,4,0,1,1,0,0,0,1,"1","0","1","1","0","0","1","0",3,-Inf,1,-Inf,"0",1,22,1,0,0
"2224","201920","Summerland Beach centre","PI","201920_Summerland Beach centre_1",152,152,158,2019-12-03,2019-12-03,2019-12-09,"N","L0","beach","1",0,0,0,0,0,0,0,0,0,0,0,0,0,0,0,0,"0","0","0","0","0","0","0","0",-Inf,-Inf,-Inf,-Inf,"0",1,3,2,6,3
"2225","201920","Woolshed Bight centre","PI","201920_Woolshed Bight centre_1",152,152,156,2019-12-03,2019-12-03,2019-12-07,"N","L0","foredune/face","1",0,0,0,0,0,0,0,0,0,0,0,0,0,0,0,0,"1","0","0","0","0","0","0","0",1,-Inf,-Inf,-Inf,"0",2,2,1,4,2
"2226","201920","Woolshed Bight centre","PI","201920_Woolshed Bight centre_2",166,183,184,2019-12-17,2020-01-03,2020-01-04,"Y","L3","beach","1",1,0,0,0,0,0,4.5,1,2,0,0,0,0,0,6,2,"1","0","0","0","0","1","1","0",1,-Inf,-Inf,-Inf,"0",2,17.5,2,1,0.5
"2227","201920","Woolshed Bight centre","PI","201920_Woolshed Bight centre_3",197,197,200,2020-01-17,2020-01-17,2020-01-20,"Y","L3","beach","1",2.5,0,0,0,0,0,0.5,0,5,0,0,0,0,0,1,0,"1","0","1","0","0","1","0","0",2,-Inf,1,-Inf,"0",2,1.5,4,3,1.5
"2228","201920","Anchorage Rd","PI","201920_Anchorage Rd_1",84,115,115,2019-09-26,2019-10-27,2019-10-27,"Y","L3","foredune/face","0",6,0,2,0,2,0,1,0,6,0,2,0,2,0,1,0,"1","0","1","0","1","1","0","0",-Inf,-Inf,-Inf,-Inf,"0",1,31,1,0,0
"2229","201920","Anchorage Rd","PI","201920_Anchorage Rd_2",148,160,160,2019-11-29,2019-12-11,2019-12-11,"Y","L3","dune","0",1,0,0,0,0,0,0,0,1,0,0,0,0,0,0,0,"1","0","0","0","0","0","0","0",-Inf,-Inf,-Inf,-Inf,"0",1,12,0,0,0
"2230","201920","Forrest Caves west","PI","201920_Forrest Caves west_1",148,148,149,2019-11-29,2019-11-29,2019-11-30,"N","L0","foredune/face","1",0,0,0,0,0,0,3,0,0,0,0,0,0,0,3,0,"0","0","0","0","0","1","0","0",-Inf,-Inf,-Inf,-Inf,"0",1,0.5,1,1,0.5
"2231","201920","Bellavista Rd","PI","201920_Bellavista Rd_1",97,117,118,2019-10-09,2019-10-29,2019-10-30,"Y","L3","foredune/face","1",0,0,0,0,0,0,2.5,3.5,0,0,0,0,0,0,4,7,"1","0","0","0","0","1","1","0",1,-Inf,-Inf,-Inf,"0",2,20.5,0,1,0.5
"2232","201920","Bellavista Rd","PI","201920_Bellavista Rd_2",139,148,149,2019-11-20,2019-11-29,2019-11-30,"Y","L3","beach","0",0,0,0,0,0,0,0.5,2.5,0,0,0,0,0,0,1,3,"0","0","0","0","0","1","1","0",-Inf,-Inf,-Inf,-Inf,"0",2,9.5,1,1,0.5
"2233","201920","Bellavista Rd","PI","201920_Bellavista Rd_3",166,170,171,2019-12-17,2019-12-21,2019-12-22,"Y","L3","foredune/face","1",1,0,0,0,0,0,0,0,1,0,0,0,0,0,0,0,"1","0","0","0","0","0","0","0",-Inf,-Inf,-Inf,-Inf,"0",1,4.5,2,1,0.5
"2234","201920","Berrys Beach east","PI","201920_Berrys Beach east_3",189,206,210,2020-01-09,2020-01-26,2020-01-30,"Y","L3","beach","1",0,0,0,0,0,0,1,0,0,0,0,0,0,0,2,0,"1","0","0","0","0","1","0","0",1,-Inf,-Inf,-Inf,"0",2,19,3,4,2
"2235","201920","Flynns Beach - west","PI","201920_Flynns Beach - west_1",168,175,176,2019-12-19,2019-12-26,2019-12-27,"Y","L3","beach","1",0,0,0,0,0,0,0,30,0,0,0,0,0,0,0,30,"0","0","0","0","0","0","1","0",-Inf,-Inf,-Inf,-Inf,"0",1,7.5,2,1,0.5
"2236","201920","Colonnades","PI","201920_Colonnades_2",216,242,242,2020-02-05,2020-03-02,2020-03-02,"Y","L3","beach","0",4,0,4,3,1,0,0,6,4,0,4,3,1,0,0,6,"1","0","1","1","1","0","1","0",1,-Inf,1,-Inf,"0",1,26,0,0,0
"2237","201920","Smiths Beach far east","PI","201920_Smiths Beach far east_1",118,125,127,2019-10-30,2019-11-06,2019-11-08,"Y","L3","beach","1",2,0,0,0,0,0,0,0,2,0,0,0,0,0,0,0,"1","0","0","0","0","0","0","0",-Inf,-Inf,-Inf,-Inf,"0",1,8,0,2,1
"2238","201920","Smiths Beach far east","PI","201920_Smiths Beach far east_2",146,149,150,2019-11-27,2019-11-30,2019-12-01,"Y","L3","beach","1",0,0,0,0,0,0,0,0,0,0,0,0,0,0,0,0,"1","0","1","0","0","0","0","0",1,-Inf,1,-Inf,"0",1,3.5,2,1,0.5
"2239","201920","Forrest Caves centre","PI","201920_Forrest Caves centre_1",216,242,242,2020-02-05,2020-03-02,2020-03-02,"Y","L3","beach","0",2,0,0,0,0,0,1,2,2,0,0,0,0,0,1,2,"1","0","0","0","0","1","1","0",1,-Inf,-Inf,-Inf,"0",1,26,0,0,0
"2240","201920","Shelly Beach","PI","201920_Shelly Beach_1",154,164,167,2019-12-05,2019-12-15,2019-12-18,"Y","L3","foredune/face","1",0,0,0,0,0,0,0,0,0,0,0,0,0,0,0,0,"0","0","1","0","0","0","0","0",-Inf,-Inf,1,-Inf,"0",1,11.5,1,3,1.5
"2241","201920","Shelly Beach","PI","201920_Shelly Beach_2",177,177,180,2019-12-28,2019-12-28,2019-12-31,"Y","L3","beach","1",11.5,0,0,0,0,0,0,0,15,0,0,0,0,0,0,0,"1","0","0","0","0","0","0","0",2,-Inf,-Inf,-Inf,"0",2,1.5,4,3,1.5
"2242","201920","Woolamai SLSC","PI","201920_Woolamai SLSC_1",145,164,169,2019-11-26,2019-12-15,2019-12-20,"Y","L3","foredune/face","1",0.5,0,0,0,0,0,1,0,1,0,0,0,0,0,2,0,"1","0","0","0","0","1","0","0",2,-Inf,-Inf,-Inf,"0",2,21.5,1,5,2.5
"2243","201920","Woolamai SLSC","PI","201920_Woolamai SLSC_2",198,206,209,2020-01-18,2020-01-26,2020-01-29,"Y","L3","dune","1",7.5,0,0,0,0,0,0,0,9,0,0,0,0,0,0,0,"1","0","0","0","0","0","0","0",1,-Inf,-Inf,-Inf,"0",2,9.5,3,3,1.5
"2244","201920","Graydens Rd","PI","201920_Graydens Rd_1",110,122,123,2019-10-22,2019-11-03,2019-11-04,"Y","L3","foredune/face","1",3,0,0.5,0,0.5,0,1.5,0,6,0,1,0,1,0,2,0,"1","0","1","0","1","1","0","0",3,-Inf,3,-Inf,"0",2,12.5,1,1,0.5
"2245","201920","Graydens Rd","PI","201920_Graydens Rd_2",160,187,187,2019-12-11,2020-01-07,2020-01-07,"Y","L3","foredune/face","0",16,0,2,2,0,0,0,0,16,0,2,2,0,0,0,0,"1","0","1","1","0","0","0","0",3,-Inf,1,-Inf,"0",1,27,1,0,0
"2246","201920","Crazy Birds east","PI","201920_Crazy Birds east_1",174,188,192,2019-12-25,2020-01-08,2020-01-12,"Y","L3","foredune/face","1",4,0,0,0,0,0,0,0,4,0,0,0,0,0,0,0,"1","0","1","0","0","0","0","0",2,-Inf,1,-Inf,"0",1,16,5,4,2
"2247","202021","Anzacs east","PI","202021_Anzacs east_1",144,146,151,2020-11-25,2020-11-27,2020-12-02,"Y","L3","beach","1",0.5,0,0,0,0,0,4,0,1,0,0,0,0,0,7,0,"1","0","0","0","0","1","0","0",1,-Inf,-Inf,-Inf,"0",2,4.5,2,5,2.5
"2248","202021","Anzacs west","PI","202021_Anzacs west_1",146,163,165,2020-11-27,2020-12-14,2020-12-16,"N","L1","dune","1",0,0,0,0,0,0,0,0,0,0,0,0,0,0,0,0,"0","0","0","0","0","0","0","0",-Inf,-Inf,-Inf,-Inf,"0",1,18,0,2,1
"2249","202021","Berrys Beach west","PI","202021_Berrys Beach west_1",153,153,159,2020-12-04,2020-12-04,2020-12-10,"N","L0","beach","1",0,0,0,0,0,0,2.5,0,0,0,0,0,0,0,5,0,"0","0","0","0","0","1","0","0",-Inf,-Inf,-Inf,-Inf,"0",2,3,2,6,3
"2250","202021","Farm Beach","PI","202021_Farm Beach_1",152,159,166,2020-12-03,2020-12-10,2020-12-17,"N","L0","beach","1",1,0,0,0,0,0,4,3,2,0,0,0,0,0,6,6,"1","0","0","0","0","1","1","0",-Inf,-Inf,-Inf,-Inf,"0",2,10.5,2,7,3.5
"2251","202021","Farm Beach","PI","202021_Farm Beach_2",179,193,200,2020-12-30,2021-01-13,2021-01-20,"N","L0","beach","1",0.5,0,0,0,0,0,0,0,1,0,0,0,0,0,0,0,"1","0","1","0","0","0","0","0",1,-Inf,1,-Inf,"0",2,17.5,8,7,3.5
"2252","202021","Flynns Reef","PI","202021_Flynns Reef_1",128,136,137,2020-11-09,2020-11-17,2020-11-18,"Y","L3","foredune/face","1",2,0,0,0,0,0,3.5,0,4,0,0,0,0,0,7,0,"1","0","0","0","0","1","0","0",1,-Inf,-Inf,-Inf,"0",2,8.5,0,1,0.5
"2253","202021","Forrest Caves east","PI","202021_Forrest Caves east_1",153,153,160,2020-12-04,2020-12-04,2020-12-11,"Y","L3","beach","1",5,0,0,0,0,0,3,0,8,0,0,0,0,0,5,0,"1","0","0","0","0","1","0","0",-Inf,-Inf,-Inf,-Inf,"0",2,3.5,2,7,3.5
"2254","202021","Forrest Caves east","PI","202021_Forrest Caves east_2",165,165,167,2020-12-16,2020-12-16,2020-12-18,"Y","L3","beach","1",2.5,0,0,0,0,0,0,0,5,0,0,0,0,0,0,0,"1","0","0","0","0","0","0","0",2,-Inf,-Inf,-Inf,"0",2,1,0,2,1
"2255","202021","Magiclands","PI","202021_Magiclands_1",76,78,82,2020-09-18,2020-09-20,2020-09-24,"Y","L3","foredune/face","1",12,0,0,0,0,0,0,6,12,0,0,0,0,0,0,6,"1","0","0","0","0","0","1","0",1,-Inf,-Inf,-Inf,"0",1,4,5,4,2
"2256","202021","Magiclands","PI","202021_Magiclands_2",108,108,110,2020-10-20,2020-10-20,2020-10-22,"Y","L3","foredune/face","1",1,0,0,0,0,0,0,0,1,0,0,0,0,0,0,0,"1","0","0","0","0","0","0","0",-Inf,-Inf,-Inf,-Inf,"0",1,1,0,2,1
"2257","202021","Magiclands","PI","202021_Magiclands_3",214,221,223,2021-02-03,2021-02-10,2021-02-12,"Y","L3","dune","1",4,0.5,0,0,0,0,0,1,8,1,0,0,0,0,0,2,"1","1","0","0","0","0","1","0",2,2,-Inf,-Inf,"0",2,8,0,2,1
"2258","202021","Red Rocks","PI","202021_Red Rocks_1",115,130,131,2020-10-27,2020-11-11,2020-11-12,"Y","L3","foredune/face","1",1,0,0,0,0,0,2.5,0.5,2,0,0,0,0,0,5,1,"1","0","1","0","0","1","1","0",2,-Inf,1,-Inf,"0",2,15.5,0,1,0.5
"2259","202021","Silverleaves east","PI","202021_Silverleaves east_1",108,108,115,2020-10-20,2020-10-20,2020-10-27,"N","L0","foredune/face","1",0,0,0,0,0,0,1,0,0,0,0,0,0,0,1,0,"0","0","0","0","0","1","0","0",-Inf,-Inf,-Inf,-Inf,"0",1,3.5,2,7,3.5
"2260","202021","Silverleaves east","PI","202021_Silverleaves east_2",123,123,125,2020-11-04,2020-11-04,2020-11-06,"Y","L3","beach","1",0,0,0,0,0,0,5,0,0,0,0,0,0,0,5,0,"0","0","0","0","0","1","0","0",-Inf,-Inf,-Inf,-Inf,"0",1,1,0,2,1
"2261","202021","Surfies Point west","PI","202021_Surfies Point west_1",185,193,195,2021-01-05,2021-01-13,2021-01-15,"Y","L3","beach","1",4.5,0,0,0,0,0,0,0,9,0,0,0,0,0,0,0,"1","0","1","0","0","0","0","0",2,-Inf,1,-Inf,"0",2,9,3,2,1
"2262","202021","Woolamai SLSC west","PI","202021_Woolamai SLSC west_3",222,235,235,2021-02-11,2021-02-24,2021-02-24,"Y","L3","beach","0",0,0,0,0,0,0,0,6,0,0,0,0,0,0,0,6,"1","0","0","0","0","0","1","0",1,-Inf,-Inf,-Inf,"0",1,13,0,0,0
"2263","202021","Anchorage Rd","PI","202021_Anchorage Rd_2",131,136,144,2020-11-12,2020-11-17,2020-11-25,"Y","L3","beach","1",3.5,0,0,0,0,0,0,0.5,4,0,0,0,0,0,0,1,"1","0","1","0","0","0","1","0",1,-Inf,1,-Inf,"0",2,9,2,8,4
"2264","202021","Anchorage Rd","PI","202021_Anchorage Rd_3",160,177,177,2020-12-11,2020-12-28,2020-12-28,"Y","L3","beach","0",17,0,0,0,0,0,0,0,17,0,0,0,0,0,0,0,"1","0","0","0","0","0","0","0",-Inf,-Inf,-Inf,-Inf,"0",1,17,1,0,0
"2265","202021","Anchorage Rd","PI","202021_Anchorage Rd_4",220,222,222,2021-02-09,2021-02-11,2021-02-11,"Y","L3","beach","0",0,0,0,0,0,0,0,0,0,0,0,0,0,0,0,0,"0","0","0","0","0","0","0","0",-Inf,-Inf,-Inf,-Inf,"0",1,2,0,0,0
"2266","202021","Forrest Caves west","PI","202021_Forrest Caves west_1",110,110,114,2020-10-22,2020-10-22,2020-10-26,"N","L0","foredune/face","1",0.5,0,0.5,0,0.5,0,0,3,1,0,1,0,1,0,0,6,"1","0","1","0","1","0","1","0",1,-Inf,1,-Inf,"0",2,2,2,4,2
"2267","202021","Surf Beach - Park St","PI","202021_Surf Beach - Park St_1",150,150,153,2020-12-01,2020-12-01,2020-12-04,"Y","L3","beach","1",2,0,2,1,1,0,0,1,2,0,2,1,1,0,0,1,"1","0","1","1","1","0","1","0",1,-Inf,1,-Inf,"0",1,1.5,0,3,1.5
"2268","202021","Surf Beach - Park St","PI","202021_Surf Beach - Park St_2",173,173,178,2020-12-24,2020-12-24,2020-12-29,"Y","L3","beach","1",8,0,0,0,0,0,0,1.5,16,0,0,0,0,0,0,3,"1","0","1","0","0","0","1","0",2,-Inf,1,-Inf,"0",2,2.5,6,5,2.5
"2269","202021","Flynns Beach - centre","PI","202021_Flynns Beach - centre_3",216,229,229,2021-02-05,2021-02-18,2021-02-18,"Y","L3","beach","0",1,0,0,0,0,0,1,0,1,0,0,0,0,0,1,0,"1","0","0","0","0","1","0","0",1,-Inf,-Inf,-Inf,"0",1,13,0,0,0
"2270","202021","Anderson Boat Ramp east","PI","202021_Anderson Boat Ramp east_1",88,89,93,2020-09-30,2020-10-01,2020-10-05,"Y","L3","estuary/spit","1",4,0,4,3,1,0,4,0,4,0,4,3,1,0,4,0,"1","0","1","1","1","1","0","0",-Inf,-Inf,-Inf,-Inf,"0",1,3,4,4,2
"2271","202021","Anzacs","PI","202021_Anzacs_2",163,165,173,2020-12-14,2020-12-16,2020-12-24,"Y","L3","beach","1",6,0,0,0,0,0,0,6,6,0,0,0,0,0,0,6,"1","0","0","0","0","0","1","0",3,-Inf,-Inf,-Inf,"0",1,6,6,8,4
"2272","202021","Colonnades","PI","202021_Colonnades_1",138,143,146,2020-11-19,2020-11-24,2020-11-27,"Y","L3","beach","1",1,0,0,0,0,0,0.5,4,2,0,0,0,0,0,1,8,"1","0","0","0","0","1","1","0",2,-Inf,-Inf,-Inf,"0",2,6.5,0,3,1.5
"2273","202021","Smiths Beach far east","PI","202021_Smiths Beach far east_1",102,108,109,2020-10-14,2020-10-20,2020-10-21,"Y","L3","beach","1",0.5,0,0,0,0,0,2,1,1,0,0,0,0,0,4,2,"1","0","1","0","0","1","1","0",-Inf,-Inf,1,-Inf,"0",2,6.5,0,1,0.5
"2274","202021","Smiths Beach far east","PI","202021_Smiths Beach far east_2",142,142,142,2020-11-23,2020-11-23,2020-11-23,"N","L0","beach","1",1,0,0,0,0,0,6,0,1,0,0,0,0,0,6,0,"1","0","1","0","0","1","0","0",1,-Inf,1,-Inf,"0",1,0,0,0,0
"2275","202021","Smiths Beach far east","PI","202021_Smiths Beach far east_3",185,207,207,2021-01-05,2021-01-27,2021-01-27,"Y","L3","beach","0",2,0,0,0,0,0,0,0,2,0,0,0,0,0,0,0,"1","0","0","0","0","0","0","0",1,-Inf,-Inf,-Inf,"0",1,22,0,0,0
"2276","202021","Forrest Caves centre","PI","202021_Forrest Caves centre_1",128,128,130,2020-11-09,2020-11-09,2020-11-11,"N","L0","beach","1",1,0,0,0,0,0,0.5,0,2,0,0,0,0,0,1,0,"1","0","0","0","0","1","0","0",1,-Inf,-Inf,-Inf,"0",2,1,0,2,1
"2277","202021","Forrest Caves centre","PI","202021_Forrest Caves centre_2",139,144,145,2020-11-20,2020-11-25,2020-11-26,"Y","L3","dune","1",5,0,0,0,0,0,4,9,5,0,0,0,0,0,4,9,"1","0","0","0","0","1","1","0",1,-Inf,-Inf,-Inf,"0",1,5.5,0,1,0.5
"2278","202021","Forrest Caves centre","PI","202021_Forrest Caves centre_3",168,169,173,2020-12-19,2020-12-20,2020-12-24,"Y","L3","beach","1",4,0,0,0,0,0,0,0,4,0,0,0,0,0,0,0,"1","0","0","0","0","0","0","0",-Inf,-Inf,-Inf,-Inf,"0",1,3,5,4,2
"2279","202021","Forrest Caves centre","PI","202021_Forrest Caves centre_4",195,207,208,2021-01-15,2021-01-27,2021-01-28,"Y","L3","beach","1",1,0,0,0,0,0,3.5,1,2,0,0,0,0,0,7,2,"1","0","0","0","0","1","1","0",1,-Inf,-Inf,-Inf,"0",2,12.5,0,1,0.5
"2280","202021","Ventnor - Devon Ave","PI","202021_Ventnor - Devon Ave_2",179,203,203,2020-12-30,2021-01-23,2021-01-23,"Y","L3","beach","0",10,0,0,0,0,0,0,0,10,0,0,0,0,0,0,0,"1","0","0","0","0","0","0","0",-Inf,-Inf,-Inf,-Inf,"0",1,24,1,0,0
"2281","202021","Woolamai SLSC","PI","202021_Woolamai SLSC_2",117,146,146,2020-10-29,2020-11-27,2020-11-27,"Y","L3","beach","0",8,0,0,0,0,0,0,0,8,0,0,0,0,0,0,0,"1","0","0","0","0","0","0","0",-Inf,-Inf,-Inf,-Inf,"0",1,29,0,0,0
"2282","202021","Crazy Birds","PI","202021_Crazy Birds_1",81,103,103,2020-09-23,2020-10-15,2020-10-15,"Y","L3","foredune/face","0",0,0,0,0,0,0,0,0,0,0,0,0,0,0,0,0,"1","0","1","0","0","0","0","0",2,-Inf,2,-Inf,"0",1,22,0,0,0
"2283","202021","Kitty Miller Bay","PI","202021_Kitty Miller Bay_1",159,191,191,2020-12-10,2021-01-11,2021-01-11,"Y","L3","beach","0",20,0,0,0,0,0,0,0,20,0,0,0,0,0,0,0,"1","0","0","0","0","0","0","0",3,-Inf,-Inf,-Inf,"0",1,32,1,0,0
"2284","202021","Smiths Beach east","PI","202021_Smiths Beach east_1",129,130,135,2020-11-10,2020-11-11,2020-11-16,"Y","L3","beach","1",7,0,2.5,1.5,1,0,6,0,10,0,3,2,2,0,8,0,"1","0","1","1","1","1","0","0",2,-Inf,2,-Inf,"0",2,3.5,2,5,2.5
"2285","202122","Anzacs east","PI","202122_Anzacs east_1",71,71,79,2021-09-13,2021-09-13,2021-09-21,"N","L0","foredune/face","1",0.5,0,0,0,0,0,0.5,0,1,0,0,0,0,0,1,0,"1","0","1","0","0","1","0","0",1,-Inf,1,-Inf,"0",2,4,4,8,4
"2286","202122","Anzacs west","PI","202122_Anzacs west_1",187,187,194,2022-01-07,2022-01-07,2022-01-14,"N","L0","dune","1",7,0,0,0,0,0,0,1.5,12,0,0,0,0,0,0,3,"1","0","1","0","0","0","1","0",1,-Inf,1,-Inf,"0",2,3.5,8,7,3.5
"2287","202122","Anzacs west","PI","202122_Anzacs west_2",200,214,221,2022-01-20,2022-02-03,2022-02-10,"Y","L3","beach","1",1,0,0,0,0,0,0.5,2,2,0,0,0,0,0,1,2,"1","0","0","0","0","1","1","0",1,-Inf,-Inf,-Inf,"0",2,17.5,2,7,3.5
"2288","202122","Anzacs west","PI","202122_Anzacs west_3",235,235,239,2022-02-24,2022-02-24,2022-02-28,"Y","L3","beach","1",0.5,0,0,0,0,0,3,6,1,0,0,0,0,0,6,11,"1","0","0","0","0","1","1","0",1,-Inf,-Inf,-Inf,"0",2,2,2,4,2
"2289","202122","Farm Beach","PI","202122_Farm Beach_1",169,169,179,2021-12-20,2021-12-20,2021-12-30,"N","L0","beach","1",0.5,0,0,0,0,0,0,0,1,0,0,0,0,0,0,0,"1","0","0","0","0","0","0","0",1,-Inf,-Inf,-Inf,"0",2,5,11,10,5
"2290","202122","Flynns Reef","PI","202122_Flynns Reef_1",142,158,158,2021-11-23,2021-12-09,2021-12-09,"Y","L3","foredune/face","0",7,0,0,0,0,0,0,1,7,0,0,0,0,0,0,1,"1","0","0","0","0","0","1","0",2,-Inf,-Inf,-Inf,"0",1,16,0,0,0
"2291","202122","Magiclands","PI","202122_Magiclands_1",63,63,65,2021-09-05,2021-09-05,2021-09-07,"N","L0","beach","1",4.5,0,0,0,0,0,0,0,7,0,0,0,0,0,0,0,"1","0","0","0","0","0","0","0",1,-Inf,-Inf,-Inf,"0",2,1,1,2,1
"2292","202122","Silverleaves east","PI","202122_Silverleaves east_1",144,144,148,2021-11-25,2021-11-25,2021-11-29,"Y","L3","foredune/face","1",0.5,0,0,0,0,0,0,1.5,1,0,0,0,0,0,0,3,"1","0","1","0","0","0","1","0",2,-Inf,1,-Inf,"0",2,2,2,4,2
"2293","202122","Silverleaves east","PI","202122_Silverleaves east_2",173,178,180,2021-12-24,2021-12-29,2021-12-31,"Y","L3","beach","1",16,0,0,0,0,0,0,0,24,0,0,0,0,0,0,0,"1","0","0","0","0","0","0","0",3,-Inf,-Inf,-Inf,"0",2,6,3,2,1
"2294","202122","Summerland Beach centre","PI","202122_Summerland Beach centre_1",173,178,186,2021-12-24,2021-12-29,2022-01-06,"N","L0","beach","1",6,0,0,0,0,0,0,3,6,0,0,0,0,0,0,3,"1","0","0","0","0","0","1","0",1,-Inf,-Inf,-Inf,"0",1,9,9,8,4
"2295","202122","Woolshed Bight centre","PI","202122_Woolshed Bight centre_1",212,227,227,2022-02-01,2022-02-16,2022-02-16,"N","L0","beach","0",0,0,0,0,0,0,0,0,0,0,0,0,0,0,0,0,"1","0","1","0","0","0","0","0",1,-Inf,1,-Inf,"0",1,15,0,0,0
"2296","202122","Anchorage Rd","PI","202122_Anchorage Rd_1",95,123,123,2021-10-07,2021-11-04,2021-11-04,"Y","L3","beach","0",2,0,2,0,2,0,0,0,2,0,2,0,2,0,0,0,"1","0","1","0","1","0","0","0",3,-Inf,1,-Inf,"0",1,28,0,0,0
"2297","202122","Anchorage Rd","PI","202122_Anchorage Rd_2",145,165,165,2021-11-26,2021-12-16,2021-12-16,"Y","L3","beach","0",2,0,3,3,0,0,0,2,2,0,3,3,0,0,0,2,"1","0","1","1","0","0","1","0",3,-Inf,1,-Inf,"0",1,20,0,0,0
"2298","202122","Colonnades","PI","202122_Colonnades_1",166,169,180,2021-12-17,2021-12-20,2021-12-31,"Y","L3","beach","1",5,0,2,1,1,0,0,0,6,0,4,2,2,0,0,0,"1","0","1","1","1","0","0","0",3,-Inf,3,-Inf,"0",2,8.5,12,11,5.5
"2299","202122","Colonnades","PI","202122_Colonnades_2",187,187,193,2022-01-07,2022-01-07,2022-01-13,"N","L0","foredune/face","1",4.5,0,1.5,0,1.5,0,0,0,5,0,3,0,3,0,0,0,"1","0","1","0","1","0","0","0",1,-Inf,1,-Inf,"0",2,3,7,6,3
"2300","202122","Colonnades","PI","202122_Colonnades_3",200,232,232,2022-01-20,2022-02-21,2022-02-21,"Y","L3","beach","0",2,0,4,4,0,0,0,0,2,0,4,4,0,0,0,0,"1","0","1","1","0","0","0","0",-Inf,-Inf,-Inf,-Inf,"0",1,32,0,0,0
"2301","202122","Forrest Caves centre","PI","202122_Forrest Caves centre_1",215,221,225,2022-02-04,2022-02-10,2022-02-14,"Y","L3","beach","1",0,0,0,0,0,0,2,1,0,0,0,0,0,0,2,2,"0","0","0","0","0","1","1","0",-Inf,-Inf,-Inf,-Inf,"0",2,8,2,4,2
"2302","202122","Ventnor - Devon Ave","PI","202122_Ventnor - Devon Ave_1",100,128,128,2021-10-12,2021-11-09,2021-11-09,"Y","L3","foredune/face","0",0,0,0,0,0,0,0,0,0,0,0,0,0,0,0,0,"0","0","0","0","0","0","0","0",-Inf,-Inf,-Inf,-Inf,"0",1,28,0,0,0
"2303","202122","Ventnor - Devon Ave","PI","202122_Ventnor - Devon Ave_2",157,183,183,2021-12-08,2022-01-03,2022-01-03,"Y","L3","foredune/face","0",1,0,1,1,0,0,0,0,1,0,1,1,0,0,0,0,"1","0","1","1","0","0","0","0",-Inf,-Inf,-Inf,-Inf,"0",1,26,1,0,0
"2304","202122","Woolamai SLSC","PI","202122_Woolamai SLSC_1",71,85,95,2021-09-13,2021-09-27,2021-10-07,"Y","L3","foredune/face","1",0,0,0,0,0,0,0,0,0,0,0,0,0,0,0,0,"1","1","0","0","0","0","0","0",2,2,-Inf,-Inf,"0",2,19,7,10,5
"2305","202122","Woolamai SLSC","PI","202122_Woolamai SLSC_2",125,150,150,2021-11-06,2021-12-01,2021-12-01,"Y","L3","foredune/face","0",14,0,0,0,0,0,0,3,14,0,0,0,0,0,0,3,"1","0","0","0","0","0","1","0",2,-Inf,-Inf,-Inf,"0",1,25,0,0,0
"2306","202122","Colonnades west","PI","202122_Colonnades west_2",235,250,250,2022-02-24,2022-03-11,2022-03-11,"Y","L3","beach","0",0,0,0,0,0,0,0,0,0,0,0,0,0,0,0,0,"0","0","1","0","0","0","0","0",-Inf,-Inf,1,-Inf,"0",1,15,0,0,0
"2307","202122","Kitty Miller Bay","PI","202122_Kitty Miller Bay _1",156,169,170,2021-12-07,2021-12-20,2021-12-21,"Y","L3","beach","1",5,0,0,0,0,0,0.5,0,10,0,0,0,0,0,1,0,"1","0","0","0","0","1","0","0",2,-Inf,-Inf,-Inf,"0",2,13.5,2,1,0.5
"2308","202122","Kitty Miller Bay","PI","202122_Kitty Miller Bay _2",179,209,209,2021-12-30,2022-01-29,2022-01-29,"Y","L3","foredune/face","0",10,0,0,0,0,0,0,0,10,0,0,0,0,0,0,0,"1","0","0","0","0","0","0","0",2,-Inf,-Inf,-Inf,"0",1,30,1,0,0
"2309","202223","Anzacs east","PI","202223_Anzacs east_1",179,183,187,2022-12-30,2023-01-03,2023-01-07,"Y","L3","beach","1",0,0,0,0,0,0,0,2.5,0,0,0,0,0,0,0,5,"1","0","0","0","0","0","1","0",2,-Inf,-Inf,-Inf,"0",2,6,5,4,2
"2310","202223","Anzacs west","PI","202223_Anzacs west_1",228,255,255,2023-02-17,2023-03-16,2023-03-16,"Y","L3","dune","0",1,0,1,0,1,0,0,31,1,0,1,0,1,0,0,31,"1","0","1","0","1","0","1","0",-Inf,-Inf,-Inf,-Inf,"0",1,27,0,0,0
"2311","202223","Berrys Beach centre","PI","202223_Berrys Beach centre_1",172,172,178,2022-12-23,2022-12-23,2022-12-29,"Y","L3","beach","1",4.5,0,0,0,0,0,1.5,2.5,6,0,0,0,0,0,3,5,"1","0","0","0","0","1","1","0",1,-Inf,-Inf,-Inf,"0",2,3,7,6,3
"2312","202223","Flynns Reef","PI","202223_Flynns Reef_1",108,108,118,2022-10-20,2022-10-20,2022-10-30,"Y","L3","beach","1",2,0,0,0,0,0,3,2,2,0,0,0,0,0,3,2,"1","0","0","0","0","1","1","0",2,-Inf,-Inf,-Inf,"0",1,5,4,10,5
"2313","202223","Flynns Reef","PI","202223_Flynns Reef_3",179,179,183,2022-12-30,2022-12-30,2023-01-03,"Y","L3","beach","1",1,0,0,0,0,0,0,1,1,0,0,0,0,0,0,1,"1","0","0","0","0","0","1","0",2,-Inf,-Inf,-Inf,"0",1,2,5,4,2
"2314","202223","Woolamai SLSC west","PI","202223_Woolamai SLSC west_2",159,159,164,2022-12-10,2022-12-10,2022-12-15,"Y","L3","beach","1",3,0,0,0,0,0,0,0,6,0,0,0,0,0,0,0,"1","0","0","0","0","0","0","0",2,-Inf,-Inf,-Inf,"0",2,2.5,2,5,2.5
"2315","202223","Woolamai SLSC west","PI","202223_Woolamai SLSC west_3",190,211,218,2023-01-10,2023-01-31,2023-02-07,"Y","L3","beach","1",1,0,0,0,0,0,0,3.5,2,0,0,0,0,0,0,4,"1","0","0","0","0","0","1","0",1,-Inf,-Inf,-Inf,"0",2,24.5,2,7,3.5
"2316","202223","Anchorage Rd","PI","202223_Anchorage Rd_1",126,154,154,2022-11-07,2022-12-05,2022-12-05,"Y","L3","beach","0",4,0,1,0,1,0,0,0,4,0,1,0,1,0,0,0,"1","0","1","0","1","0","0","0",-Inf,-Inf,-Inf,-Inf,"0",1,28,0,0,0
"2317","202223","Forrest Caves west","PI","202223_Forrest Caves west_1",183,196,200,2023-01-03,2023-01-16,2023-01-20,"Y","L3","dune","1",2,0,0,0,0,0,0,0,2,0,0,0,0,0,0,0,"1","0","1","0","0","0","0","0",3,-Inf,1,-Inf,"0",1,15,5,4,2
"2318","202223","Forrest Caves west","PI","202223_Forrest Caves west_2",220,233,233,2023-02-09,2023-02-22,2023-02-22,"Y","L3","dune","0",0,0,0,0,0,0,0,0,0,0,0,0,0,0,0,0,"0","0","0","0","0","0","0","0",-Inf,-Inf,-Inf,-Inf,"0",1,13,0,0,0
"2319","202223","Surf Beach - Park St","PI","202223_Surf Beach - Park St_1",196,219,219,2023-01-16,2023-02-08,2023-02-08,"Y","L3","beach","0",0,0,0,0,0,0,0,0,0,0,0,0,0,0,0,0,"1","0","1","0","0","0","0","0",2,-Inf,1,-Inf,"0",1,23,0,0,0
"2320","202223","Flynns Beach - centre","PI","202223_Flynns Beach - centre_2",146,165,169,2022-11-27,2022-12-16,2022-12-20,"Y","L3","foredune/face","1",2,0,0,0,0,0,0,0,4,0,0,0,0,0,0,0,"1","0","0","0","0","0","0","0",2,-Inf,-Inf,-Inf,"0",2,21,2,4,2
"2321","202223","Flynns Beach - west","PI","202223_Flynns Beach - west_4",197,206,218,2023-01-17,2023-01-26,2023-02-07,"Y","L3","beach","1",0,0,0,0,0,0,0,0,0,0,0,0,0,0,0,0,"0","0","1","0","0","0","0","0",-Inf,-Inf,1,-Inf,"0",2,15,6,12,6
"2322","202223","Colonnades","PI","202223_Colonnades_1",159,160,164,2022-12-10,2022-12-11,2022-12-15,"Y","L3","beach","1",3,0,3,2,1,0,0,0,3,0,3,2,1,0,0,0,"1","0","1","1","1","0","0","0",2,-Inf,2,-Inf,"0",1,3,1,4,2
"2323","202223","Colonnades","PI","202223_Colonnades_2",178,202,202,2022-12-29,2023-01-22,2023-01-22,"Y","L3","foredune/face","0",2,0,0,0,0,0,0,0,2,0,0,0,0,0,0,0,"1","0","1","0","0","0","0","0",3,-Inf,3,-Inf,"0",1,24,1,0,0
"2324","202223","Colonnades","PI","202223_Colonnades_3",238,246,249,2023-02-27,2023-03-07,2023-03-10,"Y","L3","beach","1",1,0,2.5,0,2.5,0,0,0,1,0,3,0,3,0,0,0,"1","0","1","0","1","0","0","0",-Inf,-Inf,-Inf,-Inf,"0",2,9.5,0,3,1.5
"2325","202223","Smiths Beach far east","PI","202223_Smiths Beach far east_1",111,113,122,2022-10-23,2022-10-25,2022-11-03,"Y","L3","beach","1",0,0,0,0,0,0,4,0,0,0,0,0,0,0,6,0,"1","0","0","0","0","1","0","0",1,-Inf,-Inf,-Inf,"0",2,6.5,3,9,4.5
"2326","202223","Smiths Beach far east","PI","202223_Smiths Beach far east_2",132,132,136,2022-11-13,2022-11-13,2022-11-17,"Y","L3","beach","1",1,0,0,0,0,0,0,0,1,0,0,0,0,0,0,0,"1","0","0","0","0","0","0","0",1,-Inf,-Inf,-Inf,"0",1,2,1,4,2
"2327","202223","Smiths Beach far east","PI","202223_Smiths Beach far east_3",157,157,164,2022-12-08,2022-12-08,2022-12-15,"Y","L3","beach","1",2,0,0,0,0,0,3,0,2,0,0,0,0,0,3,0,"1","0","0","0","0","1","0","0",2,-Inf,-Inf,-Inf,"0",1,3.5,2,7,3.5
"2328","202223","Smiths Beach far east","PI","202223_Smiths Beach far east_4",172,172,177,2022-12-23,2022-12-23,2022-12-28,"Y","L3","beach","1",0,0,0,0,0,0,2,0,0,0,0,0,0,0,2,0,"1","0","0","0","0","1","0","0",1,-Inf,-Inf,-Inf,"0",1,2.5,6,5,2.5
"2329","202223","Shelly Beach","PI","202223_Shelly Beach_1",189,193,196,2023-01-09,2023-01-13,2023-01-16,"Y","L3","beach","1",4,0,0,0,0,0,0,0,4,0,0,0,0,0,0,0,"1","0","0","0","0","0","0","0",-Inf,-Inf,-Inf,-Inf,"0",1,5.5,4,3,1.5
"2330","202223","Woolamai SLSC","PI","202223_Woolamai SLSC_1",114,114,117,2022-10-26,2022-10-26,2022-10-29,"N","L0","foredune/face","1",1,0,0,0,0,0,2,2,2,0,0,0,0,0,4,4,"1","0","0","0","0","1","1","0",-Inf,-Inf,-Inf,-Inf,"0",2,1.5,1,3,1.5
"2331","202223","Colonnades west","PI","202223_Colonnades west_2",129,129,136,2022-11-10,2022-11-10,2022-11-17,"Y","L3","beach","1",2.5,0,2,1,1,0,0,0,4,0,3,2,1,0,0,0,"1","0","1","1","1","0","0","0",2,-Inf,2,-Inf,"0",2,3.5,2,7,3.5
"2332","202223","Colonnades west","PI","202223_Colonnades west_3",150,153,159,2022-12-01,2022-12-04,2022-12-10,"Y","L3","foredune/face","1",1.5,0,1,0,1,0,0,0,3,0,2,0,2,0,0,0,"1","0","1","0","1","0","0","0",2,-Inf,2,-Inf,"0",2,6,2,6,3
"2333","202223","Colonnades west","PI","202223_Colonnades west_4",171,196,196,2022-12-22,2023-01-16,2023-01-16,"Y","L3","foredune/face","0",3,0,1,1,0,0,0,1,3,0,1,1,0,0,0,1,"1","0","1","1","0","0","1","0",2,-Inf,2,-Inf,"0",1,25,1,0,0
"2334","202223","Crazy Birds","PI","202223_Crazy Birds_1",78,99,99,2022-09-20,2022-10-11,2022-10-11,"Y","L3","beach","0",5,0,0,0,0,0,0,0,5,0,0,0,0,0,0,0,"1","0","1","0","0","0","0","0",2,-Inf,1,-Inf,"0",1,21,0,0,0
"2335","202223","Crazy Birds","PI","202223_Crazy Birds_3",186,196,196,2023-01-06,2023-01-16,2023-01-16,"Y","L3","foredune/face","0",7,0,2,1,1,0,0,0,7,0,2,1,1,0,0,0,"1","0","1","1","1","0","0","0",-Inf,-Inf,-Inf,-Inf,"0",1,10,1,0,0
"2336","202223","Crazy Birds east","PI","202223_Crazy Birds east_2",144,144,150,2022-11-25,2022-11-25,2022-12-01,"Y","L3","foredune/face","1",4.5,0,0.5,0,0.5,0,1.5,1.5,5,0,1,0,1,0,3,2,"1","0","1","0","1","1","1","0",2,-Inf,1,-Inf,"0",2,3,2,6,3
"2337","202324","Flynns Reef","PI","202324_Flynns Reef_1",184,196,198,2024-01-04,2024-01-16,2024-01-18,"Y","L3","beach","1",0,0,0,0,0,0,0,1,0,0,0,0,0,0,0,1,"0","0","0","0","0","0","1","0",-Inf,-Inf,-Inf,-Inf,"0",1,13,3,2,1
"2338","202324","Summerland Beach centre","PI","202324_Summerland Beach centre_1",181,184,190,2024-01-01,2024-01-04,2024-01-10,"Y","L3","beach","1",4,0,0,0,0,0,3,2,4,0,0,0,0,0,3,2,"1","0","0","0","0","1","1","0",1,-Inf,-Inf,-Inf,"0",1,6,7,6,3
"2339","202324","Anchorage Rd","PI","202324_Anchorage Rd_1",77,107,108,2023-09-19,2023-10-19,2023-10-20,"Y","L2","foredune/face","1",3.5,0,0,0,0,0,0,0,6,0,0,0,0,0,0,0,"1","0","0","0","0","0","0","0",-Inf,-Inf,-Inf,-Inf,"0",2,30.5,0,1,0.5
"2340","202324","Anchorage Rd","PI","202324_Anchorage Rd_3",177,199,199,2023-12-28,2024-01-19,2024-01-19,"Y","L3","beach","0",14,0,6,2,4,0,0,3,14,0,6,2,4,0,0,3,"1","0","1","1","1","0","1","0",-Inf,-Inf,-Inf,-Inf,"0",1,22,1,0,0
"2341","202324","Anchorage Rd","PI","202324_Anchorage Rd_4",227,248,248,2024-02-16,2024-03-08,2024-03-08,"Y","L3","foredune/face","0",4,0,1,1,0,0,0,0,4,0,1,1,0,0,0,0,"1","0","1","1","0","0","0","0",-Inf,-Inf,-Inf,-Inf,"0",1,21,0,0,0
"2342","202324","Surf Beach - Park St","PI","202324_Surf Beach - Park St_1",75,98,102,2023-09-17,2023-10-10,2023-10-14,"Y","L3","foredune/face","1",3,0,0,0,0,0,1,6.5,4,0,0,0,0,0,1,10,"1","0","1","0","0","1","1","0",2,-Inf,2,-Inf,"0",2,25,1,4,2
"2343","202324","Flynns Beach - centre","PI","202324_Flynns Beach - centre_1",218,219,225,2024-02-07,2024-02-08,2024-02-14,"Y","L3","beach","1",3.5,0,0,0,0,0,1,2,5,0,0,0,0,0,2,3,"1","0","0","0","0","1","1","0",2,-Inf,-Inf,-Inf,"0",2,4,2,6,3
"2344","202324","Colonnades","PI","202324_Colonnades_1",143,143,146,2023-11-24,2023-11-24,2023-11-27,"Y","L3","beach","1",4,0,0.5,0.5,0.5,0,0,0.5,5,0,1,1,1,0,0,1,"1","0","1","1","1","0","1","0",3,-Inf,2,-Inf,"0",2,1.5,2,3,1.5
"2345","202324","Colonnades","PI","202324_Colonnades_2",201,203,203,2024-01-21,2024-01-23,2024-01-23,"Y","L3","beach","0",8,0,0,0,0,0,0,5,8,0,0,0,0,0,0,5,"1","0","0","0","0","0","1","0",2,-Inf,-Inf,-Inf,"0",1,2,1,0,0
"2346","202324","Smiths Beach far east","PI","202324_Smiths Beach far east_1",144,149,155,2023-11-25,2023-11-30,2023-12-06,"Y","L3","beach","1",0,0,0,0,0,0,0.5,0,0,0,0,0,0,0,1,0,"1","0","1","0","0","1","0","0",1,-Inf,1,-Inf,"0",2,8,2,6,3
"2347","202324","Smiths Beach far east","PI","202324_Smiths Beach far east_2",169,189,189,2023-12-20,2024-01-09,2024-01-09,"Y","L3","beach","0",0,0,0,0,0,0,0,0,0,0,0,0,0,0,0,0,"1","0","0","0","0","0","0","0",3,-Inf,-Inf,-Inf,"0",1,20,1,0,0
"2348","202324","Forrest Caves centre","PI","202324_Forrest Caves centre_1",178,178,183,2023-12-29,2023-12-29,2024-01-03,"N","L0","beach","1",40.5,0,0,0,0,0,0,1,41,0,0,0,0,0,0,2,"1","0","1","0","0","0","1","0",3,-Inf,2,-Inf,"0",2,2.5,6,5,2.5
"2349","202324","Colonnades west","PI","202324_Colonnades west_1",129,149,149,2023-11-10,2023-11-30,2023-11-30,"Y","L3","foredune/face","0",3,0,1,1,0,0,2,0,3,0,1,1,0,0,2,0,"1","0","1","1","0","1","0","0",1,-Inf,1,-Inf,"0",1,20,0,0,0
"2350","202324","Crazy Birds","PI","202324_Crazy Birds_1",76,76,79,2023-09-18,2023-09-18,2023-09-21,"Y","L3","beach","1",1,0,0,0,0,0,0.5,1,2,0,0,0,0,0,1,1,"1","0","1","0","0","1","1","0",2,-Inf,1,-Inf,"0",2,1.5,4,3,1.5
"2351","202324","Crazy Birds","PI","202324_Crazy Birds_2",137,162,162,2023-11-18,2023-12-13,2023-12-13,"Y","L3","beach","0",4,0,0,0,0,0,0,3,4,0,0,0,0,0,0,3,"1","0","1","0","0","0","1","0",2,-Inf,2,-Inf,"0",1,25,0,0,0
"2352","202425","Anzacs east","PI","202425_Anzacs east_1",193,193,194,2025-01-13,2025-01-13,2025-01-14,"N","L0","beach","1",7.5,0,0,0,0,0,0,1.5,9,0,0,0,0,0,0,3,"1","0","0","0","0","0","1","0",3,-Inf,-Inf,-Inf,"0",2,0.5,0,1,0.5
"2353","202425","Anzacs west","PI","202425_Anzacs west_1",124,132,139,2024-11-05,2024-11-13,2024-11-20,"Y","L3","beach","1",0.5,0,0,0,0,0,1.5,0.5,1,0,0,0,0,0,3,1,"1","0","1","0","0","1","1","0",-Inf,-Inf,1,-Inf,"0",2,11.5,2,7,3.5
"2354","202425","Anzacs west","PI","202425_Anzacs west_2",145,145,153,2024-11-26,2024-11-26,2024-12-04,"Y","L3","beach","1",0,0,0,0,0,0,0,0.5,0,0,0,0,0,0,0,1,"1","0","0","0","0","0","1","0",1,-Inf,-Inf,-Inf,"0",2,4,2,8,4
"2355","202425","Berrys Beach centre","PI","202425_Berrys Beach centre_2",161,161,166,2024-12-12,2024-12-12,2024-12-17,"Y","L3","beach","1",0,0,0,0,0,0,4,13,0,0,0,0,0,0,4,13,"0","0","0","0","0","1","1","0",-Inf,-Inf,-Inf,-Inf,"0",1,2.5,2,5,2.5
"2356","202425","Berrys Beach west","PI","202425_Berrys Beach west_1",141,141,142,2024-11-22,2024-11-22,2024-11-23,"Y","L3","beach","1",12.5,0,0,0,0,0,2,0,17,0,0,0,0,0,3,0,"1","0","0","0","0","1","0","0",2,-Inf,-Inf,-Inf,"0",2,0.5,1,1,0.5
"2357","202425","Cowrie Beach east","PI","202425_Cowrie Beach east_1",151,172,172,2024-12-02,2024-12-23,2024-12-23,"Y","L3","foredune/face","0",0,0,0,0,0,0,0,0,0,0,0,0,0,0,0,0,"1","0","0","0","0","0","0","0",1,-Inf,-Inf,-Inf,"0",1,21,0,0,0
"2358","202425","Magiclands","PI","202425_Magiclands_1",215,225,225,2025-02-04,2025-02-14,2025-02-14,"Y","L3","beach","0",0,0,0,0,0,0,0,0,0,0,0,0,0,0,0,0,"1","0","0","0","0","0","0","0",2,-Inf,-Inf,-Inf,"0",1,10,0,0,0
"2359","202425","Summerland Beach centre","PI","202425_Summerland Beach centre_1",119,126,132,2024-10-31,2024-11-07,2024-11-13,"Y","L2","foredune/face","1",0,0,0,0,0,0,3,14,0,0,0,0,0,0,3,14,"1","0","0","0","0","1","1","0",1,-Inf,-Inf,-Inf,"0",1,10,2,6,3
"2360","202425","Summerland Beach centre","PI","202425_Summerland Beach centre_2",176,176,179,2024-12-27,2024-12-27,2024-12-30,"N","L0","beach","1",3.5,0,0,0,0,0,5,2,4,0,0,0,0,0,8,4,"1","0","0","0","0","1","1","0",-Inf,-Inf,-Inf,-Inf,"0",2,1.5,2,3,1.5
"2361","202425","Summerland Beach east","PI","202425_Summerland Beach east_1",161,182,188,2024-12-12,2025-01-02,2025-01-08,"Y","L3","foredune/face","1",1,0,0,0,0,0,1.5,7,2,0,0,0,0,0,2,8,"1","0","0","0","0","1","1","0",1,-Inf,-Inf,-Inf,"0",2,24,2,6,3
"2362","202425","Summerland Beach east","PI","202425_Summerland Beach east_2",193,201,205,2025-01-13,2025-01-21,2025-01-25,"Y","L3","foredune/face","1",1,0,0,0,0,0,1,1.5,2,0,0,0,0,0,2,2,"1","0","0","0","0","1","1","0",2,-Inf,-Inf,-Inf,"0",2,10,1,4,2
"2363","202425","Summerland Beach east","PI","202425_Summerland Beach east_3",214,215,221,2025-02-03,2025-02-04,2025-02-10,"Y","L3","beach","1",0,0,0,0,0,0,1,2.5,0,0,0,0,0,0,2,4,"1","0","0","0","0","1","1","0",1,-Inf,-Inf,-Inf,"0",2,4,2,6,3
"2364","202425","Anchorage Rd","PI","202425_Anchorage Rd_1",105,133,133,2024-10-17,2024-11-14,2024-11-14,"Y","L3","beach","0",3,0,2,2,0,0,0,0,3,0,2,2,0,0,0,0,"1","0","1","1","0","0","0","0",-Inf,-Inf,-Inf,-Inf,"0",1,28,0,0,0
"2365","202425","Surf Beach - Park St","PI","202425_Surf Beach - Park St_2",145,176,176,2024-11-26,2024-12-27,2024-12-27,"Y","L3","dune","1",2,0,2,2,0,0,0,0,2,0,2,2,0,0,0,0,"1","0","1","1","0","0","0","0",2,-Inf,-Inf,-Inf,"0",1,31,0,0,0
"2366","202425","Flynns Beach - centre","PI","202425_Flynns Beach - centre_1",131,133,138,2024-11-12,2024-11-14,2024-11-19,"Y","L3","foredune/face","1",6.5,0,0,0,0,0,1,2.5,11,0,0,0,0,0,1,4,"1","0","0","0","0","1","1","0",2,-Inf,-Inf,-Inf,"0",2,4.5,2,5,2.5
"2367","202425","Flynns Beach - centre","PI","202425_Flynns Beach - centre_2",153,153,158,2024-12-04,2024-12-04,2024-12-09,"Y","L3","beach","1",0,0,0,0,0,0,0,0,0,0,0,0,0,0,0,0,"1","0","0","0","0","0","0","0",1,-Inf,-Inf,-Inf,"0",1,2.5,2,5,2.5
"2368","202425","Colonnades","PI","202425_Colonnades_1",183,211,211,2025-01-03,2025-01-31,2025-01-31,"Y","L3","beach","0",3,0,0,0,0,0,0,0,3,0,0,0,0,0,0,0,"1","0","0","0","0","0","0","0",-Inf,-Inf,-Inf,-Inf,"0",1,28,0,0,0
"2369","202425","Smiths Beach far east","PI","202425_Smiths Beach far east_1",146,150,152,2024-11-27,2024-12-01,2024-12-03,"Y","L3","foredune/face","1",0,0,0,0,0,0,0.5,0,0,0,0,0,0,0,1,0,"1","0","1","0","0","1","0","0",2,-Inf,1,-Inf,"0",2,5,1,2,1
"2370","202425","Smiths Beach far east","PI","202425_Smiths Beach far east_2",172,180,181,2024-12-23,2024-12-31,2025-01-01,"Y","L3","beach","1",4,0,0,0,0,0,0.5,0,8,0,0,0,0,0,1,0,"1","0","1","0","0","1","0","0",3,-Inf,1,-Inf,"0",2,8.5,0,1,0.5
"2371","202425","Smiths Beach far east","PI","202425_Smiths Beach far east_4",250,265,275,2025-03-11,2025-03-26,2025-04-05,"Y","L3","beach","1",13,0,0,0,0,0,0,0,13,0,0,0,0,0,0,0,"1","0","0","0","0","0","0","0",1,-Inf,-Inf,-Inf,"0",1,20,3,10,5
"2372","202425","Ventnor - Devon Ave","PI","202425_Ventnor - Devon Ave_1",161,161,165,2024-12-12,2024-12-12,2024-12-16,"N","L0","beach","1",1,0,1,0,1,0,0,0,1,0,1,0,1,0,0,0,"1","0","1","0","1","0","0","0",2,-Inf,1,-Inf,"0",2,2,2,4,2
"2373","202425","Colonnades west","PI","202425_Colonnades west_1",203,203,209,2025-01-23,2025-01-23,2025-01-29,"Y","L3","beach","1",1.5,0,1.5,0.5,1,0,0.5,1,2,0,3,1,2,0,1,2,"1","0","1","1","1","1","1","0",3,-Inf,3,-Inf,"0",2,3,2,6,3
"2374","202425","Kitty Miller Bay","PI","202425_Kitty Miller Bay_1",155,171,171,2024-12-06,2024-12-22,2024-12-22,"Y","L3","foredune/face","1",12,0,0,0,0,0,0,6,12,0,0,0,0,0,0,6,"1","0","0","0","0","0","1","0",3,-Inf,-Inf,-Inf,"0",1,16,1,0,0
"2375","202425","Kitty Miller Bay","PI","202425_Kitty Miller Bay_2",180,205,205,2024-12-31,2025-01-25,2025-01-25,"Y","L3","foredune/face","0",22,0,0,0,0,0,3,0,22,0,0,0,0,0,3,0,"1","0","0","0","0","1","0","0",3,-Inf,-Inf,-Inf,"0",1,25,1,0,0
"2376","202425","Surf Beach - Highview Cres","PI","202425_Surf Beach - Highview Cres_1",110,110,112,2024-10-22,2024-10-22,2024-10-24,"Y","L3","beach","1",2.5,0,1,0,1,0,0,0,3,0,1,0,1,0,0,0,"1","0","1","0","1","0","0","0",2,-Inf,2,-Inf,"0",2,1,0,2,1
"2377","200607","Coal Creek Estuary Mouth - Harmers Haven","BC","200607_Coal Creek Estuary Mouth - Harmers Haven_2",192,219,219,2007-01-12,2007-02-08,2007-02-08,"Y","L3","estuary/spit","0",0,0,0,0,0,0,0,0,0,0,0,0,0,0,0,0,"1","0","1","0","0","0","0","0",3,-Inf,3,-Inf,"0",1,27,0,0,0
"2378","200607","Inverloch - Point Norman West","BC","200607_Inverloch - Point Norman West_1",77,109,109,2006-09-19,2006-10-21,2006-10-21,"N","L0","beach","0",2,0,0,0,0,0,0,5,2,0,0,0,0,0,0,5,"1","0","0","0","0","0","1","0",2,-Inf,-Inf,-Inf,"0",1,32,1,0,0
"2379","200607","Inverloch - Point Norman West","BC","200607_Inverloch - Point Norman West_2",149,153,154,2006-11-30,2006-12-04,2006-12-05,"N","L0","beach","1",2,0,1.5,1,0.5,0,0,0,2,0,3,2,1,0,0,0,"1","0","1","1","1","0","0","0",3,-Inf,3,-Inf,"0",2,4.5,0,1,0.5
"2380","200607","Inverloch - Point Norman West","BC","200607_Inverloch - Point Norman West_3",163,167,168,2006-12-14,2006-12-18,2006-12-19,"N","L0","foredune/face","1",4,0,2,2,0,0,0,0,4,0,2,2,0,0,0,0,"1","0","1","1","0","0","0","0",3,-Inf,2,-Inf,"0",1,4.5,0,1,0.5
"2381","200607","Inverloch - Point Norman West","BC","200607_Inverloch - Point Norman West_4",184,187,188,2007-01-04,2007-01-07,2007-01-08,"Y","L3","beach","1",32,0,7,5,3,0,0,0,34,0,8,6,4,0,0,0,"1","0","1","1","1","0","0","0",3,-Inf,3,-Inf,"0",2,3.5,2,1,0.5
"2382","200607","Powlett River West A16 Eastward","BC","200607_Powlett River West A16 Eastward_1",126,130,136,2006-11-07,2006-11-11,2006-11-17,"Y","L2","dune","1",1.5,0,0,0,0,0,0,1,3,0,0,0,0,0,0,2,"1","0","1","0","0","0","1","0",-Inf,-Inf,1,-Inf,"1",2,7,2,6,3
"2383","200607","Powlett River West A16 Eastward","BC","200608_Powlett River West A16 Eastward_2",177,177,191,2006-12-28,2006-12-28,2007-01-11,"N","L0","dune","1",2.5,0,0,0,0,0,2.5,5,3,0,0,0,0,0,3,7,"1","0","1","0","0","1","1","0",3,-Inf,2,-Inf,"3",2,7,15,14,7
"2384","200607","Powlett River West A16 Further West","BC","200607_Powlett River West A16 Further West_1",186,191,193,2007-01-06,2007-01-11,2007-01-13,"N","L0","foredune/face","1",0,0,0,0,0,0,0,7,0,0,0,0,0,0,0,12,"1","0","1","0","0","0","1","0",3,-Inf,3,-Inf,"2",2,6,3,2,1
"2385","200607","Powlett River West A16 Further West","BC","200607_Powlett River West A16 Further West_2",200,200,206,2007-01-20,2007-01-20,2007-01-26,"N","L0","beach","1",5.5,0,1.5,0,1.5,0,0,3.5,10,0,3,0,3,0,0,6,"1","0","1","0","1","0","1","0",2,-Inf,-Inf,-Inf,"2",2,3,7,6,3
"2386","200607","Powlett River West Bank Dune","BC","200607_Powlett River West Bank Dune_1",89,100,111,2006-10-01,2006-10-12,2006-10-23,"N","L0","dune","1",1,0,0,0,0,0,1,0.5,2,0,0,0,0,0,2,1,"1","0","0","0","0","1","1","0",2,-Inf,-Inf,-Inf,"0",2,16.5,4,11,5.5
"2387","200607","Waterfall Creek - Harmers Haven","BC","200607_Waterfall Creek - Harmers Haven_2",194,199,201,2007-01-14,2007-01-19,2007-01-21,"Y","L3","beach","1",1,0,0,0,0,0,0,0,2,0,0,0,0,0,0,0,"1","0","0","0","0","0","0","0",3,-Inf,-Inf,-Inf,"0",2,6,3,2,1
"2388","200708","Powlett River West A16 Eastward","BC","200708_Powlett River West A16 Eastward_1",144,165,177,2007-11-25,2007-12-16,2007-12-28,"Y","L2","beach","1",8.5,0,0,0,0,0,0,0.5,17,0,0,0,0,0,0,1,"1","0","1","0","0","0","1","0",2,-Inf,1,-Inf,"1",2,27,8,12,6
"2389","200708","Powlett River West A16 Eastward","BC","200708_Powlett River West A16 Eastward_2",177,179,191,2007-12-28,2007-12-30,2008-01-11,"Y","L2","foredune/face","1",9,0,2,0,2,0,0,0,9,0,2,0,2,0,0,0,"1","0","1","0","1","0","0","0",2,-Inf,1,-Inf,"0",1,8,13,12,6
"2390","200708","Powlett River West A16 Eastward","BC","200708_Powlett River West A16 Eastward_3",200,200,213,2008-01-20,2008-01-20,2008-02-02,"Y","L2","dune","1",0,0,0,0,0,0,0,0,0,0,0,0,0,0,0,0,"1","0","1","0","0","0","0","0",2,-Inf,2,-Inf,"1",2,6.5,10,13,6.5
"2391","200708","Powlett River West A16 Further West","BC","200708_Powlett River West A16 Further West_2",82,82,85,2007-09-24,2007-09-24,2007-09-27,"N","L0","dune","1",1,0,2,1,1,0,0,0,1,0,2,1,1,0,0,0,"1","0","1","1","1","0","0","0",1,-Inf,1,-Inf,"0",1,1.5,4,3,1.5
"2392","200708","Powlett River West A16 Further West","BC","200708_Powlett River West A16 Further West_3",108,108,117,2007-10-20,2007-10-20,2007-10-29,"N","L0","dune","1",3,0,5,0,5,0,0,0,3,0,5,0,5,0,0,0,"1","0","1","0","1","0","0","0",-Inf,-Inf,-Inf,-Inf,"0",1,4.5,4,9,4.5
"2393","200708","Powlett River West A16 Further West","BC","200708_Powlett River West A16 Further West_4",144,144,159,2007-11-25,2007-11-25,2007-12-10,"N","L0","dune","1",1,0,0,0,0,0,0,0.5,2,0,0,0,0,0,0,1,"1","0","1","0","0","0","1","0",1,-Inf,1,-Inf,"1",2,7.5,5,15,7.5
"2394","200708","Powlett River West Bank Dune","BC","200708_Powlett River West Bank Dune_1",108,108,159,2007-10-20,2007-10-20,2007-12-10,"N","L0","dune","1",13,0,0,0,0,0,0,1,13,0,0,0,0,0,0,1,"1","0","1","0","0","0","1","0",2,-Inf,1,-Inf,"1",1,25.5,17,51,25.5
"2395","200708","Powlett River West Bank Dune","BC","200708_Powlett River West Bank Dune_2",165,165,177,2007-12-16,2007-12-16,2007-12-28,"N","L0","beach","1",13.5,0,1,1,0,0,0,3,23,0,2,2,0,0,0,5,"1","1","1","1","0","0","1","0",2,1,1,-Inf,"1",2,6,8,12,6
"2396","200708","Cape Paterson - Pea Creek Estuary & Undertow Bay","BC","200708_Cape Paterson - Pea Creek Estuary & Undertow Bay_1",142,152,164,2007-11-23,2007-12-03,2007-12-15,"N","L0","estuary/spit","1",2,0,0,0,0,0,0,2.5,3,0,0,0,0,0,0,4,"1","0","1","0","0","0","1","0",3,-Inf,2,-Inf,"0",2,16,3,12,6
"2397","200708","Cape Paterson - Pea Creek Estuary & Undertow Bay","BC","200708_Cape Paterson - Pea Creek Estuary & Undertow Bay_2",164,190,190,2007-12-15,2008-01-10,2008-01-10,"Y","L3","estuary/spit","0",14,0,3,3,0,0,0,0,14,0,3,3,0,0,0,0,"1","0","1","1","0","0","0","0",3,-Inf,3,-Inf,"3",1,26,1,0,0
"2398","200809","Coal Creek Estuary Mouth - Harmers Haven","BC","200809_Coal Creek Estuary Mouth - Harmers Haven_1",120,121,128,2008-11-01,2008-11-02,2008-11-09,"Y","L3","estuary/spit","1",5.5,0,0.5,0,0.5,0,0,0,9,0,1,0,1,0,0,0,"1","0","1","0","1","0","0","0",2,-Inf,2,-Inf,"0",2,4.5,4,7,3.5
"2399","200809","Powlett River West A16 Eastward","BC","200809_Powlett River West A16 Eastward_1",121,122,128,2008-11-02,2008-11-03,2008-11-09,"Y","L3","foredune/face","1",2,0,0,0,0,0,0,0,2,0,0,0,0,0,0,0,"1","1","1","0","0","0","0","0",1,1,1,-Inf,"0",1,4,3,6,3
"2400","200809","Cape Paterson - Pea Creek Estuary & Undertow Bay","BC","200809_Cape Paterson - Pea Creek Estuary & Undertow Bay_2",131,131,148,2008-11-12,2008-11-12,2008-11-29,"N","L0","foredune/face","1",18,0,0.5,0.5,0,0,0,0,31,0,1,1,0,0,0,0,"1","1","1","1","0","0","0","0",3,3,3,-Inf,"3",2,8.5,5,17,8.5
"2401","200809","Cape Paterson - Pea Creek Estuary & Undertow Bay","BC","200809_Cape Paterson - Pea Creek Estuary & Undertow Bay_3",158,180,180,2008-12-09,2008-12-31,2008-12-31,"Y","L3","dune","0",7,0,0,0,0,0,0,0,7,0,0,0,0,0,0,0,"1","0","1","0","0","0","0","0",3,-Inf,2,-Inf,"0",1,22,1,0,0
"2402","200809","The Oaks Bay - Cape Paterson","BC","200809_The Oaks Bay - Cape Paterson_1",139,165,165,2008-11-20,2008-12-16,2008-12-16,"Y","L3","foredune/face","0",0,0,0,0,0,0,0,0,0,0,0,0,0,0,0,0,"1","0","0","0","0","0","0","0",2,-Inf,-Inf,-Inf,"0",1,26,0,0,0
"2403","200910","Cape Paterson - Pea Creek Estuary & Undertow Bay","BC","200910_Cape Paterson - Pea Creek Estuary & Undertow Bay_1",123,135,135,2009-11-04,2009-11-16,2009-11-16,"Y","L3","beach","0",2,0,0,0,0,0,0,0,2,0,0,0,0,0,0,0,"1","0","0","0","0","0","0","0",3,-Inf,-Inf,-Inf,"0",1,12,0,0,0
"2404","201011","Williamsons Beach Further West","BC","201011_Williamsons Beach Further West_1",138,138,141,2010-11-19,2010-11-19,2010-11-22,"N","L0","foredune/face","1",0,0,0,0,0,0,0,0,0,0,0,0,0,0,0,0,"0","0","0","0","0","0","0","0",-Inf,-Inf,-Inf,-Inf,"0",1,1.5,2,3,1.5
"2405","201011","Williamsons Beach Further West","BC","201011_Williamsons Beach Further West_2",152,155,162,2010-12-03,2010-12-06,2010-12-13,"Y","L3","estuary/spit","1",0,0,0,0,0,0,0,0,0,0,0,0,0,0,0,0,"0","0","0","0","0","0","0","0",-Inf,-Inf,-Inf,-Inf,"0",1,6.5,2,7,3.5
"2406","201011","Wilsons Rd 3rd Bay West","BC","201011_Wilsons Rd 3rd Bay West_2",163,163,175,2010-12-14,2010-12-14,2010-12-26,"N","L0","dune","1",0,0,0,0,0,0,1,0,0,0,0,0,0,0,1,0,"1","0","1","0","0","1","0","0",1,-Inf,1,-Inf,"1",1,6,9,12,6
"2407","201112","Inverloch - Point Norman West","BC",NA,180,197,197,2011-12-31,2012-01-17,2012-01-17,"Y","L3","beach","0",0,0,0,0,0,0,0,0,0,0,0,0,0,0,0,0,"1","0","1","0","0","0","0","0",1,-Inf,1,-Inf,"1",1,17,1,0,0
"2408","201112","Cape Paterson - Pea Creek Estuary & Undertow Bay","BC","201112_Cape Paterson - Pea Creek Estuary & Undertow Bay_1",110,119,122,2011-10-22,2011-10-31,2011-11-03,"Y","L3","beach","1",0,0,0,0,0,0,0,0,0,0,0,0,0,0,0,0,"0","0","0","0","0","0","0","0",-Inf,-Inf,-Inf,-Inf,"0",1,10.5,1,3,1.5
"2409","201112","Cape Paterson - Pea Creek Estuary & Undertow Bay","BC","201112_Cape Paterson - Pea Creek Estuary & Undertow Bay_4",157,159,178,2011-12-08,2011-12-10,2011-12-29,"Y","L3","foredune/face","1",0,0,2.5,0,2.5,0,0,0,0,0,5,0,5,0,0,0,"0","0","1","0","1","0","0","0",-Inf,-Inf,-Inf,-Inf,"0",2,11.5,11,19,9.5
"2410","201112","Williamsons Beach Further West","BC","201112_Williamsons Beach Further West_1",126,133,141,2011-11-07,2011-11-14,2011-11-22,"N","L0","foredune/face","1",4,0,1,0,1,0,0,0,8,0,2,0,2,0,0,0,"1","0","1","0","1","0","0","0",2,-Inf,3,-Inf,"2",2,11,2,8,4
"2411","201112","Cutlers Beach A20 N/West","BC","201112_Cutlers Beach A20 N/West_2",199,199,217,2012-01-19,2012-01-19,2012-02-06,"N","L0","beach","1",6,0,0,0,0,0,0,1,6,0,0,0,0,0,0,1,"1","0","1","0","0","0","1","0",1,-Inf,1,-Inf,"0",1,9,15,18,9
"2412","201112","Kilcunda Trestle Bridge Beach East","BC","201112_Kilcunda Trestle Bridge Beach East_1",88,91,92,2011-09-30,2011-10-03,2011-10-04,"N","L0","dune","1",7,0,0,0,0,0,4,0,7,0,0,0,0,0,4,0,"1","0","0","0","0","1","0","0",3,-Inf,-Inf,-Inf,"0",1,3.5,2,1,0.5
"2413","201112","Powlett River Mouth East Bank","BC","201112_Powlett River Mouth East Bank_3",212,231,238,2012-02-01,2012-02-20,2012-02-27,"Y","L3","beach","1",5,0,1,0,1,0,0,0,10,0,2,0,2,0,0,0,"1","0","1","0","1","0","0","0",1,-Inf,1,-Inf,"0",2,22.5,2,7,3.5
"2414","201112","Powlett River Mouth West Bank","BC","201112_Powlett River Mouth West Bank_1",153,168,168,2011-12-04,2011-12-19,2011-12-19,"Y","L3","estuary/spit","0",0,0,0,0,0,0,0,0,0,0,0,0,0,0,0,0,"1","0","1","0","0","0","0","0",1,-Inf,1,-Inf,"0",1,15,0,0,0
"2415","201112","Williamsons Beach West","BC","201112_Williamsons Beach West_1",133,153,161,2011-11-14,2011-12-04,2011-12-12,"Y","L3","beach","1",9,0,0,0,0,0,0,0,9,0,0,0,0,0,0,0,"1","0","0","0","0","0","0","0",-Inf,-Inf,-Inf,-Inf,"0",1,24,3,8,4
"2416","201213","Inverloch - Point Norman West","BC","201213_Inverloch - Point Norman West_2",144,153,154,2012-11-25,2012-12-04,2012-12-05,"Y","L3","beach","1",8,0,0,0,0,0,2,0,8,0,0,0,0,0,2,0,"1","0","0","0","0","1","0","0",-Inf,-Inf,-Inf,-Inf,"0",1,9.5,0,1,0.5
"2417","201213","Inverloch - Point Norman West","BC","201213_Inverloch - Point Norman West_3",165,165,167,2012-12-16,2012-12-16,2012-12-18,"Y","L3","beach","1",5,0,0,0,0,0,0,0,5,0,0,0,0,0,0,0,"1","0","0","0","0","0","0","0",-Inf,-Inf,-Inf,-Inf,"0",1,1,1,2,1
"2418","201213","Inverloch - Point Norman West","BC","201213_Inverloch - Point Norman West_4",198,211,211,2013-01-18,2013-01-31,2013-01-31,"Y","L3","beach","0",2,0,2,0,2,0,0,0,2,0,2,0,2,0,0,0,"1","0","1","0","1","0","0","0",-Inf,-Inf,-Inf,-Inf,"0",1,13,0,0,0
"2419","201213","The Oaks Bay - Cape Paterson","BC","201213_The Oaks Bay - Cape Paterson_1",121,121,125,2012-11-02,2012-11-02,2012-11-06,"Y","L3","foredune/face","1",0,0,0,0,0,0,0,0,0,0,0,0,0,0,0,0,"0","0","0","0","0","0","0","0",-Inf,-Inf,-Inf,-Inf,"3",1,2,3,4,2
"2420","201213","The Oaks Bay - Cape Paterson","BC","201213_The Oaks Bay - Cape Paterson_2",193,230,239,2013-01-13,2013-02-19,2013-02-28,"Y","L3","foredune/face","1",0,0,0,0,0,0,0,4,0,0,0,0,0,0,0,4,"1","0","0","0","0","0","1","0",1,-Inf,-Inf,-Inf,"2",1,41.5,2,9,4.5
"2421","201314","Coal Creek Estuary Mouth - Harmers Haven","BC","201314_Coal Creek Estuary Mouth - Harmers Haven_1",167,167,182,2013-12-18,2013-12-18,2014-01-02,"N","L1","dune","1",0,0,0,0,0,0,1,0,0,0,0,0,0,0,1,0,"1","0","0","0","0","1","0","0",3,-Inf,-Inf,-Inf,"1",1,7.5,13,15,7.5
"2422","201314","Cape Paterson - Pea Creek Estuary & Undertow Bay","BC","201314_Cape Paterson - Pea Creek Estuary & Undertow Bay_1",111,111,113,2013-10-23,2013-10-23,2013-10-25,"N","L1","estuary/spit","1",8,0,0,0,0,0,1,0,8,0,0,0,0,0,1,0,"1","0","1","0","0","1","0","0",3,-Inf,2,-Inf,"1",1,1,0,2,1
"2423","201314","Cape Paterson - Pea Creek Estuary & Undertow Bay","BC","201314_Cape Paterson - Pea Creek Estuary & Undertow Bay_2",150,150,152,2013-12-01,2013-12-01,2013-12-03,"Y","L3","beach","1",6,0,0,0,0,0,0,0,12,0,0,0,0,0,0,0,"1","0","1","0","0","0","0","0",3,-Inf,1,-Inf,"1",2,1,1,2,1
"2424","201314","Cape Paterson - Pea Creek Estuary & Undertow Bay","BC","201314_Cape Paterson - Pea Creek Estuary & Undertow Bay_3",162,163,164,2013-12-13,2013-12-14,2013-12-15,"Y","L3","beach","1",3.5,0,0,0,0,0,0,0,7,0,0,0,0,0,0,0,"1","0","0","0","0","0","0","0",3,-Inf,-Inf,-Inf,"2",2,1.5,2,1,0.5
"2425","201314","Cape Paterson - Pea Creek Estuary & Undertow Bay","BC","201314_Cape Paterson - Pea Creek Estuary & Undertow Bay_5",197,211,214,2014-01-17,2014-01-31,2014-02-03,"Y","L3","estuary/spit","1",5,0,0.5,0,0.5,0,1.5,2,5,0,1,0,1,0,3,4,"1","0","1","0","1","1","1","0",3,-Inf,2,-Inf,"2",2,15.5,2,3,1.5
"2426","201314","The Oaks Bay - Cape Paterson","BC","201314_The Oaks Bay - Cape Paterson_1",150,151,159,2013-12-01,2013-12-02,2013-12-10,"Y","L3","beach","1",4,0,0,0,0,0,0,0,4,0,0,0,0,0,0,0,"1","0","0","0","0","0","0","0",3,-Inf,-Inf,-Inf,"0",1,5,2,8,4
"2427","201314","Wilsons Rd 1st & 2nd Bays West","BC","201314_Wilsons Rd 1st & 2nd Bays West_1",171,173,184,2013-12-22,2013-12-24,2014-01-04,"Y","L3","beach","1",1,0,0,0,0,0,0,0,1,0,0,0,0,0,0,0,"1","0","0","0","0","0","0","0",-Inf,-Inf,-Inf,-Inf,"1",1,7.5,12,11,5.5
"2428","201314","Cape Paterson - 2nd Surf Beach","BC","201314_Cape Paterson - 2nd Surf Beach_2",201,223,229,2014-01-21,2014-02-12,2014-02-18,"Y","L3","dune","1",8,0,1,1,0,0,0,0,8,0,1,1,0,0,0,0,"1","0","1","1","0","0","0","0",-Inf,-Inf,-Inf,-Inf,"3",1,25,2,6,3
"2429","201314","Powlett River Mouth West Bank","BC","201314_Powlett River Mouth West Bank_1",169,169,175,2013-12-20,2013-12-20,2013-12-26,"Y","L3","estuary/spit","1",15.5,0,1.5,0,1.5,0,0,0,31,0,3,0,3,0,0,0,"1","0","1","0","1","0","0","0",3,-Inf,2,-Inf,"3",2,3,6,6,3
"2430","201314","Williamsons Beach West","BC","201314_Williamsons Beach West_1",178,178,200,2013-12-29,2013-12-29,2014-01-20,"N","L1","foredune/face","1",17,0,3,3,0,0,0,2,17,0,3,3,0,0,0,2,"1","0","1","1","0","0","1","0",3,-Inf,3,-Inf,"1",1,11,23,22,11
"2431","201314","San Remo - Bore Beach","BC","201314_San Remo - Bore Beach_1",146,147,154,2013-11-27,2013-11-28,2013-12-05,"Y","L3","beach","1",0,0,0,0,0,0,3,0,0,0,0,0,0,0,3,0,"0","0","0","0","0","1","0","0",-Inf,-Inf,-Inf,-Inf,"1",1,4.5,2,7,3.5
"2432","201314","San Remo - Bore Beach","BC","201314_San Remo - Bore Beach_2",170,173,175,2013-12-21,2013-12-24,2013-12-26,"Y","L3","beach","1",0,0,0,0,0,0,0,0,0,0,0,0,0,0,0,0,"0","0","0","0","0","0","0","0",-Inf,-Inf,-Inf,-Inf,"1",1,4,3,2,1
"2433","201314","Sandy Waterhole Bay West end - George Bass Coastal Walk","BC","201314_Sandy Waterhole Bay West end - George Bass Coastal Walk_1",206,214,218,2014-01-26,2014-02-03,2014-02-07,"N","L0","beach","1",0,0,0,0,0,0,0,0,0,0,0,0,0,0,0,0,"0","0","0","0","0","0","0","0",-Inf,-Inf,-Inf,-Inf,"1",1,10,0,4,2
"2434","201314","Sandy Waterholes Estuary & next Bay East - George Bass Coastal Walk","BC","201314_Sandy Waterholes Estuary & next Bay East - George Bass Coastal Walk_1",157,157,161,2013-12-08,2013-12-08,2013-12-12,"N","L1","estuary/spit","1",0,0,0,0,0,0,0,0,0,0,0,0,0,0,0,0,"1","0","0","0","0","0","0","0",3,-Inf,-Inf,-Inf,"3",1,2,1,4,2
"2435","201314","Coal Point 3rd Bay West 1st Pair","BC","201314_Coal Point 3rd Bay West 1st Pair_2",198,221,221,2014-01-18,2014-02-10,2014-02-10,"N","L1","foredune/face","0",1,0,0,0,0,0,3,0,1,0,0,0,0,0,3,0,"1","0","0","0","0","1","0","0",1,-Inf,-Inf,-Inf,"2",1,23,0,0,0
"2436","201314","Coal Point 3rd Bay West 2nd Pair","BC","201314_Coal Point 3rd Bay West 2nd Pair_2",197,202,221,2014-01-17,2014-01-22,2014-02-10,"N","L1","foredune/face","1",1,0,0,0,0,0,3,0,1,0,0,0,0,0,3,0,"1","0","0","0","0","1","0","0",1,-Inf,-Inf,-Inf,"3",1,14.5,10,19,9.5
"2437","201314","Twin Reefs -Bunurong Coast Rd","BC","201314_Twin Reefs -Bunurong Coast Rd_2",177,177,180,2013-12-28,2013-12-28,2013-12-31,"Y","L3","beach","1",0,0,0,0,0,0,0,0,0,0,0,0,0,0,0,0,"1","0","0","0","0","0","0","0",3,-Inf,-Inf,-Inf,"1",1,1.5,4,3,1.5
"2438","201415","Coal Creek Estuary Mouth - Harmers Haven","BC","201415_Coal Creek Estuary Mouth - Harmers Haven_1",147,147,151,2014-11-28,2014-11-28,2014-12-02,"N","L1","estuary/spit","1",5,0,0,0,0,0,0,0,5,0,0,0,0,0,0,0,"1","0","1","0","0","0","0","0",2,-Inf,2,-Inf,"0",1,2,2,4,2
"2439","201415","Coal Creek Estuary Mouth - Harmers Haven","BC","201415_Coal Creek Estuary Mouth - Harmers Haven_3",182,207,207,2015-01-02,2015-01-27,2015-01-27,"Y","L3","estuary/spit","0",0,0,0,0,0,0,0,0,0,0,0,0,0,0,0,0,"1","0","1","0","0","0","0","0",2,-Inf,1,-Inf,"0",1,25,1,0,0
"2440","201415","Inverloch - Point Norman West","BC","201415_Inverloch - Point Norman West_1",131,145,147,2014-11-12,2014-11-26,2014-11-28,"Y","L3","beach","1",23,0,3.5,2.5,1,0,5,0,31,0,4,3,1,0,5,0,"1","0","1","1","1","1","0","0",3,-Inf,2,-Inf,"0",2,15,0,2,1
"2441","201415","Powlett River West A16 Further West","BC","201415_Powlett River West A16 Further West_1",192,217,224,2015-01-12,2015-02-06,2015-02-13,"N","L1","dune","1",44,0,0,0,0,0,0,0,44,0,0,0,0,0,0,0,"1","0","0","0","0","0","0","0",-Inf,-Inf,-Inf,-Inf,"3",1,28.5,2,7,3.5
"2442","201415","Waterfall Creek - Harmers Haven","BC","201415_Waterfall Creek - Harmers Haven_3",213,224,229,2015-02-02,2015-02-13,2015-02-18,"Y","L3","beach","1",1,0,0,0,0,0,0,0,2,0,0,0,0,0,0,0,"1","0","1","0","0","0","0","0",3,-Inf,3,-Inf,"3",2,13.5,2,5,2.5
"2443","201415","Cape Paterson - Pea Creek Estuary & Undertow Bay","BC","201415_Cape Paterson - Pea Creek Estuary & Undertow Bay_1",132,136,144,2014-11-13,2014-11-17,2014-11-25,"Y","L3","beach","1",0,0,0,0,0,0,0,5,0,0,0,0,0,0,0,5,"1","0","0","0","0","0","1","0",3,-Inf,-Inf,-Inf,"0",1,8,2,8,4
"2444","201415","Cape Paterson - Pea Creek Estuary & Undertow Bay","BC","201415_Cape Paterson - Pea Creek Estuary & Undertow Bay_2",154,170,175,2014-12-05,2014-12-21,2014-12-26,"Y","L3","beach","1",13.5,0,1.5,1.5,0,0,0,0,17,0,2,2,0,0,0,0,"1","0","1","1","0","0","0","0",3,-Inf,3,-Inf,"3",2,18.5,6,5,2.5
"2445","201415","The Oaks Bay - Cape Paterson","BC","201415_The Oaks Bay - Cape Paterson_1",161,175,189,2014-12-12,2014-12-26,2015-01-09,"Y","L3","dune","1",0,0,0,0,0,0,0,0,0,0,0,0,0,0,0,0,"1","0","0","0","0","0","0","0",3,-Inf,-Inf,-Inf,"1",1,21,15,14,7
"2446","201415","Desal Beach - Powlett River","BC","201415_Desal Beach - Powlett River_1",164,164,164,2014-12-15,2014-12-15,2014-12-15,"N","L0","beach","0",0,0,0,0,0,0,0,5,0,0,0,0,0,0,0,5,"1","0","1","0","0","0","1","0",2,-Inf,2,-Inf,"0",1,0,0,0,0
"2447","201415","Kilcunda Trestle Bridge Beach East","BC","201415_Kilcunda Trestle Bridge Beach East_1",164,173,177,2014-12-15,2014-12-24,2014-12-28,"N","L1","foredune/face","1",17,0,0,0,0,0,0,0,17,0,0,0,0,0,0,0,"1","0","1","0","0","0","0","0",3,-Inf,2,-Inf,"0",1,11,5,4,2
"2448","201415","Kilcunda Trestle Bridge Beach East","BC","201415_Kilcunda Trestle Bridge Beach East_2",185,207,217,2015-01-05,2015-01-27,2015-02-06,"N","L1","dune","1",0,0,0,0,0,0,0,0,0,0,0,0,0,0,0,0,"1","0","0","0","0","0","0","0",2,-Inf,-Inf,-Inf,"3",1,27,3,10,5
"2449","201415","Kilcunda Trestle Bridge Beach East","BC","201415_Kilcunda Trestle Bridge Beach East_3",224,224,229,2015-02-13,2015-02-13,2015-02-18,"N","L1","foredune/face","1",7.5,0,2,1,1,0,0,1.5,12,0,4,2,2,0,0,3,"1","0","1","1","1","0","1","0",3,-Inf,2,-Inf,"3",2,2.5,2,5,2.5
"2450","201415","Powlett River Mouth East Bank","BC","201415_Powlett River Mouth East Bank_1",191,191,199,2015-01-11,2015-01-11,2015-01-19,"N","L0","beach","1",3,0,0.5,0.5,0,0.5,0,0,6,0,1,1,0,1,0,0,"1","0","1","1","0","0","0","1",3,-Inf,3,-Inf,"3",2,4,9,8,4
"2451","201415","Powlett River Mouth East Bank","BC","201415_Powlett River Mouth East Bank_2",220,220,229,2015-02-09,2015-02-09,2015-02-18,"N","L0","beach","1",0,0,0,0,0,0,0,0,0,0,0,0,0,0,0,0,"1","0","1","0","0","0","0","1",2,-Inf,2,1,"3",1,4.5,2,9,4.5
"2452","201415","Powlett River Mouth West Bank","BC","201415_Powlett River Mouth West Bank_1",191,196,207,2015-01-11,2015-01-16,2015-01-27,"Y","L3","estuary/spit","1",0,0,0,0,0,0,0,0,0,0,0,0,0,0,0,0,"1","0","1","0","0","0","0","0",3,-Inf,3,-Inf,"2",1,10.5,12,11,5.5
"2453","201415","Powlett River Mouth West Bank","BC","201415_Powlett River Mouth West Bank_2",217,220,224,2015-02-06,2015-02-09,2015-02-13,"Y","L3","estuary/spit","1",2,0,2,0,2,0,0,8,2,0,2,0,2,0,0,8,"1","0","1","0","1","0","1","0",3,-Inf,1,-Inf,"1",1,5,0,4,2
"2454","201415","Powlett River West A16- Paperbark trk - Kilcunda","BC","201415_Powlett River West A16- Paperbark trk - Kilcunda_2",185,192,196,2015-01-05,2015-01-12,2015-01-16,"N","L0","beach","1",2,0,0,0,0,0,0,0,2,0,0,0,0,0,0,0,"1","0","1","0","0","0","0","0",2,-Inf,1,-Inf,"1",1,9,5,4,2
"2455","201415","Powlett River West A16- Paperbark trk - Kilcunda","BC","201415_Powlett River West A16- Paperbark trk - Kilcunda_3",217,217,224,2015-02-06,2015-02-06,2015-02-13,"N","L0","dune","1",1,0,3,0,3,0,0,0,2,0,6,0,6,0,0,0,"1","0","1","0","1","0","0","0",1,-Inf,2,-Inf,"3",2,3.5,2,7,3.5
"2456","201415","San Remo - Bore Beach","BC","201415_San Remo - Bore Beach_1",103,103,119,2014-10-15,2014-10-15,2014-10-31,"Y","L2","dune","1",1,0,0,0,0,0,3,0,2,0,0,0,0,0,6,0,"1","0","0","0","0","1","0","0",1,-Inf,-Inf,-Inf,"1",2,8,4,16,8
"2457","201415","San Remo - Bore Beach","BC","201415_San Remo - Bore Beach_2",119,119,126,2014-10-31,2014-10-31,2014-11-07,"N","L1","beach","1",1,0,0,0,0,0,0,1.5,2,0,0,0,0,0,0,3,"1","0","1","0","0","0","1","0",1,-Inf,1,-Inf,"0",2,3.5,3,7,3.5
"2458","201415","San Remo - Bore Beach","BC","201415_San Remo - Bore Beach_3",164,164,168,2014-12-15,2014-12-15,2014-12-19,"N","L1","beach","1",0.5,0,2,0,2,0,1.5,6,1,0,4,0,4,0,3,12,"1","0","1","0","1","1","1","0",2,-Inf,2,-Inf,"1",2,2,0,4,2
"2459","201415","San Remo - Bore Beach","BC","201415_San Remo - Bore Beach_4",192,192,199,2015-01-12,2015-01-12,2015-01-19,"N","L1","beach","1",0,0,0,0,0,0,0,0,0,0,0,0,0,0,0,0,"1","0","1","0","0","0","0","0",2,-Inf,1,-Inf,"1",1,3.5,8,7,3.5
"2460","201415","Sandy Waterhole Bay West end - George Bass Coastal Walk","BC","201415_Sandy Waterhole Bay West end - George Bass Coastal Walk_1",192,196,196,2015-01-12,2015-01-16,2015-01-16,"N","L1","foredune/face","0",7,0,0,0,0,0,0,3,7,0,0,0,0,0,0,3,"1","0","0","0","0","0","1","0",-Inf,-Inf,-Inf,-Inf,"1",1,4,1,0,0
"2461","201415","Baxters Beach A19 Wonthaggi Ocean Beach","BC","201415_Baxters Beach A19 Wonthaggi Ocean Beach_1",113,113,130,2014-10-25,2014-10-25,2014-11-11,"Y","L3","beach","1",2.5,0,2,1,1,0,5.5,3,5,0,4,2,2,0,11,4,"1","0","1","1","1","1","1","0",3,-Inf,3,-Inf,"2",2,8.5,7,17,8.5
"2462","201415","Baxters Beach A19 Wonthaggi Ocean Beach","BC","201415_Baxters Beach A19 Wonthaggi Ocean Beach_2",130,130,157,2014-11-11,2014-11-11,2014-12-08,"N","L1","foredune/face","1",0,0,0,0,0,0,0,2,0,0,0,0,0,0,0,4,"1","0","1","0","0","0","1","0",1,-Inf,1,-Inf,"1",2,13.5,8,27,13.5
"2463","201415","Baxters Beach A19 Wonthaggi Ocean Beach","BC","201415_Baxters Beach A19 Wonthaggi Ocean Beach_3",177,177,186,2014-12-28,2014-12-28,2015-01-06,"Y","L3","beach","1",0,0,0,0,0,0,0,0,0,0,0,0,0,0,0,0,"1","1","1","0","0","0","0","0",2,3,2,-Inf,"2",1,4.5,10,9,4.5
"2464","201415","Inverloch - Point Norman East","BC","201415_Inverloch - Point Norman East_1",87,105,105,2014-09-29,2014-10-17,2014-10-17,"Y","L3","beach","0",2,0,1,0,1,0,0,0,2,0,1,0,1,0,0,0,"1","0","1","0","1","0","0","0",-Inf,-Inf,-Inf,-Inf,"0",1,18,0,0,0
"2465","201415","Inverloch - Point Norman East","BC","201415_Inverloch - Point Norman East_3",184,184,195,2015-01-04,2015-01-04,2015-01-15,"Y","L3","estuary/spit","1",4,0,4,0.5,3.5,0,4.5,0,5,0,4,1,4,0,5,0,"1","0","1","1","1","1","0","0",1,-Inf,1,-Inf,"0",2,5.5,12,11,5.5
"2466","201415","Williamsons Beach A18 East - Wonthaggi","BC","201415_Williamsons Beach A18 East - Wonthaggi_1",177,191,207,2014-12-28,2015-01-11,2015-01-27,"N","L0","dune","1",0,0,0,0,0,0,0,0,0,0,0,0,0,0,0,0,"1","0","1","0","0","0","0","0",2,-Inf,1,-Inf,"3",1,22,17,16,8
"2467","201415","Williamsons Beach A18 East - Wonthaggi","BC","201415_Williamsons Beach A18 East - Wonthaggi_2",220,225,234,2015-02-09,2015-02-14,2015-02-23,"N","L0","beach","1",1,0,1,0,1,0,0,0,1,0,1,0,1,0,0,0,"1","0","1","0","1","0","0","0",2,-Inf,1,-Inf,"3",1,9.5,4,9,4.5
"2468","201516","Coal Creek Estuary Mouth - Harmers Haven","BC","201516_Coal Creek Estuary Mouth - Harmers Haven_1",107,127,135,2015-10-19,2015-11-08,2015-11-16,"Y","L3","estuary/spit","1",5.5,0,4.5,1.5,3,0,0,1,8,0,6,2,5,0,0,2,"1","0","1","1","1","0","1","0",3,-Inf,3,-Inf,"3",2,24,3,8,4
"2469","201516","Coal Creek Estuary Mouth - Harmers Haven","BC","201516_Coal Creek Estuary Mouth - Harmers Haven_2",198,210,223,2016-01-18,2016-01-30,2016-02-12,"Y","L3","estuary/spit","1",4.5,0,0,0,0,0,0,2,6,0,0,0,0,0,0,4,"1","0","1","0","0","0","1","0",3,-Inf,3,-Inf,"3",2,18.5,4,13,6.5
"2470","201516","Inverloch - Point Norman West","BC","201516_Inverloch - Point Norman West_1",134,135,142,2015-11-15,2015-11-16,2015-11-23,"Y","L3","beach","1",5,0,5,2,3,0,2.5,0,6,0,10,4,6,0,4,0,"1","0","1","1","1","1","0","0",3,-Inf,3,-Inf,"0",2,4.5,2,7,3.5
"2471","201516","Inverloch - Point Norman West","BC","201516_Inverloch - Point Norman West_2",179,189,189,2015-12-30,2016-01-09,2016-01-09,"Y","L3","beach","0",0,0,0,0,0,0,0,0,0,0,0,0,0,0,0,0,"1","0","1","0","0","0","0","0",3,-Inf,3,-Inf,"3",1,10,1,0,0
"2472","201516","Powlett River West A16 Eastward","BC","201516_Powlett River West A16 Eastward_1",100,104,111,2015-10-12,2015-10-16,2015-10-23,"Y","L3","dune","1",3,0,1,0,1,0,9,1.5,5,0,2,0,2,0,16,3,"1","1","1","0","1","1","1","0",3,1,3,-Inf,"2",2,7.5,2,7,3.5
"2473","201516","Powlett River West A16 Eastward","BC","201516_Powlett River West A16 Eastward_2",143,173,173,2015-11-24,2015-12-24,2015-12-24,"Y","L3","beach","0",8,0,0,0,0,0,2,3,8,0,0,0,0,0,2,3,"1","0","1","0","0","1","1","0",3,-Inf,2,-Inf,"1",1,30,1,0,0
"2474","201516","Powlett River West A16 Further West","BC","201516_Powlett River West A16 Further West_1",78,97,111,2015-09-20,2015-10-09,2015-10-23,"N","L0","dune","1",0,0,0,0,0,0,0,0,0,0,0,0,0,0,0,0,"1","1","0","0","0","0","0","0",2,1,-Inf,-Inf,"3",1,26,4,14,7
"2475","201516","Powlett River West A16 Further West","BC","201516_Powlett River West A16 Further West_2",121,127,135,2015-11-02,2015-11-08,2015-11-16,"N","L0","beach","1",26,0,0,0,0,0,0,0,26,0,0,0,0,0,0,0,"1","1","1","0","0","0","0","0",3,2,2,-Inf,"3",1,10,3,8,4
"2476","201516","Waterfall Creek - Harmers Haven","BC","201516_Waterfall Creek - Harmers Haven_1",152,164,183,2015-12-03,2015-12-15,2016-01-03,"N","L1","dune","1",3,0,0,0,0,0,0,1.5,6,0,0,0,0,0,0,3,"1","0","1","0","0","0","1","0",3,-Inf,3,-Inf,"0",2,21.5,16,19,9.5
"2477","201516","The Oaks Bay - Cape Paterson","BC","201516_The Oaks Bay - Cape Paterson_1",72,94,94,2015-09-14,2015-10-06,2015-10-06,"Y","L3","foredune/face","0",2,0,0,0,0,0,0,0,2,0,0,0,0,0,0,0,"1","0","0","0","0","0","0","0",3,-Inf,-Inf,-Inf,"3",1,22,0,0,0
"2478","201516","The Oaks Bay - Cape Paterson","BC","201516_The Oaks Bay - Cape Paterson_2",153,163,170,2015-12-04,2015-12-14,2015-12-21,"Y","L3","foredune/face","1",7,0,0.5,0,0.5,0,0.5,0,7,0,1,0,1,0,1,0,"1","0","1","0","1","1","0","0",3,-Inf,2,-Inf,"0",2,13.5,3,7,3.5
"2479","201516","Williamsons Beach Further West","BC","201516_Williamsons Beach Further West_1",132,143,153,2015-11-13,2015-11-24,2015-12-04,"Y","L3","beach","1",0,0,0,0,0,0,0,10,0,0,0,0,0,0,0,10,"1","0","1","0","0","0","1","0",2,-Inf,2,-Inf,"3",1,16,2,10,5
"2480","201516","Williamsons Beach Further West","BC","201516_Williamsons Beach Further West_2",172,172,185,2015-12-23,2015-12-23,2016-01-05,"Y","L3","beach","1",3.5,0,0,0,0,0,0,9,6,0,0,0,0,0,0,12,"1","0","1","0","0","0","1","0",3,-Inf,3,-Inf,"2",2,6.5,14,13,6.5
"2481","201516","Wilsons Rd 3rd Bay West","BC","201516_Wilsons Rd 3rd Bay West_1",118,118,127,2015-10-30,2015-10-30,2015-11-08,"Y","L3","beach","1",3,0,1,0,1,0,0,0,3,0,1,0,1,0,0,0,"1","0","1","0","1","0","0","0",1,-Inf,1,-Inf,"1",1,4.5,5,9,4.5
"2482","201516","Wilsons Rd 3rd Bay West","BC","201516_Wilsons Rd 3rd Bay West_2",149,149,152,2015-11-30,2015-11-30,2015-12-03,"Y","L3","beach","1",1,0,1,1,0,0,0,0,1,0,1,1,0,0,0,0,"1","0","1","1","0","0","0","0",2,-Inf,2,-Inf,"3",1,1.5,0,3,1.5
"2483","201516","Wilsons Rd 3rd Bay West","BC","201516_Wilsons Rd 3rd Bay West_3",184,184,198,2016-01-04,2016-01-04,2016-01-18,"N","L0","beach","1",0.5,0,0,0,0,0,1,3,1,0,0,0,0,0,2,6,"1","0","1","0","0","1","1","0",3,-Inf,2,-Inf,"1",2,7,15,14,7
"2484","201516","Kilcunda Trestle Bridge Beach East","BC","201516_Kilcunda Trestle Bridge Beach East_1",98,98,107,2015-10-10,2015-10-10,2015-10-19,"N","L1","dune","1",3.5,0,1,0.5,0.5,0,2,2.5,4,0,1,1,1,0,2,3,"1","0","1","1","1","1","1","0",3,-Inf,3,-Inf,"3",2,4.5,4,9,4.5
"2485","201516","Kilcunda Trestle Bridge Beach East","BC","201516_Kilcunda Trestle Bridge Beach East_2",131,131,139,2015-11-12,2015-11-12,2015-11-20,"N","L1","beach","1",1.5,0,0,0,0,0,1,0.5,2,0,0,0,0,0,2,1,"1","0","0","0","0","1","1","0",3,-Inf,-Inf,-Inf,"2",2,4,2,8,4
"2486","201516","Kilcunda Trestle Bridge Beach East","BC","201516_Kilcunda Trestle Bridge Beach East_4",211,216,229,2016-01-31,2016-02-05,2016-02-18,"Y","L3","beach","1",1,0,0.5,0.5,0,0,0,3.5,1,0,1,1,0,0,0,7,"1","1","1","1","0","0","1","0",3,1,3,-Inf,"3",2,11.5,4,13,6.5
"2487","201516","Powlett River Mouth East Bank","BC","201516_Powlett River Mouth East Bank_2",163,172,185,2015-12-14,2015-12-23,2016-01-05,"Y","L3","foredune/face","1",1.5,0,1,1,0,0,0,4,3,0,2,2,0,0,0,5,"1","0","1","1","0","0","1","0",3,-Inf,3,-Inf,"1",2,15.5,14,13,6.5
"2488","201516","Powlett River Mouth East Bank","BC","201516_Powlett River Mouth East Bank_3",191,191,195,2016-01-11,2016-01-11,2016-01-15,"Y","L3","beach","1",0,0,0,0,0,0,0,1.5,0,0,0,0,0,0,0,3,"1","0","1","0","0","0","1","1",2,-Inf,3,2,"3",2,2,5,4,2
"2489","201516","Powlett River Mouth West Bank","BC","201516_Powlett River Mouth West Bank_1",69,83,83,2015-09-11,2015-09-25,2015-09-25,"Y","L3","estuary/spit","0",4,0,4,0,4,0,0,2,4,0,4,0,4,0,0,2,"1","0","1","0","1","0","1","0",2,-Inf,2,-Inf,"1",1,14,1,0,0
"2490","201516","Powlett River West A16- Paperbark trk - Kilcunda","BC","201516_Powlett River West A16- Paperbark trk - Kilcunda_1",127,132,139,2015-11-08,2015-11-13,2015-11-20,"N","L0","dune","1",0.5,0,0,0,0,0,0,0,1,0,0,0,0,0,0,0,"1","0","1","0","0","0","0","0",2,-Inf,2,-Inf,"3",2,8.5,2,7,3.5
"2491","201516","Powlett River West A16- Paperbark trk - Kilcunda","BC","201516_Powlett River West A16- Paperbark trk - Kilcunda_2",149,173,173,2015-11-30,2015-12-24,2015-12-24,"Y","L3","beach","0",3,0,1,0,1,0,0,3,3,0,1,0,1,0,0,3,"1","0","1","0","1","0","1","0",2,-Inf,2,-Inf,"1",1,24,1,0,0
"2492","201516","Williamsons Beach West","BC","201516_Williamsons Beach West_1",132,132,139,2015-11-13,2015-11-13,2015-11-20,"N","L1","beach","1",2.5,0,4,2.5,1.5,0,0,0,4,0,7,5,2,0,0,0,"1","0","1","1","1","0","0","0",2,-Inf,2,-Inf,"3",2,3.5,2,7,3.5
"2493","201516","Williamsons Beach West","BC","201516_Williamsons Beach West_2",144,144,153,2015-11-25,2015-11-25,2015-12-04,"Y","L3","foredune/face","1",4,0,0,0,0,0,0,5,4,0,0,0,0,0,0,5,"1","0","1","0","0","0","1","0",3,-Inf,3,-Inf,"3",1,4.5,2,9,4.5
"2494","201516","Williamsons Beach West","BC","201516_Williamsons Beach West_3",191,191,195,2016-01-11,2016-01-11,2016-01-15,"N","L1","beach","1",3.5,0,0,0,0,1,0,5.5,7,0,0,0,0,2,0,6,"1","0","1","0","0","0","1","1",3,-Inf,3,-Inf,"3",2,2,5,4,2
"2495","201516","Williamsons Beach West","BC","201516_Williamsons Beach West_4",205,205,216,2016-01-25,2016-01-25,2016-02-05,"Y","L3","beach","1",2.5,0,1,0,1,0,0,6.5,4,0,2,0,2,0,0,12,"1","0","1","0","1","0","1","0",3,-Inf,3,-Inf,"3",2,5.5,4,11,5.5
"2496","201516","Williamsons Beach West","BC","201516_Williamsons Beach West_5",216,244,244,2016-02-05,2016-03-04,2016-03-04,"Y","L3","beach","0",1,0,0,0,0,0,0,14,1,0,0,0,0,0,0,14,"1","0","1","0","0","0","1","1",3,-Inf,2,2,"3",1,28,0,0,0
"2497","201516","San Remo - Bore Beach","BC","201516_San Remo - Bore Beach_1",128,139,139,2015-11-09,2015-11-20,2015-11-20,"N","L1","foredune/face","0",0,0,0,0,0,0,0,0,0,0,0,0,0,0,0,0,"1","0","0","0","0","0","0","0",3,-Inf,-Inf,-Inf,"3",1,11,0,0,0
"2498","201516","Sandy Waterhole Bay West end - George Bass Coastal Walk","BC","201516_Sandy Waterhole Bay West end - George Bass Coastal Walk_1",118,118,131,2015-10-30,2015-10-30,2015-11-12,"N","L1","beach","1",1.5,0,0,0,0,0,0,4,3,0,0,0,0,0,0,4,"1","0","0","0","0","0","1","0",3,-Inf,-Inf,-Inf,"0",2,6.5,5,13,6.5
"2499","201516","Sandy Waterholes Estuary & next Bay East - George Bass Coastal Walk","BC","201516_Sandy Waterholes Estuary & next Bay East - George Bass Coastal Walk_1",108,110,110,2015-10-20,2015-10-22,2015-10-22,"Y","L3","estuary/spit","0",0,0,0,0,0,0,2,3,0,0,0,0,0,0,2,3,"1","0","1","0","0","1","1","0",3,-Inf,1,-Inf,"1",1,2,0,0,0
"2500","201516","Wreck Beach - Harmers Haven","BC","201516_Wreck Beach - Harmers Haven_1",74,76,83,2015-09-16,2015-09-18,2015-09-25,"N","L0","dune","1",2,0,0,0,0,0,0,0,2,0,0,0,0,0,0,0,"1","0","1","0","0","0","0","0",3,-Inf,3,-Inf,"3",1,5.5,7,7,3.5
"2501","201516","Wreck Beach - Harmers Haven","BC","201516_Wreck Beach - Harmers Haven_2",164,164,169,2015-12-15,2015-12-15,2015-12-20,"N","L1","dune","1",1,0,1,0,1,0,2,3,1,0,1,0,1,0,2,3,"1","0","1","0","1","1","1","0",3,-Inf,3,-Inf,"0",1,2.5,2,5,2.5
"2502","201516","Coal Point 3rd Bay West 1st Pair","BC","201516_Coal Point 3rd Bay West 1st Pair_1",137,137,165,2015-11-18,2015-11-18,2015-12-16,"Y","L3","foredune/face","1",0.5,0,0,0,0,0,4,2,1,0,0,0,0,0,7,4,"1","0","1","0","0","1","1","0",1,-Inf,1,-Inf,"2",2,14,8,28,14
"2503","201516","Coal Point 3rd Bay West 2nd Pair","BC","201516_Coal Point 3rd Bay West 2nd Pair_1",200,210,210,2016-01-20,2016-01-30,2016-01-30,"Y","L3","beach","0",0,0,0,0,0,0,7,0,0,0,0,0,0,0,7,0,"1","0","1","0","0","1","0","0",2,-Inf,2,-Inf,"3",1,10,1,0,0
"2504","201516","Inverloch - Screw Creek West","BC","201516_Inverloch - Screw Creek West_1",94,122,122,2015-10-06,2015-11-03,2015-11-03,"Y","L3","beach","0",0,0,0,0,0,0,0,0,0,0,0,0,0,0,0,0,"1","0","0","0","0","0","0","0",2,-Inf,-Inf,-Inf,"0",1,28,1,0,0
"2505","201516","Baxters Beach A19 Wonthaggi Ocean Beach","BC","201516_Baxters Beach A19 Wonthaggi Ocean Beach_1",82,82,98,2015-09-24,2015-09-24,2015-10-10,"N","L0","beach","1",0.5,0,4,2,2,0,1,0,1,0,8,4,4,0,2,0,"1","0","1","1","1","1","0","0",1,-Inf,-Inf,-Inf,"2",2,8,13,16,8
"2506","201516","Baxters Beach A19 Wonthaggi Ocean Beach","BC","201516_Baxters Beach A19 Wonthaggi Ocean Beach_2",132,134,143,2015-11-13,2015-11-15,2015-11-24,"Y","L3","beach","1",3,0,1,0,1,0,0,0,6,0,2,0,2,0,0,0,"1","1","1","0","1","0","0","0",3,3,2,-Inf,"3",2,6.5,3,9,4.5
"2507","201516","Baxters Beach A19 Wonthaggi Ocean Beach","BC","201516_Baxters Beach A19 Wonthaggi Ocean Beach_3",177,177,184,2015-12-28,2015-12-28,2016-01-04,"Y","L3","beach","1",0,0,0,0,0,0,4,3,0,0,0,0,0,0,4,3,"1","0","1","0","0","1","1","0",3,-Inf,3,-Inf,"3",1,3.5,8,7,3.5
"2508","201516","Baxters Beach A19 Wonthaggi Ocean Beach","BC","201516_Baxters Beach A19 Wonthaggi Ocean Beach_4",201,215,215,2016-01-21,2016-02-04,2016-02-04,"Y","L3","beach","0",0,0,0,0,0,0,0,4,0,0,0,0,0,0,0,4,"1","0","1","0","0","0","1","0",3,-Inf,1,-Inf,"1",1,14,0,0,0
"2509","201516","Coal Creek Estuary - 2nd Bay East","BC","201516_Coal Creek Estuary - 2nd Bay East_1",183,187,190,2016-01-03,2016-01-07,2016-01-10,"N","L0","beach","1",0,0,0,0,0,0,3,1,0,0,0,0,0,0,3,1,"1","0","1","0","0","1","1","0",3,-Inf,3,-Inf,"0",1,5.5,4,3,1.5
"2510","201516","Inverloch - Point Norman East","BC","201516_Inverloch - Point Norman East_1",61,94,94,2015-09-03,2015-10-06,2015-10-06,"Y","L3","beach","0",4,0,2,0,2,0,3,0,4,0,2,0,2,0,3,0,"1","0","1","0","1","1","0","0",3,-Inf,3,-Inf,"0",1,33,0,0,0
"2511","201516","Inverloch - Point Norman East","BC","201516_Inverloch - Point Norman East_2",134,150,153,2015-11-15,2015-12-01,2015-12-04,"Y","L3","beach","1",10.5,0,6,2,4,0,1,0,13,0,10,4,6,0,2,0,"1","0","1","1","1","1","0","0",3,-Inf,-Inf,-Inf,"3",2,17.5,0,3,1.5
"2512","201516","Williamsons Beach A18 East - Wonthaggi","BC","201516_Williamsons Beach A18 East - Wonthaggi_1",132,132,143,2015-11-13,2015-11-13,2015-11-24,"N","L1","foredune/face","1",0,0,0,0,0,0,0,1,0,0,0,0,0,0,0,2,"1","0","1","0","0","0","1","1",3,-Inf,2,2,"3",2,5.5,4,11,5.5
"2513","201516","Williamsons Beach A18 East - Wonthaggi","BC","201516_Williamsons Beach A18 East - Wonthaggi_2",202,202,205,2016-01-22,2016-01-22,2016-01-25,"Y","L3","beach","1",8,0,0,0,0,0,1.5,3,10,0,0,0,0,0,3,6,"1","0","1","0","0","1","1","0",3,-Inf,2,-Inf,"3",2,1.5,4,3,1.5
"2514","201516","Wilsons Rd 2nd Bay West End","BC","201516_Wilsons Rd 2nd Bay West End_1",107,118,127,2015-10-19,2015-10-30,2015-11-08,"Y","L3","foredune/face","1",3,0,1,0,1,0,2,0,3,0,1,0,1,0,2,0,"1","0","1","0","1","1","0","0",2,-Inf,1,-Inf,"1",1,15.5,5,9,4.5
"2515","201516","Wilsons Rd 2nd Bay West End","BC","201516_Wilsons Rd 2nd Bay West End_2",179,198,198,2015-12-30,2016-01-18,2016-01-18,"Y","L3","beach","0",0,0,0,0,0,0,12,6,0,0,0,0,0,0,12,6,"1","0","1","0","0","1","1","0",3,-Inf,2,-Inf,"2",1,19,1,0,0
"2516","201516","Baxters 1 Sth - Wonthaggi","BC","201516_Baxters 1 Sth - Wonthaggi_1",134,134,177,2015-11-15,2015-11-15,2015-12-28,"N","L0","beach","1",0,0,0,0,0,0,2,2,0,0,0,0,0,0,4,4,"1","0","1","0","0","1","1","0",3,-Inf,3,-Inf,"3",2,21.5,19,43,21.5
"2517","201516","Williamsons Beach Further East","BC","201516_Williamsons Beach Further East_1",195,195,202,2016-01-15,2016-01-15,2016-01-22,"N","L0","beach","1",2,0,1,0,1,0,0,0,2,0,1,0,1,0,0,0,"1","0","1","0","1","0","0","0",1,-Inf,1,-Inf,"3",1,3.5,8,7,3.5
"2518","201516","Wilsons Rd Eastward 2nd Drain","BC","201516_Wilsons Rd Eastward 2nd Drain_1",179,198,198,2015-12-30,2016-01-18,2016-01-18,"Y","L3","beach","0",9,0,1,0,1,0,0,3,9,0,1,0,1,0,0,3,"1","0","1","0","1","0","1","0",3,-Inf,3,-Inf,"0",1,19,1,0,0
"2519","201516","Wilsons Rd Eastward 3rd drain","BC","201516_Wilsons Rd Eastward 3rd drain_1",179,198,198,2015-12-30,2016-01-18,2016-01-18,"Y","L3","beach","0",9,0,1,0,1,0,0,0,9,0,1,0,1,0,0,0,"1","0","1","0","1","0","0","0",3,-Inf,3,-Inf,"0",1,19,1,0,0
"2520","201617","Coal Creek Estuary Mouth - Harmers Haven","BC","201617_Coal Creek Estuary Mouth - Harmers Haven_2",207,218,224,2017-01-27,2017-02-07,2017-02-13,"Y","L3","estuary/spit","1",0,0,0,0,0,0,1.5,6.5,0,0,0,0,0,0,3,9,"1","0","1","0","0","1","1","0",2,-Inf,1,-Inf,"3",2,14,2,6,3
"2521","201617","Powlett River West A16 Eastward","BC","201617_Powlett River West A16 Eastward_3",116,130,137,2016-10-28,2016-11-11,2016-11-18,"Y","L3","dune","1",2,0,0,0,0,0,0,0,2,0,0,0,0,0,0,0,"1","0","0","0","0","0","0","0",-Inf,-Inf,-Inf,-Inf,"0",1,17.5,2,7,3.5
"2522","201617","Powlett River West A16 Eastward","BC","201617_Powlett River West A16 Eastward_2",207,219,219,2017-01-27,2017-02-08,2017-02-08,"Y","L3","beach","0",0,0,0,0,0,0,0,9,0,0,0,0,0,0,0,9,"1","0","0","0","0","0","1","0",2,-Inf,-Inf,-Inf,"3",1,12,0,0,0
"2523","201617","Powlett River West A16 Further West","BC","201617_Powlett River West A16 Further West_4",161,172,183,2016-12-12,2016-12-23,2017-01-03,"N","L1","foredune/face","1",1.5,0,0,0,0,0,0,0,3,0,0,0,0,0,0,0,"1","0","1","0","0","0","0","0",2,-Inf,2,-Inf,"3",2,16.5,12,11,5.5
"2524","201617","Powlett River West A16 Further West","BC","201617_Powlett River West A16 Further West_6",207,214,219,2017-01-27,2017-02-03,2017-02-08,"N","L1","dune","1",0,0,0,0,0,0,0,0,0,0,0,0,0,0,0,0,"1","0","0","0","0","0","0","0",1,-Inf,-Inf,-Inf,"3",1,9.5,2,5,2.5
"2525","201617","Cape Paterson - Pea Creek Estuary & Undertow Bay","BC","201617_Cape Paterson - Pea Creek Estuary & Undertow Bay_1",149,149,155,2016-11-30,2016-11-30,2016-12-06,"Y","L3","beach","1",8,0,1.5,0.5,1,0,1,0,11,0,3,1,2,0,2,0,"1","1","1","1","1","1","0","0",3,1,3,-Inf,"3",2,3,2,6,3
"2526","201617","Cape Paterson - Pea Creek Estuary & Undertow Bay","BC","201617_Cape Paterson - Pea Creek Estuary & Undertow Bay_2",186,186,187,2017-01-06,2017-01-06,2017-01-07,"Y","L3","dune","1",30,0,3.5,1.5,2,0,0,8.5,37,0,5,2,3,0,0,10,"1","0","1","1","1","0","1","0",-Inf,-Inf,-Inf,-Inf,"0",2,0.5,2,1,0.5
"2527","201617","The Oaks Bay - Cape Paterson","BC","201617_The Oaks Bay - Cape Paterson_1",52,57,61,2016-08-25,2016-08-30,2016-09-03,"N","L1","foredune/face","1",0,0,0,0,0,0,0,0.5,0,0,0,0,0,0,0,1,"1","0","0","0","0","0","1","0",3,-Inf,-Inf,-Inf,"3",2,7,1,4,2
"2528","201617","The Oaks Bay - Cape Paterson","BC","201617_The Oaks Bay - Cape Paterson_2",73,73,89,2016-09-15,2016-09-15,2016-10-01,"Y","L3","foredune/face","1",0,0,0,0,0,0,0,0,0,0,0,0,0,0,0,0,"1","0","0","0","0","0","0","0",2,-Inf,-Inf,-Inf,"1",2,8,15,16,8
"2529","201617","The Oaks Bay - Cape Paterson","BC","201617_The Oaks Bay - Cape Paterson_3",89,92,95,2016-10-01,2016-10-04,2016-10-07,"Y","L3","beach","1",0,0,0,0,0,0,0,0,0,0,0,0,0,0,0,0,"0","0","0","0","0","0","0","0",-Inf,-Inf,-Inf,-Inf,"1",1,4.5,0,3,1.5
"2530","201617","The Oaks Bay - Cape Paterson","BC","201617_The Oaks Bay - Cape Paterson_4",113,121,128,2016-10-25,2016-11-02,2016-11-09,"Y","L2","foredune/face","1",0,0,0,0,0,0,0,0,0,0,0,0,0,0,0,0,"1","0","0","0","0","0","0","0",3,-Inf,-Inf,-Inf,"1",2,11.5,2,7,3.5
"2531","201617","The Oaks Bay - Cape Paterson","BC","201617_The Oaks Bay - Cape Paterson_5",133,138,140,2016-11-14,2016-11-19,2016-11-21,"Y","L3","foredune/face","1",6,0,0,0,0,0,0,0,8,0,0,0,0,0,0,0,"1","0","0","0","0","0","0","0",2,-Inf,-Inf,-Inf,"3",2,6,2,2,1
"2532","201617","The Oaks Bay - Cape Paterson","BC","201617_The Oaks Bay - Cape Paterson_6",185,186,196,2017-01-05,2017-01-06,2017-01-16,"Y","L3","beach","1",10,0,0,0,0,0,4,0,10,0,0,0,0,0,8,0,"1","0","0","0","0","1","0","0",3,-Inf,-Inf,-Inf,"3",2,6,11,10,5
"2533","201617","Wilsons Rd 1st & 2nd Bays West","BC","201617_Wilsons Rd 1st & 2nd Bays West_1",65,82,93,2016-09-07,2016-09-24,2016-10-05,"Y","L3","beach","1",0,0,0,0,0,0,0,0,0,0,0,0,0,0,0,0,"0","0","0","0","0","0","0","0",-Inf,-Inf,-Inf,-Inf,"0",2,22.5,9,11,5.5
"2534","201617","Cape Paterson - 2nd Surf Beach","BC","201617_Cape Paterson - 2nd Surf Beach_1",80,92,93,2016-09-22,2016-10-04,2016-10-05,"N","L0","dune","1",0,0,0,0,0,0,0,0,0,0,0,0,0,0,0,0,"0","0","0","0","0","0","0","0",-Inf,-Inf,-Inf,-Inf,"0",1,12.5,0,1,0.5
"2535","201617","Williamsons Beach Further West","BC","201617_Williamsons Beach Further West_1",139,144,147,2016-11-20,2016-11-25,2016-11-28,"Y","L3","beach","1",0,0,0,0,0,0,0,0,0,0,0,0,0,0,0,0,"1","0","1","0","0","0","0","0",2,-Inf,2,-Inf,"3",1,6.5,2,3,1.5
"2536","201617","Williamsons Beach Further West","BC","201617_Williamsons Beach Further West_2",155,155,161,2016-12-06,2016-12-06,2016-12-12,"Y","L3","beach","1",0,0,0,0,0,0,8.5,0,0,0,0,0,0,0,9,0,"1","0","1","0","0","1","0","0",3,-Inf,3,-Inf,"3",2,3,2,6,3
"2537","201617","Williamsons Beach Further West","BC","201617_Williamsons Beach Further West_3",172,189,197,2016-12-23,2017-01-09,2017-01-17,"Y","L3","beach","1",1,0,3,0,3,0,0,3,1,0,5,0,5,0,0,6,"1","0","1","0","1","0","1","0",2,-Inf,3,-Inf,"3",2,21,9,8,4
"2538","201617","Baxters 3 Sth","BC","201617_Baxters 3 Sth_1",176,179,193,2016-12-27,2016-12-30,2017-01-13,"N","L0","beach","1",0,0,0,0,0,0,8,1.5,0,0,0,0,0,0,12,3,"1","0","1","0","0","1","1","0",1,-Inf,1,-Inf,"3",2,10,15,14,7
"2539","201617","Baxters 3 Sth","BC","201617_Baxters 3 Sth_2",193,193,219,2017-01-13,2017-01-13,2017-02-08,"N","L0","beach","1",0,0,0,0,0,0,4,3,0,0,0,0,0,0,4,3,"0","0","0","0","0","1","1","0",-Inf,-Inf,-Inf,-Inf,"3",1,13,20,26,13
"2540","201617","Baxters 4 Sth","BC","201617_Baxters 4 Sth_1",179,179,193,2016-12-30,2016-12-30,2017-01-13,"N","L0","foredune/face","1",0,0,0,0,0,0,4,2,0,0,0,0,0,0,7,4,"1","0","1","0","0","1","1","0",1,-Inf,1,-Inf,"3",2,7,15,14,7
"2541","201617","Baxters 4 Sth","BC","201617_Baxters 4 Sth_2",193,203,214,2017-01-13,2017-01-23,2017-02-03,"N","L0","beach","1",0,0,0,0,0,0,2.5,5.5,0,0,0,0,0,0,5,10,"1","0","1","0","0","1","1","0",1,-Inf,1,-Inf,"3",2,15.5,8,11,5.5
"2542","201617","Baxters 4 Sth","BC","201617_Baxters 4 Sth_3",219,219,232,2017-02-08,2017-02-08,2017-02-21,"N","L0","beach","1",0,0,0,0,0,0,0,0,0,0,0,0,0,0,0,0,"0","0","0","0","0","0","0","0",-Inf,-Inf,-Inf,-Inf,"3",1,6.5,4,13,6.5
"2543","201617","Cutlers Beach A20 N/West","BC","201617_Cutlers Beach A20 N/West_1",186,193,203,2017-01-06,2017-01-13,2017-01-23,"N","L0","beach","1",2.5,0,0.5,0.5,0,0,0,6,3,0,1,1,0,0,0,11,"1","0","1","1","0","0","1","0",2,-Inf,1,-Inf,"3",2,12,11,10,5
"2544","201617","Desal Beach - Powlett River","BC","201617_Desal Beach - Powlett River_1",150,161,165,2016-12-01,2016-12-12,2016-12-16,"Y","L3","foredune/face","1",0,0,0,0,0,0,3.5,0.5,0,0,0,0,0,0,7,1,"1","0","1","0","0","1","1","0",2,-Inf,2,-Inf,"3",2,13,0,4,2
"2545","201617","Desal Beach - Powlett River","BC","201617_Desal Beach - Powlett River_3",189,189,197,2017-01-09,2017-01-09,2017-01-17,"Y","L3","beach","1",2,0,3.5,0.5,3,0,0,4,2,0,6,1,5,0,0,8,"1","0","1","1","1","0","1","0",2,-Inf,3,-Inf,"3",2,4,9,8,4
"2546","201617","Kilcunda Trestle Bridge Beach East","BC","201617_Trestle Bridge Beach East_1",67,67,78,2016-09-09,2016-09-09,2016-09-20,"N","L1","dune","1",0,0,0,0,0,0,0,0,0,0,0,0,0,0,0,0,"1","0","1","0","0","0","0","0",1,-Inf,2,-Inf,"3",1,5.5,6,11,5.5
"2547","201617","Kilcunda Trestle Bridge Beach East","BC","201617_Trestle Bridge Beach East_2",88,94,102,2016-09-30,2016-10-06,2016-10-14,"Y","L2","dune","1",0,0,0,0,0,0,0,0,0,0,0,0,0,0,0,0,"1","0","1","0","0","0","0","0",2,-Inf,2,-Inf,"0",1,10,2,8,4
"2548","201617","Kilcunda Trestle Bridge Beach East","BC","201617_Trestle Bridge Beach East_4",161,186,186,2016-12-12,2017-01-06,2017-01-06,"Y","L3","beach","0",5,0,1,0,1,0,0,0,5,0,1,0,1,0,0,0,"1","0","1","0","1","0","0","0",3,-Inf,3,-Inf,"3",1,25,1,0,0
"2549","201617","Powlett River Mouth East Bank","BC","201617_Powlett River Mouth East Bank_4",189,189,197,2017-01-09,2017-01-09,2017-01-17,"Y","L2","beach","1",1,0,1.5,0.5,1,0,0,4,1,0,2,1,2,0,0,8,"1","0","1","1","1","0","1","0",2,-Inf,2,-Inf,"3",2,4,9,8,4
"2550","201617","Powlett River Mouth West Bank","BC","201617_Powlett River Mouth West Bank_1",74,88,88,2016-09-16,2016-09-30,2016-09-30,"Y","L3","estuary/spit","0",0,0,0,0,0,0,0,0,0,0,0,0,0,0,0,0,"1","0","1","0","0","0","0","0",1,-Inf,1,-Inf,"2",1,14,1,0,0
"2551","201617","Powlett River Mouth West Bank","BC","201617_Powlett River Mouth West Bank_2",137,155,161,2016-11-18,2016-12-06,2016-12-12,"Y","L3","estuary/spit","1",6,0,1,0,1,0,0,0,6,0,1,0,1,0,0,0,"1","0","1","0","1","0","0","0",-Inf,-Inf,-Inf,-Inf,"0",1,21,2,6,3
"2552","201617","Powlett River Mouth West Bank","BC","201617_Powlett River Mouth West Bank_3",172,172,183,2016-12-23,2016-12-23,2017-01-03,"Y","L3","estuary/spit","1",0.5,0,1,0,1,0,0,0,1,0,2,0,2,0,0,0,"1","0","1","0","1","0","0","0",3,-Inf,2,-Inf,"2",2,5.5,12,11,5.5
"2553","201617","Williamsons Beach West","BC","201617_Williamsons Beach West_1",161,165,168,2016-12-12,2016-12-16,2016-12-19,"Y","L3","foredune/face","1",1,0,2,0,2,0,0,0,1,0,2,0,2,0,0,0,"1","0","1","0","1","0","0","0",3,-Inf,2,-Inf,"2",1,5.5,2,3,1.5
"2554","201617","Williamsons Beach West","BC","201618_Williamsons Beach West_2",179,189,197,2016-12-30,2017-01-09,2017-01-17,"Y","L3","beach","1",4,0,0,0,0,0,0,6,4,0,0,0,0,0,0,6,"1","0","1","0","0","0","1","0",3,-Inf,2,-Inf,"3",1,14,9,8,4
"2555","201617","San Remo - Bore Beach","BC","201617_San Remo - Bore Beach_1",102,123,124,2016-10-14,2016-11-04,2016-11-05,"N","L0","beach","1",0,0,0,0,0,0,0,0,0,0,0,0,0,0,0,0,"1","0","1","0","0","0","0","0",1,-Inf,2,-Inf,"1",1,21.5,1,1,0.5
"2556","201617","San Remo - Bore Beach","BC","201617_San Remo - Bore Beach_2",137,138,150,2016-11-18,2016-11-19,2016-12-01,"Y","L3","dune","1",0,0,0,0,0,0,0,2,0,0,0,0,0,0,0,2,"1","0","0","0","0","0","1","0",1,-Inf,-Inf,-Inf,"1",1,7,4,12,6
"2557","201617","San Remo - Bore Beach","BC","201617_San Remo - Bore Beach_3",161,185,185,2016-12-12,2017-01-05,2017-01-05,"Y","L3","foredune/face","0",2,0,0,0,0,0,0,30,2,0,0,0,0,0,0,30,"1","0","0","0","0","0","1","0",2,-Inf,-Inf,-Inf,"1",1,24,1,0,0
"2558","201617","Coal Point 3rd Bay West 1st Pair","BC","201617_Coal Point 3rd Bay West 1st Pair_1",186,211,211,2017-01-06,2017-01-31,2017-01-31,"N","L0","foredune/face","0",3,0,0,0,0,0,0,3,3,0,0,0,0,0,0,3,"1","0","0","0","0","0","1","0",1,-Inf,-Inf,-Inf,"3",1,25,0,0,0
"2559","201617","Inverloch - Screw Creek West","BC","201617_Inverloch - Screw Creek West_1",78,100,100,2016-09-20,2016-10-12,2016-10-12,"Y","L3","estuary/spit","0",0,0,0,0,0,0,0,0,0,0,0,0,0,0,0,0,"0","0","1","0","0","0","0","0",-Inf,-Inf,1,-Inf,"0",1,22,0,0,0
"2560","201617","Inverloch - Screw Creek West","BC","201617_Inverloch - Screw Creek West_2",140,147,148,2016-11-21,2016-11-28,2016-11-29,"Y","L3","beach","1",1,0,0,0,0,0,0,0,2,0,0,0,0,0,0,0,"1","0","1","0","0","0","0","0",2,-Inf,2,-Inf,"1",2,7.5,0,1,0.5
"2561","201617","Twin Reefs -Bunurong Coast Rd","BC","201617_Twin Reefs - Bunurong Coast Rd_7",217,233,233,2017-02-06,2017-02-22,2017-02-22,"Y","L3","beach","0",4,0,0,0,0,0,0,0,4,0,0,0,0,0,0,0,"1","0","0","0","0","0","0","0",1,-Inf,-Inf,-Inf,"0",1,16,0,0,0
"2562","201617","Baxters Beach A19 Wonthaggi Ocean Beach","BC","201617_Baxters Beach A19 Wonthaggi Ocean Beach_1",139,143,150,2016-11-20,2016-11-24,2016-12-01,"N","L0","foredune/face","1",0,0,0,0,0,0,6.5,0.5,0,0,0,0,0,0,8,1,"1","0","1","0","0","1","1","0",3,-Inf,3,-Inf,"3",2,7.5,2,7,3.5
"2563","201617","Baxters Beach A19 Wonthaggi Ocean Beach","BC","201617_Baxters Beach A19 Wonthaggi Ocean Beach_2",201,232,237,2017-01-21,2017-02-21,2017-02-26,"N","L0","beach","1",0,0,0,0,0,0,0,3.5,0,0,0,0,0,0,0,5,"1","0","1","0","0","0","1","0",1,-Inf,1,-Inf,"3",2,33.5,2,5,2.5
"2564","201617","Inverloch - Point Norman East","BC","201617_Inverloch - Point Norman East_1",73,86,92,2016-09-15,2016-09-28,2016-10-04,"Y","L3","beach","1",0,0,0,0,0,0,0,0,0,0,0,0,0,0,0,0,"1","0","1","0","0","0","0","0",1,-Inf,1,-Inf,"0",2,16,5,6,3
"2565","201617","Williamsons Beach Further East","BC","201617_Williamsons Beach Further East_1",211,211,219,2017-01-31,2017-01-31,2017-02-08,"N","L0","foredune/face","1",0,0,0,0,0,0,0,0,0,0,0,0,0,0,0,0,"1","0","0","0","0","0","0","0",1,-Inf,-Inf,-Inf,"3",1,4,2,8,4
"2566","201617","Wilsons Rd Eastward 2nd Drain","BC","201617_Wilsons Rd Eastward 2nd Drain_2",155,155,161,2016-12-06,2016-12-06,2016-12-12,"Y","L3","beach","1",3,0,1.5,1,0.5,0,7.5,1.5,6,0,3,2,1,0,14,3,"1","0","1","1","1","1","1","0",3,-Inf,3,-Inf,"1",2,3,2,6,3
"2567","201617","Baxters 2 Sth","BC","201617_Baxters 2 Sth_1",150,150,179,2016-12-01,2016-12-01,2016-12-30,"N","L0","dune","1",0,0.5,0,0,0,0,7.5,1.5,0,1,0,0,0,0,12,3,"1","1","1","0","0","1","1","0",2,1,1,-Inf,"3",2,14.5,16,29,14.5
"2568","201617","Baxters 2 Sth","BC","201617_Baxters 2 Sth_2",179,179,193,2016-12-30,2016-12-30,2017-01-13,"N","L0","beach","1",0,0.5,0,0,0,0,6,3,0,1,0,0,0,0,12,3,"1","1","1","0","0","1","1","0",2,1,1,-Inf,"3",2,7,15,14,7
"2569","201617","Baxters 2 Sth","BC","201617_Baxters 2 Sth_3",201,201,219,2017-01-21,2017-01-21,2017-02-08,"N","L0","beach","1",0,0,0,0,0,0,7,5,0,0,0,0,0,0,7,5,"1","0","0","0","0","1","1","0",1,-Inf,-Inf,-Inf,"3",1,9,12,18,9
"2570","201617","Cutlers Rocks Flock Site- Sth End","BC","201617_Cutlers Rocks Flock Site- Sth End_1",186,193,203,2017-01-06,2017-01-13,2017-01-23,"Y","L3","beach","1",1.5,0,0,0,0,0,1,6.5,3,0,0,0,0,0,2,8,"1","0","1","0","0","1","1","0",2,-Inf,2,-Inf,"3",2,12,11,10,5
"2571","201617","Cutlers Rocks Flock Site- Sth End","BC","201617_Cutlers Rocks Flock Site- Sth End_2",203,214,219,2017-01-23,2017-02-03,2017-02-08,"Y","L3","beach","1",0,0,0,0,0,0,0,0,0,0,0,0,0,0,0,0,"0","0","0","0","0","0","0","0",-Inf,-Inf,-Inf,-Inf,"3",1,13.5,2,5,2.5
"2572","201718","Coal Creek Estuary Mouth - Harmers Haven","BC","201718_Coal Creek Estuary Mouth - Harmers Haven_1",160,185,187,2017-12-11,2018-01-05,2018-01-07,"N","L0","dune","1",4,0,0,0,0,0,0,7,4,0,0,0,0,0,0,7,"1","0","1","0","0","0","1","0",3,-Inf,2,-Inf,"2",1,26,3,2,1
"2573","201718","Powlett River West A16 Eastward","BC","201718_Powlett River West A16 Eastward_1",204,216,216,2018-01-24,2018-02-05,2018-02-05,"Y","L3","beach","0",0,0,0,0,0,0,0,0,0,0,0,0,0,0,0,0,"0","0","0","0","0","0","0","0",-Inf,-Inf,-Inf,-Inf,"2",1,12,0,0,0
"2574","201718","Powlett River West A16 Further West","BC","201718_Powlett River West A16 Further West_3",146,157,157,2017-11-27,2017-12-08,2017-12-08,"Y","L3","beach","0",6,0,0,0,0,0,0,14,6,0,0,0,0,0,0,14,"1","0","1","0","0","0","1","0",3,-Inf,2,-Inf,"2",1,11,0,0,0
"2575","201718","Powlett River West A16 Further West","BC","201718_Powlett River West A16 Further West_4",216,245,245,2018-02-05,2018-03-06,2018-03-06,"Y","L3","beach","0",0,0,0,0,0,0,0,0,0,0,0,0,0,0,0,0,"1","0","0","0","0","0","0","0",1,-Inf,-Inf,-Inf,"3",1,29,0,0,0
"2576","201718","Powlett River West Bank Dune","BC","201718_Powlett River West Bank Dune_1",123,146,146,2017-11-04,2017-11-27,2017-11-27,"Y","L3","dune","0",0,0,0,0,0,0,0,0,0,0,0,0,0,0,0,0,"0","0","0","0","0","0","0","0",-Inf,-Inf,-Inf,-Inf,"0",1,23,0,0,0
"2577","201718","Waterfall Creek - Harmers Haven","BC","201718_Waterfall Creek - Harmers Haven_1",167,167,170,2017-12-18,2017-12-18,2017-12-21,"N","L1","beach","1",3,0,0,0,0,0,0,5,3,0,0,0,0,0,0,5,"1","0","0","0","0","0","1","0",1,-Inf,-Inf,-Inf,"0",1,1.5,0,3,1.5
"2578","201718","Waterfall Creek - Harmers Haven","BC","201718_Waterfall Creek - Harmers Haven_3",213,249,250,2018-02-02,2018-03-10,2018-03-11,"Y","L3","beach","1",2,0,3,0,3,0,0,0,2,0,3,0,3,0,0,0,"1","0","1","0","1","0","0","0",2,-Inf,2,-Inf,"0",1,36.5,2,1,0.5
"2579","201718","Cape Paterson - Pea Creek Estuary & Undertow Bay","BC","201718_Cape Paterson - Pea Creek Estuary & Undertow Bay_1",135,137,137,2017-11-16,2017-11-18,2017-11-18,"Y","L3","estuary/spit","1",23,0,1,0,1,0,0,0,23,0,1,0,1,0,0,0,"1","0","1","0","1","0","0","0",3,-Inf,2,-Inf,"0",1,2,1,0,0
"2580","201718","The Oaks Bay - Cape Paterson","BC","201718_The Oaks Bay - Cape Paterson_1",75,75,75,2017-09-17,2017-09-17,2017-09-17,"Y","L3","foredune/face","0",13,0,0,0,0,0,0,0,13,0,0,0,0,0,0,0,"1","0","1","0","0","0","0","0",3,-Inf,2,-Inf,"0",1,0,1,0,0
"2581","201718","The Oaks Bay - Cape Paterson","BC","201718_The Oaks Bay - Cape Paterson_2",170,179,179,2017-12-21,2017-12-30,2017-12-30,"Y","L3","foredune/face","0",0,0,0,0,0,0,0,0,0,0,0,0,0,0,0,0,"1","0","0","0","0","0","0","0",1,-Inf,-Inf,-Inf,"0",1,9,1,0,0
"2582","201718","Wilsons Rd 1st & 2nd Bays West","BC","201718_Wilsons Rd 1st & 2nd Bays West_1",132,160,160,2017-11-13,2017-12-11,2017-12-11,"Y","L3","foredune/face","0",1,0,1,0,1,0,6,0,1,0,1,0,1,0,6,0,"1","0","1","0","1","1","0","0",2,-Inf,2,-Inf,"2",1,28,0,0,0
"2583","201718","Wilsons Rd 1st & 2nd Bays West","BC","201718_Wilsons Rd 1st & 2nd Bays West_2",204,213,220,2018-01-24,2018-02-02,2018-02-09,"Y","L3","foredune/face","1",3,0,2.5,0.5,2,0,1,0,4,0,5,1,4,0,2,0,"1","0","1","1","1","1","0","0",2,-Inf,2,-Inf,"3",2,12.5,2,7,3.5
"2584","201718","Wilsons Rd 1st & 2nd Bays West","BC","201718_Wilsons Rd 1st & 2nd Bays West_3",232,259,259,2018-02-21,2018-03-20,2018-03-20,"N","L0","beach","0",0,0,0,0,0,0,0,2,0,0,0,0,0,0,0,2,"0","0","1","0","0","0","1","0",-Inf,-Inf,1,-Inf,"0",1,27,0,0,0
"2585","201718","Cape Paterson - 2nd Surf Beach","BC","201718_Cape Paterson - 2nd Surf Beach_2",132,139,153,2017-11-13,2017-11-20,2017-12-04,"Y","L3","dune","1",5,0,3,0.5,2.5,0,9,3,6,0,4,1,3,0,12,4,"1","0","1","1","1","1","1","0",3,-Inf,2,-Inf,"0",2,14,4,14,7
"2586","201718","Williamsons Beach Further West","BC","201718_Williamsons Beach Further West_1",129,136,146,2017-11-10,2017-11-17,2017-11-27,"Y","L3","foredune/face","1",1,0,2,0,2,0,0,0,2,0,4,0,4,0,0,0,"1","0","1","0","1","0","0","0",1,-Inf,2,-Inf,"2",2,12,4,10,5
"2587","201718","Williamsons Beach Further West","BC","201718_Williamsons Beach Further West_2",157,157,171,2017-12-08,2017-12-08,2017-12-22,"Y","L3","beach","1",0.5,0,0,0,0,0,0,4,1,0,0,0,0,0,0,8,"1","0","0","0","0","0","1","0",2,-Inf,-Inf,-Inf,"2",2,7,4,14,7
"2588","201718","Williamsons Beach Further West","BC","201718_Williamsons Beach Further West_3",171,185,203,2017-12-22,2018-01-05,2018-01-23,"Y","L3","foredune/face","1",1.5,0,0,0,0,0,0,12,2,0,0,0,0,0,0,24,"1","0","1","0","0","0","1","0",2,-Inf,1,-Inf,"3",2,23,19,18,9
"2589","201718","Williamsons Beach Further West","BC","201718_Williamsons Beach Further West_4",213,223,223,2018-02-02,2018-02-12,2018-02-12,"Y","L3","beach","0",0,0,0,0,0,0,0,0,0,0,0,0,0,0,0,0,"1","0","0","0","0","0","0","1",1,-Inf,-Inf,2,"2",1,10,0,0,0
"2590","201718","Baxters 3 Sth","BC","201718_Baxters 3 Sth_1",167,167,167,2017-12-18,2017-12-18,2017-12-18,"N","L0","beach","0",0,0,0,0,0,0,0,23,0,0,0,0,0,0,0,23,"1","0","0","0","0","0","1","0",1,-Inf,-Inf,-Inf,"2",1,0,0,0,0
"2591","201718","Baxters 4 Sth","BC","201718_Baxters 4 Sth_1",167,178,223,2017-12-18,2017-12-29,2018-02-12,"N","L0","beach","1",0,0,0,0,0,0,2,100,0,0,0,0,0,0,2,100,"1","0","0","0","0","1","1","0",1,-Inf,-Inf,-Inf,"2",1,33.5,35,45,22.5
"2592","201718","Baxters 4 Sth","BC","201718_Baxters 4 Sth_2",223,223,233,2018-02-12,2018-02-12,2018-02-22,"N","L0","beach","1",0,0,0,0,0,0,0,6,0,0,0,0,0,0,0,6,"1","0","0","0","0","0","1","0",1,-Inf,-Inf,-Inf,"3",1,5,2,10,5
"2593","201718","Cutlers Beach A20 N/West","BC","201718_Cutlers Beach A20 N/West _1",132,147,147,2017-11-13,2017-11-28,2017-11-28,"N","L0","beach","0",8,0,0,0,0,0,0,0,8,0,0,0,0,0,0,0,"1","0","1","0","0","0","0","0",2,-Inf,2,-Inf,"0",1,15,0,0,0
"2594","201718","Cutlers Beach A20 N/West","BC","201718_Cutlers Beach A20 N/West _2",223,233,233,2018-02-12,2018-02-22,2018-02-22,"N","L0","beach","0",0,0,0,0,0,0,0,6,0,0,0,0,0,0,0,6,"1","0","0","0","0","0","1","0",2,-Inf,-Inf,-Inf,"3",1,10,0,0,0
"2595","201718","Desal Beach - Powlett River","BC","201718_Desal Beach - Powlett River_1",146,146,157,2017-11-27,2017-11-27,2017-12-08,"Y","L3","beach","1",1.5,0,2,0,2,0,0,1.5,2,0,4,0,4,0,0,3,"1","0","1","0","1","0","1","0",-Inf,-Inf,2,-Inf,"0",2,5.5,2,11,5.5
"2596","201718","Desal Beach - Powlett River","BC","201718_Desal Beach - Powlett River_2",171,171,185,2017-12-22,2017-12-22,2018-01-05,"Y","L3","foredune/face","1",1.5,0,0,0,0,0,0.5,7,3,0,0,0,0,0,1,12,"1","0","0","0","0","1","1","0",-Inf,-Inf,-Inf,-Inf,"0",2,7,14,14,7
"2597","201718","Desal Beach - Powlett River","BC","201718_Desal Beach - Powlett River_3",203,237,245,2018-01-23,2018-02-26,2018-03-06,"Y","L3","beach","1",2,0,2.5,0.5,2,0,0,1.5,2,0,4,1,4,0,0,3,"1","0","1","1","1","0","1","0",2,-Inf,2,-Inf,"2",2,38,2,8,4
"2598","201718","Kilcunda Trestle Bridge Beach East","BC","201718_Trestle Bridge Beach East_1",121,121,134,2017-11-02,2017-11-02,2017-11-15,"Y","L3","beach","1",6.5,0,0.5,0.5,0,0,4,3.5,12,0,1,1,0,0,8,4,"1","0","1","1","0","1","1","0",3,-Inf,3,-Inf,"3",2,6.5,5,13,6.5
"2599","201718","Kilcunda Trestle Bridge Beach East","BC","201718_Trestle Bridge Beach East_2",134,142,162,2017-11-15,2017-11-23,2017-12-13,"Y","L3","foredune/face","1",2,0,0,0,0,0,0,2,2,0,0,0,0,0,0,2,"1","0","1","0","0","0","1","0",3,-Inf,2,-Inf,"3",1,18,6,20,10
"2600","201718","Kilcunda Trestle Bridge Beach East","BC","201718_Trestle Bridge Beach East_3",177,184,204,2017-12-28,2018-01-04,2018-01-24,"Y","L3","beach","1",3,0,2,2,0,0,0,2,3,0,2,2,0,0,0,2,"1","0","1","1","0","0","1","0",3,-Inf,2,-Inf,"2",1,17,21,20,10
"2601","201718","Powlett River Mouth West Bank","BC","201718_Powlett River Mouth West Bank_1",112,112,123,2017-10-24,2017-10-24,2017-11-04,"Y","L3","estuary/spit","1",0,0,0,0,0,0,0,0,0,0,0,0,0,0,0,0,"1","0","1","0","0","0","0","0",2,-Inf,1,-Inf,"3",2,5.5,3,11,5.5
"2602","201718","Powlett River West A16- Paperbark trk - Kilcunda","BC","201718_Powlett River West A16- Paperbark trk - Kilcunda_1",164,164,171,2017-12-15,2017-12-15,2017-12-22,"Y","L3","beach","1",0,0,0,0,0,0,0,0,0,0,0,0,0,0,0,0,"1","0","0","0","0","0","0","0",1,-Inf,-Inf,-Inf,"2",1,3.5,2,7,3.5
"2603","201718","Williamsons Beach West","BC","201718_Williamsons Beach West_1",136,136,146,2017-11-17,2017-11-17,2017-11-27,"Y","L3","beach","1",0,0,0,0,0,0,0,4,0,0,0,0,0,0,0,4,"1","0","1","0","0","0","1","0",2,-Inf,2,-Inf,"2",1,5,4,10,5
"2604","201718","Williamsons Beach West","BC","201718_Williamsons Beach West_2",146,157,171,2017-11-27,2017-12-08,2017-12-22,"Y","L3","beach","1",0,0,0,0,0,0,0.5,2.5,0,0,0,0,0,0,1,3,"1","0","1","0","0","1","1","0",3,-Inf,2,-Inf,"0",2,18,4,14,7
"2605","201718","Williamsons Beach West","BC","201718_Williamsons Beach West_4",223,245,245,2018-02-12,2018-03-06,2018-03-06,"Y","L3","beach","0",0,0,0,0,0,0,0,8,0,0,0,0,0,0,0,8,"1","0","1","0","0","0","1","0",3,-Inf,2,-Inf,"3",1,22,0,0,0
"2606","201718","San Remo - Bore Beach","BC","201718_Bore Beach - San Remo_2",169,169,169,2017-12-20,2017-12-20,2017-12-20,"Y","L3","beach","1",0,0,0,0,0,0,0,1,0,0,0,0,0,0,0,1,"1","0","1","0","0","0","1","0",1,-Inf,1,-Inf,"0",1,0,0,0,0
"2607","201718","Wreck Beach - Harmers Haven","BC","201718_Wreck Beach - Harmers Haven_1",160,187,188,2017-12-11,2018-01-07,2018-01-08,"Y","L3","foredune/face","1",0,0,0,0,0,0,0,0,0,0,0,0,0,0,0,0,"0","0","0","0","0","0","0","0",-Inf,-Inf,-Inf,-Inf,"1",1,27.5,2,1,0.5
"2608","201718","Wreck Beach - Harmers Haven","BC","201718_Wreck Beach - Harmers Haven_2",204,220,220,2018-01-24,2018-02-09,2018-02-09,"Y","L3","beach","0",3,0,0,0,0,0,0,4,3,0,0,0,0,0,0,4,"1","0","1","0","0","0","1","0",3,-Inf,1,-Inf,"2",1,16,0,0,0
"2609","201718","Coal Point 3rd Bay West 1st Pair","BC","201718_Coal Point 3rd Bay West 1st Pair_1",144,164,164,2017-11-25,2017-12-15,2017-12-15,"N","L0","beach","0",0,0,0,0,0,0,3,5,0,0,0,0,0,0,3,5,"1","0","1","0","0","1","1","0",1,-Inf,1,-Inf,"3",1,20,0,0,0
"2610","201718","Inverloch - Screw Creek West","BC","201718_Inverloch - Screw Creek West_1",101,116,119,2017-10-13,2017-10-28,2017-10-31,"Y","L3","beach","1",7.5,0,1,1,0,0,0,2,15,0,2,2,0,0,0,4,"1","0","1","1","0","0","1","0",2,-Inf,2,-Inf,"0",2,16.5,2,3,1.5
"2611","201718","Inverloch - Screw Creek West","BC","201718_Inverloch - Screw Creek West_2",143,148,150,2017-11-24,2017-11-29,2017-12-01,"Y","L3","beach","1",0,0,0,0,0,0,0,0,0,0,0,0,0,0,0,0,"0","0","0","0","0","0","0","0",-Inf,-Inf,-Inf,-Inf,"3",1,6,0,2,1
"2612","201718","Inverloch - Screw Creek West","BC","201718_Inverloch - Screw Creek West_3",172,185,187,2017-12-23,2018-01-05,2018-01-07,"Y","L3","beach","1",10.5,0,2,0.5,1.5,0,0,2.5,11,0,4,1,3,0,0,5,"1","0","1","1","1","0","1","0",3,-Inf,1,-Inf,"0",2,14,3,2,1
"2613","201718","Twin Reefs -Bunurong Coast Rd","BC","201718_Twin Reefs -Bunurong Coast Rd_1",175,179,179,2017-12-26,2017-12-30,2017-12-30,"Y","L3","beach","0",0,0,0,0,0,0,0,0,0,0,0,0,0,0,0,0,"0","0","0","0","0","0","0","0",-Inf,-Inf,-Inf,-Inf,"0",1,4,1,0,0
"2614","201718","Baxters Beach A19 Wonthaggi Ocean Beach","BC","201718_Baxters Beach A19 Wonthaggi Ocean Beach_1",167,167,178,2017-12-18,2017-12-18,2017-12-29,"N","L0","beach","1",0,0,0,0,0,0,2.5,10.5,0,0,0,0,0,0,5,21,"1","0","1","0","0","1","1","0",3,-Inf,2,-Inf,"3",2,5.5,7,11,5.5
"2615","201718","Baxters Beach A19 Wonthaggi Ocean Beach","BC","201718_Baxters Beach A19 Wonthaggi Ocean Beach_2",195,195,213,2018-01-15,2018-01-15,2018-02-02,"N","L0","beach","1",0,0,0,0,0,0,0,0,0,0,0,0,0,0,0,0,"1","0","1","0","0","0","0","0",2,-Inf,1,-Inf,"3",2,9,14,18,9
"2616","201718","Baxters Beach A19 Wonthaggi Ocean Beach","BC","201718_Baxters Beach A19 Wonthaggi Ocean Beach_3",223,223,241,2018-02-12,2018-02-12,2018-03-02,"N","L0","beach","1",0,0,0,0,0,0,0,10.5,0,0,0,0,0,0,0,21,"1","0","1","0","0","0","1","0",1,-Inf,1,-Inf,"3",2,9,4,18,9
"2617","201718","Wilsons Rd 2nd Bay West End","BC","201718_Wilsons Rd 2nd Bay West End_1",153,153,160,2017-12-04,2017-12-04,2017-12-11,"Y","L3","beach","1",1,0,1,0,1,0,0,0,1,0,1,0,1,0,0,0,"1","0","1","0","1","0","0","0",2,-Inf,2,-Inf,"3",1,3.5,2,7,3.5
"2618","201718","Wilsons Rd 2nd Bay West End","BC","201718_Wilsons Rd 2nd Bay West End_2",176,185,204,2017-12-27,2018-01-05,2018-01-24,"Y","L3","beach","1",3.5,0,2,1,1,0,0,0,6,0,2,2,2,0,0,0,"1","0","1","1","1","0","0","0",2,-Inf,2,-Inf,"2",2,18.5,20,19,9.5
"2619","201718","Baxters 1 Sth - Wonthaggi","BC","201718_Baxters 1 Sth - Wonthaggi_1",153,153,167,2017-12-04,2017-12-04,2017-12-18,"N","L0","beach","1",0,0,0,0,0,0,1,6,0,0,0,0,0,0,2,12,"1","0","1","0","0","1","1","0",1,-Inf,1,-Inf,"2",2,7,4,14,7
"2620","201718","Baxters 1 Sth - Wonthaggi","BC","201718_Baxters 1 Sth - Wonthaggi_2",195,195,223,2018-01-15,2018-01-15,2018-02-12,"N","L0","beach","1",1.5,0,1,0,1,0,0,0,2,0,2,0,2,0,0,0,"1","0","1","0","1","0","0","0",1,-Inf,-Inf,-Inf,"3",2,14,18,28,14
"2621","201718","San Remo - Town Back Beach","BC","201718_San Remo Town Back Beach_1",158,158,170,2017-12-09,2017-12-09,2017-12-21,"Y","L3","beach","1",5,0,5,4,1,0,0,0,5,0,5,4,1,0,0,0,"1","0","1","1","1","0","0","0",-Inf,-Inf,1,-Inf,"0",1,6,4,12,6
"2622","201718","Williamsons Beach Further East","BC","201718_Williamsons Beach Further East_1",123,126,132,2017-11-04,2017-11-07,2017-11-13,"N","L0","beach","1",0,0,0,0,0,0,3,0,0,0,0,0,0,0,6,0,"1","0","1","0","0","1","0","0",2,-Inf,1,-Inf,"2",2,6,3,6,3
"2623","201718","Williamsons Beach Further East","BC","201718_Williamsons Beach Further East_2",167,167,178,2017-12-18,2017-12-18,2017-12-29,"N","L0","beach","1",0,0,0,0,0,0,0,11.5,0,0,0,0,0,0,0,19,"1","0","0","0","0","0","1","0",3,-Inf,-Inf,-Inf,"3",2,5.5,7,11,5.5
"2624","201718","Williamsons Beach Further East","BC","201718_Williamsons Beach Further East_3",178,178,185,2017-12-29,2017-12-29,2018-01-05,"Y","L3","beach","1",0,0,0,0,0,0,2,2,0,0,0,0,0,0,4,4,"1","0","0","0","0","1","1","0",3,-Inf,-Inf,-Inf,"3",2,3.5,8,7,3.5
"2625","201718","Williamsons Beach Further East","BC","201718_Williamsons Beach Further East_4",185,185,213,2018-01-05,2018-01-05,2018-02-02,"N","L0","beach","1",0,0,0,0,0,0,2,0,0,0,0,0,0,0,4,0,"1","0","0","0","0","1","0","0",2,-Inf,-Inf,-Inf,"3",2,14,24,28,14
"2626","201718","Wilsons Rd Eastward 2nd Drain","BC","201718_Wilsons Rd Eastward 2nd Drain_1",153,155,160,2017-12-04,2017-12-06,2017-12-11,"Y","L3","beach","1",1,0,1,0,1,0,0,0,1,0,1,0,1,0,0,0,"1","0","1","0","1","0","0","0",3,-Inf,2,-Inf,"3",1,4.5,2,5,2.5
"2627","201718","Wilsons Rd Eastward 2nd Drain","BC","201718_Wilsons Rd Eastward 2nd Drain_2",176,213,213,2017-12-27,2018-02-02,2018-02-02,"Y","L3","beach","0",4,0,5,1,4,0,0,0,4,0,5,1,4,0,0,0,"1","0","1","1","1","0","0","0",3,-Inf,3,-Inf,"2",1,37,0,0,0
"2628","201718","Baxters 2 Sth","BC","201718_Baxters 2 Sth_2",195,195,223,2018-01-15,2018-01-15,2018-02-12,"N","L0","beach","1",1,0,0,0,0,0,0,0,1,0,0,0,0,0,0,0,"1","0","0","0","0","0","0","0",-Inf,-Inf,-Inf,-Inf,"3",1,14,18,28,14
"2629","201718","Cutlers Rocks Flock Site- Sth End","BC","201718_Cutlers Rocks Flock Site- Sth End_1",164,164,178,2017-12-15,2017-12-15,2017-12-29,"N","L0","beach","1",0,0,0,0,0,0,4.5,8,0,0,0,0,0,0,5,12,"1","0","1","0","0","1","1","0",2,-Inf,1,-Inf,"3",2,7,9,14,7
"2630","201718","Cutlers Rocks Flock Site- Sth End","BC","201718_Cutlers Rocks Flock Site- Sth End_2",178,204,204,2017-12-29,2018-01-24,2018-01-24,"N","L0","beach","0",0,0,0,0,0,0,0,0,0,0,0,0,0,0,0,0,"0","0","0","0","0","0","0","0",-Inf,-Inf,-Inf,-Inf,"0",1,26,1,0,0
"2631","201718","Inverloch - Abbott St","BC","201718_Inverloch - Abbott St_1",161,166,167,2017-12-12,2017-12-17,2017-12-18,"Y","L3","beach","1",2,0,3,1,2,0,0,3,2,0,3,1,2,0,0,3,"1","0","1","1","1","0","1","0",3,-Inf,3,-Inf,"0",1,5.5,1,1,0.5
"2632","201718","Baxters North Wonthaggi","BC","201718_Baxters North Wonthaggi_1",153,167,167,2017-12-04,2017-12-18,2017-12-18,"N","L0","beach","0",0,0,0,0,0,0,0,34,0,0,0,0,0,0,0,34,"1","0","1","0","0","0","1","0",1,-Inf,1,-Inf,"2",1,14,0,0,0
"2633","201718","Baxters North Wonthaggi","BC","201718_Baxters North Wonthaggi_2",185,185,213,2018-01-05,2018-01-05,2018-02-02,"N","L0","beach","1",0.5,0,0,0,0,0,3.5,3.5,1,0,0,0,0,0,4,4,"1","0","0","0","0","1","1","0",1,-Inf,-Inf,-Inf,"3",2,14,24,28,14
"2634","201718","Inverloch - Abbott St East","BC","201718_Inverloch - Abbott St East_1",66,78,78,2017-09-08,2017-09-20,2017-09-20,"Y","L3","beach","0",12,0,3,1,2,0,0,0,12,0,3,1,2,0,0,0,"1","0","1","1","1","0","0","0",3,-Inf,3,-Inf,"0",1,12,0,0,0
"2635","201718","Inverloch - Abbott St East","BC","201718_Inverloch - Abbott St East_2",128,128,137,2017-11-09,2017-11-09,2017-11-18,"Y","L3","beach","1",13,0,0,0,0,0,0,0,13,0,0,0,0,0,0,0,"1","0","0","0","0","0","0","0",3,-Inf,-Inf,-Inf,"0",1,4.5,3,9,4.5
"2636","201819","Coal Creek Estuary Mouth - Harmers Haven","BC","201819_Coal Creek Estuary Mouth - Harmers Haven_1",112,117,131,2018-10-24,2018-10-29,2018-11-12,"Y","L3","estuary/spit","1",0,0,0,0,0,0,3,6,0,0,0,0,0,0,3,6,"1","0","1","0","0","1","1","0",2,-Inf,2,-Inf,"0",1,12,5,14,7
"2637","201819","Coal Creek Estuary Mouth - Harmers Haven","BC","201819_Coal Creek Estuary Mouth - Harmers Haven_2",151,151,154,2018-12-02,2018-12-02,2018-12-05,"N","L1","estuary/spit","1",0.5,0,0,0,0,0,3,4.5,1,0,0,0,0,0,6,9,"1","0","0","0","0","1","1","0",2,-Inf,-Inf,-Inf,"1",2,1.5,1,3,1.5
"2638","201819","Powlett River West A16 Eastward","BC","201819_Powlett River West A16 Eastward_2",145,151,166,2018-11-26,2018-12-02,2018-12-17,"Y","L3","beach","1",0,0,0,0,0,0,3,8,0,0,0,0,0,0,3,8,"0","0","0","0","0","1","1","0",-Inf,-Inf,-Inf,-Inf,"0",1,13.5,5,15,7.5
"2639","201819","Powlett River West A16 Eastward","BC","201819_Powlett River West A16 Eastward_3",183,183,185,2019-01-03,2019-01-03,2019-01-05,"Y","L3","beach","1",1,0,0.5,0,0.5,0,0,0,2,0,1,0,1,0,0,0,"1","0","1","0","1","0","0","0",1,-Inf,1,-Inf,"1",2,1,3,2,1
"2640","201819","Powlett River West A16 Eastward","BC","201819_Powlett River West A16 Eastward_4",202,215,229,2019-01-22,2019-02-04,2019-02-18,"Y","L3","beach","1",0,0,0,0,0,0,0,0,0,0,0,0,0,0,0,0,"1","0","1","0","0","0","0","0",3,-Inf,2,-Inf,"0",2,20,4,14,7
"2641","201819","Powlett River West A16 Further West","BC","201819_Powlett River West A16 Further West_1",112,112,126,2018-10-24,2018-10-24,2018-11-07,"N","L0","beach","1",0,0,0,0,0,0,6,6.5,0,0,0,0,0,0,12,7,"1","0","1","0","0","1","1","0",1,-Inf,1,-Inf,"1",2,7,5,14,7
"2642","201819","Powlett River West A16 Further West","BC","201819_Powlett River West A16 Further West_2",135,135,145,2018-11-16,2018-11-16,2018-11-26,"N","L0","dune","1",0.5,0,0.5,0,0.5,0,0,0,1,0,1,0,1,0,0,0,"1","0","1","0","1","0","0","0",2,-Inf,2,-Inf,"2",2,5,4,10,5
"2643","201819","Powlett River West A16 Further West","BC","201819_Powlett River West A16 Further West_3",183,202,202,2019-01-03,2019-01-22,2019-01-22,"Y","L3","foredune/face","0",0,0,0,0,0,0,0,0,0,0,0,0,0,0,0,0,"1","0","1","0","0","0","0","0",1,-Inf,1,-Inf,"1",1,19,1,0,0
"2644","201819","Cape Paterson - Pea Creek Estuary & Undertow Bay","BC","201819_Cape Paterson - Pea Creek Estuary & Undertow Bay_2",146,152,157,2018-11-27,2018-12-03,2018-12-08,"Y","L3","estuary/spit","1",7.5,0,1.5,0.5,1,0,0,50,10,0,3,1,2,0,0,100,"1","0","1","1","1","0","1","0",2,-Inf,1,-Inf,"0",2,8.5,1,5,2.5
"2645","201819","Cape Paterson - Pea Creek Estuary & Undertow Bay","BC","201819_Cape Paterson - Pea Creek Estuary & Undertow Bay_4",192,197,199,2019-01-12,2019-01-17,2019-01-19,"Y","L3","estuary/spit","1",1,0,0.5,0,0.5,0,0,0,2,0,1,0,1,0,0,0,"1","0","1","0","1","0","0","0",1,-Inf,-Inf,-Inf,"1",2,6,3,2,1
"2646","201819","Cape Paterson - Pea Creek Estuary & Undertow Bay","BC","201819_Cape Paterson - Pea Creek Estuary & Undertow Bay_5",213,229,233,2019-02-02,2019-02-18,2019-02-22,"Y","L3","dune","1",0,0,0,0,0,0,0,0,0,0,0,0,0,0,0,0,"1","1","1","0","0","0","0","0",2,1,2,-Inf,"0",1,18,0,4,2
"2647","201819","The Oaks Bay - Cape Paterson","BC","201819_The Oaks Bay - Cape Paterson_1",128,132,132,2018-11-09,2018-11-13,2018-11-13,"Y","L3","beach","0",8,0,0,0,0,0,0,0,8,0,0,0,0,0,0,0,"1","0","0","0","0","0","0","0",1,-Inf,-Inf,-Inf,"0",1,4,0,0,0
"2648","201819","The Oaks Bay - Cape Paterson","BC","201819_The Oaks Bay - Cape Paterson_2",184,208,208,2019-01-04,2019-01-28,2019-01-28,"Y","L3","beach","0",6,0,0,0,0,0,0,1,6,0,0,0,0,0,0,1,"1","0","0","0","0","0","1","0",3,-Inf,-Inf,-Inf,"0",1,24,1,0,0
"2649","201819","Wilsons Rd 1st & 2nd Bays West","BC","201819_Wilsons Rd 1st & 2nd Bays West_1",112,112,131,2018-10-24,2018-10-24,2018-11-12,"N","L0","foredune/face","1",1,0,0,0,0,0,1.5,2.5,2,0,0,0,0,0,3,3,"1","0","1","0","0","1","1","0",2,-Inf,1,-Inf,"0",2,9.5,7,19,9.5
"2650","201819","Wilsons Rd 1st & 2nd Bays West","BC","201819_Wilsons Rd 1st & 2nd Bays West_2",151,151,154,2018-12-02,2018-12-02,2018-12-05,"N","L1","beach","1",1,0,0,0,0,0,1.5,0.5,2,0,0,0,0,0,3,1,"1","0","1","0","0","1","1","0",1,-Inf,1,-Inf,"0",2,1.5,1,3,1.5
"2651","201819","Cape Paterson - 2nd Surf Beach","BC","201819_Cape Paterson - 2nd Surf Beach_2",176,201,201,2018-12-27,2019-01-21,2019-01-21,"Y","L3","dune","0",1,0,0,0,0,0,0,0,1,0,0,0,0,0,0,0,"1","0","1","0","0","0","0","0",3,-Inf,2,-Inf,"0",1,25,1,0,0
"2652","201819","Williamsons Beach Further West","BC","201819_Williamsons Beach Further West_1",166,166,168,2018-12-17,2018-12-17,2018-12-19,"Y","L3","beach","1",0,0,0,0,0,0,0,9,0,0,0,0,0,0,0,9,"1","0","1","0","0","0","1","0",2,-Inf,1,-Inf,"1",1,1,0,2,1
"2653","201819","Williamsons Beach Further West","BC","201819_Williamsons Beach Further West_2",185,202,215,2019-01-05,2019-01-22,2019-02-04,"N","L0","foredune/face","1",0,0,0,0,0,0,0,5,0,0,0,0,0,0,0,6,"1","0","1","0","0","0","1","0",2,-Inf,2,-Inf,"1",2,23.5,10,13,6.5
"2654","201819","Desal Beach - Powlett River","BC","201819_Desal Beach - Powlett River_1",185,185,185,2019-01-05,2019-01-05,2019-01-05,"Y","L3","beach","0",0,0,0,0,0,0,0,0,0,0,0,0,0,0,0,0,"1","0","1","0","0","0","0","0",2,-Inf,1,-Inf,"1",1,0,1,0,0
"2655","201819","Kilcunda Trestle Bridge Beach A14","BC","201819_Trestle Bridge Beach A14 - Kilcunda_2",176,202,202,2018-12-27,2019-01-22,2019-01-22,"Y","L3","estuary/spit","0",6,0,1,1,0,0,0,12,6,0,1,1,0,0,0,12,"1","0","1","1","0","0","1","0",3,-Inf,2,-Inf,"0",1,26,1,0,0
"2656","201819","Powlett River Mouth West Bank","BC","201819_Powlett River Mouth West Bank_1",161,161,166,2018-12-12,2018-12-12,2018-12-17,"Y","L3","estuary/spit","1",5,0,0,0,0,0,0,0,5,0,0,0,0,0,0,0,"1","0","1","0","0","0","0","0",2,-Inf,1,-Inf,"1",1,2.5,2,5,2.5
"2657","201819","Powlett River Mouth West Bank","BC","201819_Powlett River Mouth West Bank_3",183,202,215,2019-01-03,2019-01-22,2019-02-04,"Y","L3","estuary/spit","1",2,0,0.5,0,0.5,0,0,0,2,0,1,0,1,0,0,0,"1","0","1","0","1","0","0","1",3,-Inf,3,1,"0",2,25.5,10,13,6.5
"2658","201819","Williamsons Beach West","BC","201819_Williamsons Beach West_1",151,151,161,2018-12-02,2018-12-02,2018-12-12,"N","L0","beach","1",1.5,0,0,0,0,0,2,0,3,0,0,0,0,0,4,0,"1","0","0","0","0","1","0","1",-Inf,-Inf,-Inf,1,"1",2,5,3,10,5
"2659","201819","Williamsons Beach West","BC","201819_Williamsons Beach West_2",161,161,166,2018-12-12,2018-12-12,2018-12-17,"Y","L3","beach","1",3,0,0,0,0,0,0,0,3,0,0,0,0,0,0,0,"1","0","0","0","0","0","0","1",-Inf,-Inf,-Inf,1,"1",1,2.5,2,5,2.5
"2660","201819","Williamsons Beach West","BC","201819_Williamsons Beach West_3",185,185,185,2019-01-05,2019-01-05,2019-01-05,"Y","L3","beach","0",0,0,0,0,0,0,0,2,0,0,0,0,0,0,0,2,"1","0","1","0","0","0","1","0",1,-Inf,1,-Inf,"1",1,0,1,0,0
"2661","201819","San Remo - Bore Beach","BC","201819_Bore Beach - San Remo_1",151,151,155,2018-12-02,2018-12-02,2018-12-06,"N","L1","foredune/face","1",0.5,0,0.5,0,0.5,0,1.5,0.5,1,0,1,0,1,0,3,1,"1","0","1","0","1","1","1","0",1,-Inf,1,-Inf,"1",2,2,1,4,2
"2662","201819","Wreck Beach - Harmers Haven","BC","201819_Wreck Beach - Harmers Haven_1",112,131,138,2018-10-24,2018-11-12,2018-11-19,"Y","L3","foredune/face","1",1.5,0,0,0,0,0,5,7,2,0,0,0,0,0,6,12,"1","0","1","0","0","1","1","0",3,-Inf,3,-Inf,"0",2,22.5,2,7,3.5
"2663","201819","Wreck Beach - Harmers Haven","BC","201819_Wreck Beach - Harmers Haven_2",151,151,154,2018-12-02,2018-12-02,2018-12-05,"Y","L3","dune","1",0.5,0,0,0,0,0,0,1,1,0,0,0,0,0,0,2,"1","0","0","0","0","0","1","0",2,-Inf,-Inf,-Inf,"0",2,1.5,1,3,1.5
"2664","201819","Wreck Beach - Harmers Haven","BC","201819_Wreck Beach - Harmers Haven_3",181,215,222,2019-01-01,2019-02-04,2019-02-11,"Y","L3","foredune/face","1",10,0,0.5,0,0.5,0,0,0,11,0,1,0,1,0,0,0,"1","0","1","0","1","0","0","0",3,-Inf,3,-Inf,"3",2,37.5,2,7,3.5
"2665","201819","Wreck Beach - Harmers Haven","BC","201819_Wreck Beach - Harmers Haven_4",196,215,222,2019-01-16,2019-02-04,2019-02-11,"Y","L3","beach","1",10,0,0.5,0,0.5,0,0,0,11,0,1,0,1,0,0,0,"1","0","1","0","1","0","0","0",3,-Inf,3,-Inf,"3",2,22.5,2,7,3.5
"2666","201819","Wreck Beach - Harmers Haven","BC","201819_Wreck Beach - Harmers Haven_5",237,252,266,2019-02-26,2019-03-13,2019-03-27,"Y","L3","foredune/face","1",2,0,0,0,0,0,0,0,2,0,0,0,0,0,0,0,"1","0","1","0","0","0","0","0",2,-Inf,2,-Inf,"0",1,22,4,14,7
"2667","201819","Twin Reefs -Bunurong Coast Rd","BC","201819_Twin Reefs -Bunurong Coast Rd_1",139,142,152,2018-11-20,2018-11-23,2018-12-03,"Y","L3","beach","1",0,0,0,0,0,0,0,0,0,0,0,0,0,0,0,0,"0","0","0","0","0","0","0","0",-Inf,-Inf,-Inf,-Inf,"0",1,8,4,10,5
"2668","201819","Twin Reefs -Bunurong Coast Rd","BC","201819_Twin Reefs -Bunurong Coast Rd_3",165,188,188,2018-12-16,2019-01-08,2019-01-08,"Y","L3","beach","0",5,0,0,0,0,0,0,0,5,0,0,0,0,0,0,0,"1","0","0","0","0","0","0","0",2,-Inf,-Inf,-Inf,"0",1,23,1,0,0
"2669","201819","Williamsons Beach A18 East - Wonthaggi","BC","201819_Williamsons Beach A18 East - Wonthaggi_2",188,188,188,2019-01-08,2019-01-08,2019-01-08,"Y","L3","beach","0",5,0,0,0,0,0,0,0,5,0,0,0,0,0,0,0,"1","0","1","0","0","0","0","0",2,-Inf,1,-Inf,"1",1,0,1,0,0
"2670","201819","Wilsons Rd 2nd Bay West End","BC","201819_Wilsons Rd 2nd Bay West End_1",161,167,181,2018-12-12,2018-12-18,2019-01-01,"Y","L3","beach","1",0.5,0,0,0,0,0,0,0,1,0,0,0,0,0,0,0,"1","0","1","0","0","0","0","0",2,-Inf,2,-Inf,"1",2,13,11,14,7
"2671","201819","Wilsons Rd Eastward 3rd drain","BC","201819_Wilsons Rd Eastward 3rd drain_1",167,170,184,2018-12-18,2018-12-21,2019-01-04,"Y","L3","beach","1",1,0,1,0,1,0,1,3,1,0,1,0,1,0,1,3,"1","0","1","0","1","1","1","0",2,-Inf,1,-Inf,"0",1,10,14,14,7
"2672","201819","Wilsons Rd Eastward 3rd drain","BC","201819_Wilsons Rd Eastward 3rd drain_2",194,218,218,2019-01-14,2019-02-07,2019-02-07,"Y","L3","beach","0",1,0,0,0,0,0,0,22,1,0,0,0,0,0,0,22,"1","0","0","0","0","0","1","0",-Inf,-Inf,-Inf,-Inf,"0",1,24,0,0,0
"2673","201819","Cutlers Rocks Flock Site- Sth End","BC","201819_Cutlers Rocks Flock Site- Sth End_1",63,63,68,2018-09-05,2018-09-05,2018-09-10,"N","L0","beach","1",0,0,0,0,0,0,1.5,0,0,0,0,0,0,0,3,0,"0","1","0","0","0","1","0","0",-Inf,1,-Inf,-Inf,"3",2,2.5,2,5,2.5
"2674","201819","Inverloch - Abbott St","BC","201819_Inverloch - Abbott St_1",174,184,191,2018-12-25,2019-01-04,2019-01-11,"Y","L3","beach","1",7,0,4,3,1,0,0,0,12,0,6,5,1,0,0,0,"1","0","1","1","1","0","0","0",3,-Inf,2,-Inf,"0",2,13.5,8,7,3.5
"2675","201819","Inverloch - Abbott St East","BC","201819_Inverloch - Abbott St East_1",111,132,132,2018-10-23,2018-11-13,2018-11-13,"Y","L3","beach","0",4,0,0,0,0,0,0,3,4,0,0,0,0,0,0,3,"1","0","1","0","0","0","1","0",2,-Inf,2,-Inf,"0",1,21,0,0,0
"2676","201819","Cape Paterson - 2nd Surf Beach West","BC","201819_Cape Paterson - 2nd Surf Beach West_1",161,161,167,2018-12-12,2018-12-12,2018-12-18,"Y","L3","beach","1",6.5,0,0.5,0,0.5,0,0,0,8,0,1,0,1,0,0,0,"1","0","1","0","1","0","0","0",2,-Inf,2,-Inf,"3",2,3,2,6,3
"2677","201819","Cape Paterson - 2nd Surf Beach West","BC","201819_Cape Paterson - 2nd Surf Beach West_2",170,201,201,2018-12-21,2019-01-21,2019-01-21,"Y","L3","beach","0",1,0,0,0,0,0,0,0,1,0,0,0,0,0,0,0,"1","0","1","0","0","0","0","0",2,-Inf,2,-Inf,"0",1,31,1,0,0
"2678","201819","Smalls Beach (McLellan Private Beach)","BC","201819_Smalls Beach (McLellan Private Beach)_1",102,107,128,2018-10-14,2018-10-19,2018-11-09,"N","L0","foredune/face","1",0.5,0,0,0,0,0,0,0,1,0,0,0,0,0,0,0,"1","0","1","0","0","0","0","0",1,-Inf,1,-Inf,"1",2,15.5,7,21,10.5
"2679","201819","Smalls Beach (McLellan Private Beach)","BC","201819_Smalls Beach (McLellan Private Beach)_2",199,202,216,2019-01-19,2019-01-22,2019-02-05,"N","L0","beach","1",1.5,0,0.5,0,0.5,0,0,0,3,0,1,0,1,0,0,0,"1","0","1","0","1","0","0","0",1,-Inf,1,-Inf,"1",2,10,10,14,7
"2680","201920","Coal Creek Estuary Mouth - Harmers Haven","BC","201920_Coal Creek Estuary Mouth - Harmers Haven_1",189,190,192,2020-01-09,2020-01-10,2020-01-12,"Y","L3","estuary/spit","1",7,0,1,1,0,0,0,2,14,0,2,2,0,0,0,4,"1","0","1","1","0","0","1","0",3,-Inf,3,-Inf,"0",2,2,3,2,1
"2681","201920","Powlett River West A16 Eastward","BC","201920_Powlett River West A16 Eastward_1",189,193,204,2020-01-09,2020-01-13,2020-01-24,"N","L0","beach","1",1,0,0,0,0,0,0,0,1,0,0,0,0,0,0,0,"1","0","0","0","0","0","0","0",-Inf,-Inf,-Inf,-Inf,"0",1,9.5,12,11,5.5
"2682","201920","Powlett River West A16 Further West","BC","201920_Powlett River West A16 Further West_1",165,167,167,2019-12-16,2019-12-18,2019-12-18,"N","L0","foredune/face","0",0,0,0,0,0,0,0,2,0,0,0,0,0,0,0,2,"1","0","1","0","0","0","1","0",1,-Inf,1,-Inf,"1",1,2,0,0,0
"2683","201920","Powlett River West A16 Further West","BC","201920_Powlett River West A16 Further West_2",217,228,238,2020-02-06,2020-02-17,2020-02-27,"Y","L3","beach","1",0,0,0,0,0,0,0,4,0,0,0,0,0,0,0,4,"1","0","1","0","0","0","1","1",1,-Inf,1,1,"1",1,16,2,10,5
"2684","201920","Cape Paterson - Pea Creek Estuary & Undertow Bay","BC","201920_Cape Paterson - Pea Creek Estuary & Undertow Bay_1",146,171,171,2019-11-27,2019-12-22,2019-12-22,"Y","L3","dune","0",7,0,0,0,0,0,0,0,7,0,0,0,0,0,0,0,"1","0","1","0","0","0","0","0",3,-Inf,2,-Inf,"0",1,25,1,0,0
"2685","201920","Cape Paterson - Pea Creek Estuary & Undertow Bay","BC","201920_Cape Paterson - Pea Creek Estuary & Undertow Bay_2",205,218,225,2020-01-25,2020-02-07,2020-02-14,"Y","L3","dune","1",4.5,0,0.5,0,0.5,0,0,2,6,0,1,0,1,0,0,4,"1","0","1","0","1","0","1","0",3,-Inf,2,-Inf,"1",2,16.5,2,7,3.5
"2686","201920","The Oaks Bay - Cape Paterson","BC","201920_The Oaks Bay - Cape Paterson_1",100,117,130,2019-10-12,2019-10-29,2019-11-11,"Y","L3","foredune/face","1",2,0,0,0,0,0,0,0,2,0,0,0,0,0,0,0,"1","0","0","0","0","0","0","0",-Inf,-Inf,-Inf,-Inf,"3",1,23.5,5,13,6.5
"2687","201920","The Oaks Bay - Cape Paterson","BC","201920_The Oaks Bay - Cape Paterson_3",153,171,180,2019-12-04,2019-12-22,2019-12-31,"Y","L3","foredune/face","1",0,0,0,0,0,0,0,0,0,0,0,0,0,0,0,0,"1","0","0","0","0","0","0","0",3,-Inf,-Inf,-Inf,"1",2,22.5,10,9,4.5
"2688","201920","The Oaks Bay - Cape Paterson","BC","201920_The Oaks Bay - Cape Paterson_4",197,218,218,2020-01-17,2020-02-07,2020-02-07,"Y","L2","foredune/face","0",10,0,1,0,1,0,6,4,10,0,1,0,1,0,6,4,"1","0","1","0","1","1","1","0",3,-Inf,2,-Inf,"2",1,21,0,0,0
"2689","201920","Cape Paterson - 2nd Surf Beach","BC","201920_Cape Paterson - 2nd Surf Beach_1",77,81,88,2019-09-19,2019-09-23,2019-09-30,"Y","L3","dune","1",9,0,1,0,1,0,0,0,9,0,1,0,1,0,0,0,"1","0","1","0","1","0","0","0",3,-Inf,1,-Inf,"0",1,7.5,8,7,3.5
"2690","201920","Cape Paterson - 2nd Surf Beach","BC","201920_Cape Paterson - 2nd Surf Beach_2",112,119,136,2019-10-24,2019-10-31,2019-11-17,"Y","L3","dune","1",1,0,3,0,3,0,5,0,1,0,3,0,3,0,5,0,"1","0","1","0","1","1","0","0",1,-Inf,2,-Inf,"0",1,15.5,7,17,8.5
"2691","201920","Cape Paterson - 2nd Surf Beach","BC","201920_Cape Paterson - 2nd Surf Beach_3",142,156,157,2019-11-23,2019-12-07,2019-12-08,"Y","L3","dune","1",25,0,4,2,2,0,0,1,25,0,4,2,2,0,0,1,"1","0","1","1","1","0","1","0",1,-Inf,-Inf,-Inf,"0",1,14.5,2,1,0.5
"2692","201920","Cape Paterson - 2nd Surf Beach","BC","201921_Cape Paterson - 2nd Surf Beach_4",161,161,164,2019-12-12,2019-12-12,2019-12-15,"Y","L3","dune","1",2,0,0.5,0.5,0,0,0,0,4,0,1,1,0,0,0,0,"1","0","1","1","0","0","0","0",2,-Inf,2,-Inf,"2",2,1.5,2,3,1.5
"2693","201920","Cape Paterson - 2nd Surf Beach","BC","201920_Cape Paterson - 2nd Surf Beach_5",166,174,178,2019-12-17,2019-12-25,2019-12-29,"Y","L3","dune","1",38,0,1,0.5,0.5,0,1,0,44,0,2,1,1,0,2,0,"1","0","1","1","1","1","0","0",3,-Inf,3,-Inf,"1",2,10,5,4,2
"2694","201920","Williamsons Beach Further West","BC","201920_Williamsons Beach Further West_1",165,168,173,2019-12-16,2019-12-19,2019-12-24,"N","L0","foredune/face","1",0.5,0,0.5,0.5,0,0,0,1.5,1,0,1,1,0,0,0,3,"1","0","1","1","0","0","1","0",2,-Inf,2,-Inf,"0",2,5.5,4,5,2.5
"2695","201920","Williamsons Beach Further West","BC","201920_Williamsons Beach Further West_2",178,181,188,2019-12-29,2020-01-01,2020-01-08,"Y","L3","beach","1",1.5,0,2,0,2,0,0,0,3,0,4,0,4,0,0,0,"1","0","1","0","1","0","0","0",2,-Inf,2,-Inf,"1",2,6.5,8,7,3.5
"2696","201920","Williamsons Beach Further West","BC","201920_Williamsons Beach Further West_3",193,201,206,2020-01-13,2020-01-21,2020-01-26,"N","L0","foredune/face","1",0,0,0,0,0,0,0,0,0,0,0,0,0,0,0,0,"1","0","1","0","0","0","0","0",3,-Inf,3,-Inf,"0",1,10.5,6,5,2.5
"2697","201920","Williamsons Beach Further West","BC","201920_Williamsons Beach Further West_4",206,215,223,2020-01-26,2020-02-04,2020-02-12,"N","L0","beach","1",0,0,0,0,0,0,0,0,0,0,0,0,0,0,0,0,"1","0","1","0","0","0","0","0",3,-Inf,2,-Inf,"0",2,13,2,8,4
"2698","201920","Desal Beach - Powlett River","BC","201920_Desal Beach - Powlett River_2",193,201,206,2020-01-13,2020-01-21,2020-01-26,"Y","L3","beach","1",3.5,0,0.5,0,0.5,0,0,0,4,0,1,0,1,0,0,0,"1","0","1","0","1","0","0","0",2,-Inf,1,-Inf,"0",2,10.5,6,5,2.5
"2699","201920","Desal Beach - Powlett River","BC","201920_Desal Beach - Powlett River_3",238,256,259,2020-02-27,2020-03-16,2020-03-19,"Y","L3","beach","1",2.5,0,2,1.5,1,0,0,3.5,3,0,2,2,2,0,0,5,"1","0","1","1","1","0","1","0",3,-Inf,3,-Inf,"3",2,19.5,0,3,1.5
"2700","201920","Powlett River Mouth West Bank","BC","201920_Powlett River Mouth West Bank_1",181,193,204,2020-01-01,2020-01-13,2020-01-24,"Y","L3","estuary/spit","1",7,0,2,1,1,0,0,0,7,0,2,1,1,0,0,0,"1","0","1","1","1","0","0","0",-Inf,-Inf,-Inf,-Inf,"0",1,17.5,12,11,5.5
"2701","201920","Powlett River West A16- Paperbark trk - Kilcunda","BC","201920_Powlett River West A16- Paperbark trk - Kilcunda_1",165,165,181,2019-12-16,2019-12-16,2020-01-01,"Y","L3","beach","1",0,0,0,0,0,0,0,0,0,0,0,0,0,0,0,0,"1","0","0","0","0","0","0","0",3,-Inf,-Inf,-Inf,"3",2,8,12,16,8
"2702","201920","Williamsons Beach West","BC","201920_Williamsons Beach West_1",165,181,181,2019-12-16,2020-01-01,2020-01-01,"Y","L3","beach","0",0,0,0,0,0,0,0,0,0,0,0,0,0,0,0,0,"1","0","0","0","0","0","0","0",1,-Inf,-Inf,-Inf,"0",1,16,1,0,0
"2703","201920","San Remo - Bore Beach","BC","201920_San Remo - Bore Beach_1",83,83,88,2019-09-25,2019-09-25,2019-09-30,"N","L0","foredune/face","1",0.5,0,0,0,0,0,0,0.5,1,0,0,0,0,0,0,1,"1","0","0","0","0","0","1","0",2,-Inf,-Inf,-Inf,"1",2,2.5,6,5,2.5
"2704","201920","Inverloch - Screw Creek West","BC","201920_Inverloch - Screw Creek West_1",149,164,167,2019-11-30,2019-12-15,2019-12-18,"Y","L3","estuary/spit","1",4,0,1.5,0,1.5,0,0,0,5,0,3,0,3,0,0,0,"1","0","1","0","1","0","0","0",2,-Inf,2,-Inf,"0",2,16.5,1,3,1.5
"2705","201920","Inverloch - Screw Creek West","BC","201920_Inverloch - Screw Creek West_2",186,194,196,2020-01-06,2020-01-14,2020-01-16,"Y","L3","beach","1",6.5,0,0.5,0.5,0,0,6.5,1,7,0,1,1,0,0,13,2,"1","0","1","1","0","1","1","0",3,-Inf,1,-Inf,"0",2,9,3,2,1
"2706","201920","Twin Reefs -Bunurong Coast Rd","BC","201920_Twin Reefs -Bunurong Coast Rd_1",111,113,116,2019-10-23,2019-10-25,2019-10-28,"Y","L3","beach","1",0,0,0,0,0,0,0,0,0,0,0,0,0,0,0,0,"1","0","1","0","0","0","0","0",2,-Inf,1,-Inf,"0",1,3.5,2,3,1.5
"2707","201920","Baxters Beach A19 Wonthaggi Ocean Beach","BC","201920_Baxters Beach A19 Wonthaggi Ocean Beach_1",197,197,209,2020-01-17,2020-01-17,2020-01-29,"N","L0","beach","1",2,0,0,0,0,0,0,0,2,0,0,0,0,0,0,0,"1","0","0","0","0","0","0","0",1,-Inf,-Inf,-Inf,"2",1,6,12,12,6
"2708","201920","Baxters Beach A19 Wonthaggi Ocean Beach","BC","201920_Baxters Beach A19 Wonthaggi Ocean Beach_2",209,217,235,2020-01-29,2020-02-06,2020-02-24,"N","L0","beach","1",0,0,0,0,0,0,0.5,16.5,0,0,0,0,0,0,1,20,"1","0","0","0","0","1","1","0",1,-Inf,-Inf,-Inf,"3",2,17,6,18,9
"2709","201920","Baxters Beach A19 Wonthaggi Ocean Beach","BC","201920_Baxters Beach A19 Wonthaggi Ocean Beach_3",235,235,247,2020-02-24,2020-02-24,2020-03-07,"N","L0","beach","1",0,0,0,0,0,0,0,20,0,0,0,0,0,0,0,20,"1","0","0","0","0","0","1","0",1,-Inf,-Inf,-Inf,"3",1,6,3,12,6
"2710","201920","Williamsons Beach A18 East - Wonthaggi","BC","201920_Williamsons Beach A18 East - Wonthaggi_1",209,235,235,2020-01-29,2020-02-24,2020-02-24,"Y","L3","foredune/face","0",1,0,2,0,2,0,0,0,1,0,2,0,2,0,0,0,"1","0","1","0","1","0","0","0",2,-Inf,2,-Inf,"1",1,26,0,0,0
"2711","201920","San Remo - Town Back Beach","BC","201920_San Remo - Town Back Beach_1",146,147,155,2019-11-27,2019-11-28,2019-12-06,"Y","L3","beach","1",0.5,0,0.5,0.5,0,0,0,0,1,0,1,1,0,0,0,0,"1","0","1","1","0","0","0","0",1,-Inf,-Inf,-Inf,"0",2,5,2,8,4
"2712","201920","San Remo - Town Back Beach","BC","201920_San Remo - Town Back Beach_2",158,187,187,2019-12-09,2020-01-07,2020-01-07,"Y","L3","beach","0",1,0,1,0,1,0,0,0,1,0,1,0,1,0,0,0,"1","0","1","0","1","0","0","0",2,-Inf,1,-Inf,"0",1,29,1,0,0
"2713","201920","Inverloch - Abbott St","BC","201920_Inverloch - Abbott St_1",146,146,150,2019-11-27,2019-11-27,2019-12-01,"Y","L3","beach","1",5,0,2.5,1.5,1,0,2.5,1,8,0,5,3,2,0,3,2,"1","0","1","1","1","1","1","0",1,-Inf,1,-Inf,"1",2,2,2,4,2
"2714","201920","Inverloch - Abbott St","BC","201920_Inverloch - Abbott St_3",201,201,205,2020-01-21,2020-01-21,2020-01-25,"Y","L3","beach","1",7,0,2,0,2,0,0,3,7,0,2,0,2,0,0,3,"1","0","1","0","1","0","1","0",1,-Inf,2,-Inf,"0",1,2,5,4,2
"2715","201920","Baxters North Wonthaggi","BC","201920_Baxters North Wonthaggi_1",172,197,209,2019-12-23,2020-01-17,2020-01-29,"N","L0","beach","1",2,0,0,0,0,0,0,0,2,0,0,0,0,0,0,0,"1","0","0","0","0","0","0","0",-Inf,-Inf,-Inf,-Inf,"2",1,31,12,12,6
"2716","201920","Inverloch - Abbott St East","BC","201920_Inverloch - Abbott St East_2",166,180,181,2019-12-17,2019-12-31,2020-01-01,"Y","L3","beach","1",19.5,0,6,5,1,0,0.5,2,28,0,8,6,2,0,1,4,"1","0","1","1","1","1","1","0",3,-Inf,1,-Inf,"0",2,14.5,2,1,0.5
"2717","201920","Cape Paterson - 2nd Surf Beach West","BC","201920_Cape Paterson - 2nd Surf Beach West_1",168,197,197,2019-12-19,2020-01-17,2020-01-17,"Y","L3","beach","0",5,0,1,1,0,0,2,0,5,0,1,1,0,0,2,0,"1","0","1","1","0","1","0","0",2,-Inf,2,-Inf,"0",1,29,1,0,0
"2718","201920","Smalls Beach (McLellan Private Beach)","BC","201920_Smalls Beach (McLellan Private Beach)_1",124,146,146,2019-11-05,2019-11-27,2019-11-27,"N","L0","foredune/face","0",0,0,0,0,0,0,0,0,0,0,0,0,0,0,0,0,"1","0","0","0","0","0","0","0",1,-Inf,-Inf,-Inf,"0",1,22,0,0,0
"2719","202021","Coal Creek Estuary Mouth - Harmers Haven","BC","202021_Coal Creek Estuary Mouth - Harmers Haven_1",172,177,187,2020-12-23,2020-12-28,2021-01-07,"Y","L3","estuary/spit","1",15,0,1.5,0,1.5,0,0,0,24,0,3,0,3,0,0,0,"1","0","1","0","1","0","0","0",3,-Inf,3,-Inf,"0",2,10,11,10,5
"2720","202021","Powlett River West A16 Further West","BC","202021_Powlett River West A16 Further West_1",158,158,163,2020-12-09,2020-12-09,2020-12-14,"N","L0","foredune/face","1",0,0,0,0,0,0,0,0,0,0,0,0,0,0,0,0,"1","0","1","0","0","0","0","0",3,-Inf,1,-Inf,"0",1,2.5,2,5,2.5
"2721","202021","Powlett River West A16 Further West","BC","202021_Powlett River West A16 Further West_2",194,194,198,2021-01-14,2021-01-14,2021-01-18,"N","L0","dune","1",0,0,0,0,0,0,0,0,0,0,0,0,0,0,0,0,"1","0","1","0","0","0","0","0",2,-Inf,1,-Inf,"0",1,2,5,4,2
"2722","202021","Powlett River West A16 Further West","BC","202021_Powlett River West A16 Further West_3",212,230,230,2021-02-01,2021-02-19,2021-02-19,"N","L0","dune","0",0,0,0,0,0,0,0,0,0,0,0,0,0,0,0,0,"0","0","0","0","0","0","0","0",-Inf,-Inf,-Inf,-Inf,"2",1,18,0,0,0
"2723","202021","Powlett River West Bank Dune","BC","202021_Powlett River West Bank Dune_4",207,212,212,2021-01-27,2021-02-01,2021-02-01,"N","L0","foredune/face","1",2,0,0,0,0,0,2,8,2,0,0,0,0,0,2,8,"1","0","1","0","0","1","1","0",3,-Inf,2,-Inf,"2",1,5,0,0,0
"2724","202021","Powlett River West Bank Dune","BC","202021_Powlett River West Bank Dune_5",219,221,230,2021-02-08,2021-02-10,2021-02-19,"N","L0","foredune/face","1",0,0,0,0,0,0,1,1,0,0,0,0,0,0,2,2,"1","0","0","0","0","1","1","0",1,-Inf,-Inf,-Inf,"2",2,6.5,2,9,4.5
"2725","202021","Waterfall Creek - Harmers Haven","BC","202021_Waterfall Creek - Harmers Haven_1",147,147,149,2020-11-28,2020-11-28,2020-11-30,"Y","L3","beach","1",6,0,1,0,1,0,2,0,6,0,1,0,1,0,2,0,"1","0","1","0","1","1","0","0",3,-Inf,-Inf,-Inf,"0",1,1,2,2,1
"2726","202021","Waterfall Creek - Harmers Haven","BC","202021_Waterfall Creek - Harmers Haven_1",172,172,177,2020-12-23,2020-12-23,2020-12-28,"Y","L3","beach","1",3.5,0,0,0,0,0,0,4,5,0,0,0,0,0,0,8,"1","0","1","0","0","0","1","0",3,-Inf,3,-Inf,"1",2,2.5,6,5,2.5
"2727","202021","Waterfall Creek - Harmers Haven","BC","202021_Waterfall Creek - Harmers Haven_2",177,177,187,2020-12-28,2020-12-28,2021-01-07,"Y","L3","beach","1",2,0,0,0,0,0,0,8,2,0,0,0,0,0,0,8,"1","0","1","0","0","0","1","0",3,-Inf,3,-Inf,"0",1,5,11,10,5
"2728","202021","Cape Paterson - Pea Creek Estuary & Undertow Bay","BC","202021_Cape Paterson - Pea Creek Estuary & Undertow Bay_1",109,140,140,2020-10-21,2020-11-21,2020-11-21,"Y","L3","estuary/spit","0",7,0,2,0,2,0,0,0,7,0,2,0,2,0,0,0,"1","0","1","0","1","0","0","0",-Inf,-Inf,-Inf,-Inf,"0",1,31,1,0,0
"2729","202021","Cape Paterson - Pea Creek Estuary & Undertow Bay","BC","202021_Cape Paterson - Pea Creek Estuary & Undertow Bay_2",181,194,199,2021-01-01,2021-01-14,2021-01-19,"Y","L3","estuary/spit","1",6,0,0,0,0,0,0,0,6,0,0,0,0,0,0,0,"1","0","0","0","0","0","0","0",-Inf,-Inf,-Inf,-Inf,"0",1,15.5,6,5,2.5
"2730","202021","Cape Paterson - Pea Creek Estuary & Undertow Bay","BC","202021_Cape Paterson - Pea Creek Estuary & Undertow Bay_3",207,232,232,2021-01-27,2021-02-21,2021-02-21,"Y","L3","estuary/spit","0",12,0,7,3,4,0,0,0,12,0,7,3,4,0,0,0,"1","0","1","1","1","0","0","0",-Inf,-Inf,-Inf,-Inf,"0",1,25,1,0,0
"2731","202021","The Oaks Bay - Cape Paterson","BC","202021_The Oaks Bay - Cape Paterson_1",133,137,141,2020-11-14,2020-11-18,2020-11-22,"Y","L3","foredune/face","1",4,0,0,0,0,0,0,0,4,0,0,0,0,0,0,0,"1","0","0","0","0","0","0","0",-Inf,-Inf,-Inf,-Inf,"1",1,6,2,4,2
"2732","202021","The Oaks Bay - Cape Paterson","BC","202021_The Oaks Bay - Cape Paterson_2",154,154,159,2020-12-05,2020-12-05,2020-12-10,"Y","L3","dune","1",8,0,0,0,0,0,0,0,8,0,0,0,0,0,0,0,"1","0","0","0","0","0","0","0",3,-Inf,-Inf,-Inf,"0",1,2.5,2,5,2.5
"2733","202021","The Oaks Bay - Cape Paterson","BC","202021_The Oaks Bay - Cape Paterson_3",229,238,241,2021-02-18,2021-02-27,2021-03-02,"Y","L3","beach","1",2.5,0,0,0,0,0,0,0,5,0,0,0,0,0,0,0,"1","0","0","0","0","0","0","0",2,-Inf,-Inf,-Inf,"1",2,10.5,2,3,1.5
"2734","202021","Wilsons Rd 1st & 2nd Bays West","BC","202021_Wilsons Rd 1st & 2nd Bays West_1",172,180,187,2020-12-23,2020-12-31,2021-01-07,"Y","L3","beach","1",1,0,1,0,1,0,0,0,1,0,1,0,1,0,0,0,"1","0","1","0","1","0","0","0",-Inf,-Inf,-Inf,-Inf,"0",1,11.5,8,7,3.5
"2735","202021","Cape Paterson - 2nd Surf Beach","BC","202021_Cape Paterson - 2nd Surf Beach_1",99,108,110,2020-10-11,2020-10-20,2020-10-22,"Y","L3","dune","1",5.5,0,2.5,0,2.5,0,0.5,0,6,0,3,0,3,0,1,0,"1","0","1","0","1","1","0","0",2,-Inf,1,-Inf,"0",2,10,0,2,1
"2736","202021","Cape Paterson - 2nd Surf Beach","BC","202021_Cape Paterson - 2nd Surf Beach_2",117,121,123,2020-10-29,2020-11-02,2020-11-04,"Y","L3","beach","1",0,0,0,0,0,0,6,0,0,0,0,0,0,0,6,0,"1","0","0","0","0","1","0","0",3,-Inf,-Inf,-Inf,"0",1,5,1,2,1
"2737","202021","Cape Paterson - 2nd Surf Beach","BC","202021_Cape Paterson - 2nd Surf Beach_3",158,183,183,2020-12-09,2021-01-03,2021-01-03,"Y","L3","dune","0",21,0,1,0,1,0,0,0,21,0,1,0,1,0,0,0,"1","0","1","0","1","0","0","0",-Inf,-Inf,-Inf,-Inf,"0",1,25,1,0,0
"2738","202021","Williamsons Beach Further West","BC","202021_Williamsons Beach Further West_1",149,149,152,2020-11-30,2020-11-30,2020-12-03,"Y","L3","beach","1",0,0,0,0,0,0,0,0,0,0,0,0,0,0,0,0,"0","0","1","0","0","0","0","0",-Inf,-Inf,1,-Inf,"0",1,1.5,0,3,1.5
"2739","202021","Williamsons Beach Further West","BC","202021_Williamsons Beach Further West_2",182,182,187,2021-01-02,2021-01-02,2021-01-07,"N","L0","foredune/face","1",1.5,0,1,0.5,0.5,0,0,0,3,0,2,1,1,0,0,0,"1","0","1","1","1","0","0","0",2,-Inf,2,-Inf,"0",2,2.5,6,5,2.5
"2740","202021","Williamsons Beach Further West","BC","202021_Williamsons Beach Further West_3",200,207,212,2021-01-20,2021-01-27,2021-02-01,"Y","L3","beach","1",1,0,0.5,0.5,0,0,0,0,2,0,1,1,0,0,0,0,"1","0","1","1","0","0","0","0",2,-Inf,2,-Inf,"2",2,9.5,2,5,2.5
"2741","202021","Williamsons Beach Further West","BC","202021_Williamsons Beach Further West_4",229,240,250,2021-02-18,2021-03-01,2021-03-11,"Y","L3","beach","1",0,0,0,0,0,0,0,0,0,0,0,0,0,0,0,0,"1","0","1","0","0","0","0","0",3,-Inf,2,-Inf,"2",2,16,3,10,5
"2742","202021","Cutlers Beach A20 N/West","BC","202021_Cutlers Beach A20 N/West _1",177,186,211,2020-12-28,2021-01-06,2021-01-31,"N","L0","beach","1",0,0,0,0,0,0,4,4,0,0,0,0,0,0,4,4,"1","0","1","0","0","1","1","0",1,-Inf,1,-Inf,"0",1,21.5,23,25,12.5
"2743","202021","Desal Beach - Powlett River","BC","202021_Desal Beach - Powlett River_1",158,158,161,2020-12-09,2020-12-09,2020-12-12,"N","L0","foredune/face","1",0,0,0,0,0,1,0,0,0,0,0,0,0,1,0,0,"1","0","1","0","0","0","0","1",3,-Inf,1,1,"1",1,1.5,1,3,1.5
"2744","202021","Desal Beach - Powlett River","BC","202021_Desal Beach - Powlett River_2",191,191,194,2021-01-11,2021-01-11,2021-01-14,"N","L0","foredune/face","1",1.5,0,0.5,0.5,0,0,0,0,2,0,1,1,0,0,0,0,"1","0","1","1","0","0","0","0",2,-Inf,2,-Inf,"1",2,1.5,4,3,1.5
"2745","202021","Desal Beach - Powlett River","BC","202021_Desal Beach - Powlett River_3",205,229,229,2021-01-25,2021-02-18,2021-02-18,"Y","L3","beach","0",0,0,0,0,0,0,0,0,0,0,0,0,0,0,0,0,"1","0","0","0","0","0","0","0",1,-Inf,-Inf,-Inf,"1",1,24,0,0,0
"2746","202021","Powlett River Mouth West Bank","BC","202021_Powlett River Mouth West Bank_1",122,131,133,2020-11-03,2020-11-12,2020-11-14,"Y","L3","dune","1",6,0,0,0,0,0,0,5,6,0,0,0,0,0,0,5,"1","0","1","0","0","0","1","0",3,-Inf,2,-Inf,"0",1,10,1,2,1
"2747","202021","Powlett River Mouth West Bank","BC","202021_Powlett River Mouth West Bank_2",147,149,153,2020-11-28,2020-11-30,2020-12-04,"Y","L3","estuary/spit","1",1,0,1,0,1,0,0,14,1,0,1,0,1,0,0,14,"1","0","1","0","1","0","1","0",2,-Inf,2,-Inf,"0",1,4,0,4,2
"2748","202021","Powlett River Mouth West Bank","BC","202021_Powlett River Mouth West Bank_3",180,182,186,2020-12-31,2021-01-02,2021-01-06,"Y","L3","estuary/spit","1",3,0,1,1,0,0,0,0,3,0,1,1,0,0,0,0,"1","0","1","1","0","0","0","0",-Inf,-Inf,-Inf,-Inf,"0",1,4,5,4,2
"2749","202021","Powlett River West A16- Paperbark trk - Kilcunda","BC","202021_Powlett River West A16- Paperbark trk - Kilcunda_1",137,158,163,2020-11-18,2020-12-09,2020-12-14,"Y","L3","foredune/face","1",0,0,0,0,0,0,0,0,0,0,0,0,0,0,0,0,"1","0","1","0","0","0","0","0",2,-Inf,1,-Inf,"1",1,23.5,2,5,2.5
"2750","202021","Williamsons Beach West","BC","202021_Williamsons Beach West_1",149,149,152,2020-11-30,2020-11-30,2020-12-03,"Y","L3","beach","1",3,0,2.5,0.5,2,0,0,1.5,4,0,5,1,4,0,0,3,"1","0","1","1","1","0","1","0",2,-Inf,2,-Inf,"0",2,1.5,0,3,1.5
"2751","202021","Williamsons Beach West","BC","202021_Williamsons Beach West_2",158,161,169,2020-12-09,2020-12-12,2020-12-20,"Y","L3","dune","1",4,0,0.5,0,0.5,0,0,0,7,0,1,0,1,0,0,0,"1","1","1","0","1","0","0","0",3,1,2,-Inf,"2",2,7,4,8,4
"2752","202021","Williamsons Beach West","BC","202021_Williamsons Beach West_3",191,191,194,2021-01-11,2021-01-11,2021-01-14,"Y","L3","beach","1",2,0,1.5,0.5,1,0,0,0,2,0,2,1,2,0,0,0,"1","0","1","1","1","0","0","0",2,-Inf,2,-Inf,"2",2,1.5,4,3,1.5
"2753","202021","Williamsons Beach West","BC","202021_Williamsons Beach West_4",205,229,229,2021-01-25,2021-02-18,2021-02-18,"Y","L3","beach","0",3,0,0,0,0,0,0,1,3,0,0,0,0,0,0,1,"1","0","1","0","0","0","1","0",1,-Inf,1,-Inf,"1",1,24,0,0,0
"2754","202021","Sandy Waterholes Estuary & next Bay East - George Bass Coastal Walk","BC","202021_Sandy Waterholes Estuary & next Bay East - George Bass Coastal Walk_1",183,183,183,2021-01-03,2021-01-03,2021-01-03,"N","L1","foredune/face","0",2,0,0,0,0,0,0,0,2,0,0,0,0,0,0,0,"1","0","0","0","0","0","0","0",3,-Inf,-Inf,-Inf,"0",1,0,1,0,0
"2755","202021","Wreck Beach - Harmers Haven","BC","202021_Wreck Beach - Harmers Haven_1",128,128,131,2020-11-09,2020-11-09,2020-11-12,"Y","L3","beach","1",5,0,1,0.5,0.5,0,0,0,9,0,1,1,1,0,0,0,"1","0","1","1","1","0","0","0",3,-Inf,2,-Inf,"1",2,1.5,0,3,1.5
"2756","202021","Wreck Beach - Harmers Haven","BC","202021_Wreck Beach - Harmers Haven_3",172,177,187,2020-12-23,2020-12-28,2021-01-07,"Y","L3","beach","1",3,0,3,3,0,0,0,0,3,0,3,3,0,0,0,0,"1","0","1","1","0","0","0","0",3,-Inf,3,-Inf,"0",1,10,11,10,5
"2757","202021","Wreck Beach - Harmers Haven","BC","202021_Wreck Beach - Harmers Haven_4",206,221,222,2021-01-26,2021-02-10,2021-02-11,"Y","L3","beach","1",8,0,0,0,0,0,0,6,8,0,0,0,0,0,0,6,"1","0","1","0","0","0","1","0",3,-Inf,3,-Inf,"0",1,15.5,0,1,0.5
"2758","202021","Inverloch - Screw Creek West","BC","202021_Inverloch - Screw Creek West_1",119,143,145,2020-10-31,2020-11-24,2020-11-26,"Y","L3","dune","1",4,0,5,0,5,0,0,0,4,0,5,0,5,0,0,0,"1","0","1","0","1","0","0","0",-Inf,-Inf,-Inf,-Inf,"0",1,25,0,2,1
"2759","202021","Inverloch - Screw Creek West","BC","202021_Inverloch - Screw Creek West_2",154,155,156,2020-12-05,2020-12-06,2020-12-07,"Y","L3","beach","1",0,0,0,0,0,0,0,0,0,0,0,0,0,0,0,0,"0","0","0","0","0","0","0","0",-Inf,-Inf,-Inf,-Inf,"0",1,1.5,1,1,0.5
"2760","202021","Inverloch - Screw Creek West","BC","202021_Inverloch - Screw Creek West_3",166,166,168,2020-12-17,2020-12-17,2020-12-19,"Y","L3","dune","1",3,0,0,0,0,0,0,2,3,0,0,0,0,0,0,2,"1","0","0","0","0","0","1","0",2,-Inf,-Inf,-Inf,"0",1,1,1,2,1
"2761","202021","Twin Reefs -Bunurong Coast Rd","BC","202021_Twin Reefs -Bunurong Coast Rd_1",121,122,126,2020-11-02,2020-11-03,2020-11-07,"N","L1","beach","1",8,0,0,0,0,0,0,0,8,0,0,0,0,0,0,0,"1","0","0","0","0","0","0","0",3,-Inf,-Inf,-Inf,"3",1,3,2,4,2
"2762","202021","Twin Reefs -Bunurong Coast Rd","BC","202021_Twin Reefs -Bunurong Coast Rd_2",159,166,172,2020-12-10,2020-12-17,2020-12-23,"Y","L3","foredune/face","1",0,0,0,0,0,0,0,0,0,0,0,0,0,0,0,0,"1","0","1","0","0","0","0","0",1,-Inf,1,-Inf,"1",2,10,5,6,3
"2763","202021","Wilsons Rd 2nd Bay West End","BC","202021_Wilsons Rd 2nd Bay West End_1",102,102,104,2020-10-14,2020-10-14,2020-10-16,"N","L0","foredune/face","1",0,0,0,0,0,0,0,0,0,0,0,0,0,0,0,0,"1","0","1","0","0","0","0","0",2,-Inf,1,-Inf,"1",2,1,0,2,1
"2764","202021","San Remo - Town Back Beach","BC","202021_San Remo - Town Back Beach_1",105,123,132,2020-10-17,2020-11-04,2020-11-13,"Y","L3","beach","1",2.5,0,2,0.5,1.5,0,0,0,4,0,2,1,2,0,0,0,"1","0","1","1","1","0","0","0",3,-Inf,3,-Inf,"0",2,22.5,2,9,4.5
"2765","202021","San Remo - Town Back Beach","BC","202021_San Remo - Town Back Beach_2",145,170,170,2020-11-26,2020-12-21,2020-12-21,"Y","L3","dune","0",0,0,0,0,0,0,0,0,0,0,0,0,0,0,0,0,"0","0","0","0","0","0","0","0",-Inf,-Inf,-Inf,-Inf,"0",1,25,1,0,0
"2766","202021","San Remo - Town Back Beach","BC","202021_San Remo - Town Back Beach_3",214,220,226,2021-02-03,2021-02-09,2021-02-15,"Y","L3","beach","1",1,0,2,2,0,0,0,0,1,0,2,2,0,0,0,0,"1","0","1","1","0","0","0","0",2,-Inf,1,-Inf,"0",1,9,2,6,3
"2767","202021","Williamsons Beach Further East","BC","202021_Williamsons Beach Further East_3",191,191,215,2021-01-11,2021-01-11,2021-02-04,"N","L0","beach","1",0,0,0,0,0,0,0,0,0,0,0,0,0,0,0,0,"1","1","1","0","0","0","0","0",1,2,1,-Inf,"2",2,12,18,24,12
"2768","202021","Wilsons Rd Eastward 3rd drain","BC","202021_Wilsons Rd Eastward 3rd drain_1",221,221,229,2021-02-10,2021-02-10,2021-02-18,"N","L0","beach","1",3.5,0,0.5,0.5,0,0,7,3.5,4,0,1,1,0,0,14,5,"1","0","1","1","0","1","1","0",3,-Inf,3,-Inf,"3",2,4,2,8,4
"2769","202021","Inverloch - Abbott St","BC","202021_Inverloch - Abbott St_1",134,140,141,2020-11-15,2020-11-21,2020-11-22,"Y","L3","dune","1",4,0,0.5,0,0.5,0,0,0,8,0,1,0,1,0,0,0,"1","0","1","0","1","0","0","0",-Inf,-Inf,-Inf,-Inf,"2",2,6.5,2,1,0.5
"2770","202021","Inverloch - Abbott St","BC","202021_Inverloch - Abbott St_2",154,154,156,2020-12-05,2020-12-05,2020-12-07,"Y","L3","beach","1",22,0,2,1.5,0.5,0,0,0,44,0,4,3,1,0,0,0,"1","0","1","1","1","0","0","0",3,-Inf,2,-Inf,"1",2,1,2,2,1
"2771","202021","Baxters North Wonthaggi","BC","202021_Baxters North Wonthaggi_2",191,191,215,2021-01-11,2021-01-11,2021-02-04,"N","L0","beach","1",0.5,0,1,0,1,0,7,0,1,0,2,0,2,0,8,0,"1","1","1","0","1","1","0","0",1,2,1,-Inf,"2",2,12,18,24,12
"2772","202021","Baxters North Wonthaggi","BC","202021_Baxters North Wonthaggi_3",215,215,226,2021-02-04,2021-02-04,2021-02-15,"N","L0","beach","1",0.5,0,1,0,1,0,4,1,1,0,2,0,2,0,8,2,"1","1","1","0","1","1","1","0",1,2,1,-Inf,"3",2,5.5,4,11,5.5
"2773","202021","Inverloch - Abbott St East","BC","202021_Inverloch - Abbott St East_3",171,174,176,2020-12-22,2020-12-25,2020-12-27,"Y","L3","dune","1",6.5,0,1,1,0,0,0,0.5,13,0,2,2,0,0,0,1,"1","0","1","1","0","0","1","0",3,-Inf,3,-Inf,"1",2,4,3,2,1
"2774","202021","Smalls Beach (McLellan Private Beach)","BC","202021_Smalls Beach (McLellan Private Beach)_1",80,80,102,2020-09-22,2020-09-22,2020-10-14,"N","L0","dune","1",0,0,0,0,0,0,0,0,0,0,0,0,0,0,0,0,"1","0","1","0","0","0","0","0",1,-Inf,1,-Inf,"1",2,11,15,22,11
"2775","202021","Smalls Beach (McLellan Private Beach)","BC","202021_Smalls Beach (McLellan Private Beach)_2",171,181,197,2020-12-22,2021-01-01,2021-01-17,"N","L0","beach","1",0,0,0,0,0,0,0,0,0,0,0,0,0,0,0,0,"1","0","1","0","0","0","0","0",2,-Inf,2,-Inf,"0",2,18,17,16,8
"2776","202021","Kilcunda Beach A13","BC","202021_Kilcunda Beach A13_1",172,183,183,2020-12-23,2021-01-03,2021-01-03,"Y","L3","dune","0",9,0,0,0,0,0,0,1,9,0,0,0,0,0,0,1,"1","0","0","0","0","0","1","0",3,-Inf,-Inf,-Inf,"0",1,11,1,0,0
"2777","202122","Cutlers Beach A20 S/East","BC","202122_Cutlers Beach A20 S/East_1",169,188,204,2021-12-20,2022-01-08,2022-01-24,"Y","L3","foredune/face","1",1.5,0,1,0.5,0.5,0,0,0,3,0,2,1,1,0,0,0,"1","0","1","1","1","0","0","0",2,-Inf,2,-Inf,"0",2,27,17,16,8
"2778","202122","Powlett River West A16 Further West","BC","202122_Powlett River West A16 Further West_1",148,174,174,2021-11-29,2021-12-25,2021-12-25,"N","L0","dune","0",0,0,0,0,0,0,0,0,0,0,0,0,0,0,0,0,"1","0","1","0","0","0","0","0",3,-Inf,2,-Inf,"0",1,26,1,0,0
"2779","202122","Powlett River West A16 Further West","BC","202122_Powlett River West A16 Further West_2",225,246,246,2022-02-14,2022-03-07,2022-03-07,"Y","L3","beach","0",0,0,0,0,0,0,4,1,0,0,0,0,0,0,4,1,"0","0","0","0","0","1","1","0",-Inf,-Inf,-Inf,-Inf,"0",1,21,0,0,0
"2780","202122","Powlett River West Bank Dune","BC","202122_Powlett River West Bank Dune_1",127,136,147,2021-11-08,2021-11-17,2021-11-28,"N","L0","dune","1",5,0,2,2,0,0,1,0,5,0,2,2,0,0,1,0,"1","0","1","1","0","1","0","0",1,-Inf,2,-Inf,"0",1,14.5,4,11,5.5
"2781","202122","Powlett River West Bank Dune","BC","202122_Powlett River West Bank Dune_2",164,164,169,2021-12-15,2021-12-15,2021-12-20,"N","L0","dune","1",1,0,0,0,0,0,0,7,1,0,0,0,0,0,0,7,"1","0","1","0","0","0","1","0",3,-Inf,2,-Inf,"0",1,2.5,3,5,2.5
"2782","202122","Powlett River West Bank Dune","BC","202122_Powlett River West Bank Dune_3",180,183,189,2021-12-31,2022-01-03,2022-01-09,"Y","L3","dune","1",1,0,0.5,0,0.5,0,0,0,2,0,1,0,1,0,0,0,"1","0","1","0","1","0","0","0",3,-Inf,3,-Inf,"0",2,6,7,6,3
"2783","202122","Cape Paterson - Pea Creek Estuary & Undertow Bay","BC","202122_Cape Paterson - Pea Creek Estuary & Undertow Bay_1",77,95,99,2021-09-19,2021-10-07,2021-10-11,"Y","L3","estuary/spit","1",0.5,0,1,0,1,0,0,0,1,0,2,0,2,0,0,0,"1","0","1","0","1","0","0","0",1,-Inf,-Inf,-Inf,"1",2,20,2,4,2
"2784","202122","Cape Paterson - Pea Creek Estuary & Undertow Bay","BC","202122_Cape Paterson - Pea Creek Estuary & Undertow Bay_2",116,124,125,2021-10-28,2021-11-05,2021-11-06,"Y","L3","estuary/spit","1",2,0,2,1,1,0,0,0,2,0,2,1,1,0,0,0,"1","0","1","1","1","0","0","0",1,-Inf,-Inf,-Inf,"1",2,8.5,1,1,0.5
"2785","202122","Cape Paterson - Pea Creek Estuary & Undertow Bay","BC","202122_Cape Paterson - Pea Creek Estuary & Undertow Bay_3",136,139,140,2021-11-17,2021-11-20,2021-11-21,"Y","L3","estuary/spit","1",5,0,2,0.5,1.5,0,0,0,7,0,4,1,3,0,0,0,"1","0","1","1","1","0","0","0",1,-Inf,1,-Inf,"1",2,3.5,2,1,0.5
"2786","202122","Cape Paterson - Pea Creek Estuary & Undertow Bay","BC","202122_Cape Paterson - Pea Creek Estuary & Undertow Bay_4",152,160,160,2021-12-03,2021-12-11,2021-12-11,"Y","L3","estuary/spit","1",5,0,1,0,1,0,0,0,5,0,1,0,1,0,0,0,"1","0","1","0","1","0","0","0",-Inf,-Inf,-Inf,-Inf,"0",1,8,1,0,0
"2787","202122","Cape Paterson - Pea Creek Estuary & Undertow Bay","BC","202122_Cape Paterson - Pea Creek Estuary & Undertow Bay_5",178,192,195,2021-12-29,2022-01-12,2022-01-15,"Y","L3","estuary/spit","1",3.5,0,1,1,0,0,0,0,4,0,2,2,0,0,0,0,"1","0","1","1","0","0","0","0",1,-Inf,1,-Inf,"1",2,15.5,4,3,1.5
"2788","202122","Cape Paterson - Pea Creek Estuary & Undertow Bay","BC","202122_Cape Paterson - Pea Creek Estuary & Undertow Bay_6",204,207,209,2022-01-24,2022-01-27,2022-01-29,"Y","L3","estuary/spit","1",5,0,0.5,0.5,0,0,0,0,8,0,1,1,0,0,0,0,"1","0","1","1","0","0","0","0",3,-Inf,-Inf,-Inf,"0",2,4,3,2,1
"2789","202122","The Oaks Bay - Cape Paterson","BC","202122_The Oaks Bay - Cape Paterson_1",135,145,153,2021-11-16,2021-11-26,2021-12-04,"Y","L3","foredune/face","1",3,0,1,0,1,0,0,0,3,0,1,0,1,0,0,0,"1","0","1","0","1","0","0","0",1,-Inf,1,-Inf,"1",1,14,3,8,4
"2790","202122","The Oaks Bay - Cape Paterson","BC","202122_The Oaks Bay - Cape Paterson_2",198,203,213,2022-01-18,2022-01-23,2022-02-02,"Y","L3","beach","1",0,0,0.5,0.5,0,0,0,0,0,0,1,1,0,0,0,0,"1","0","1","1","0","0","0","0",2,-Inf,1,-Inf,"1",2,10,8,10,5
"2791","202122","Wilsons Rd 1st & 2nd Bays West","BC","202122_Wilsons Rd 1st & 2nd Bays West_1",171,171,176,2021-12-22,2021-12-22,2021-12-27,"Y","L3","beach","1",2.5,0,1,0.5,0.5,0,0,0,5,0,2,1,1,0,0,0,"1","0","1","1","1","0","0","0",3,-Inf,2,-Inf,"3",2,2.5,6,5,2.5
"2792","202122","Wilsons Rd 1st & 2nd Bays West","BC","202122_Wilsons Rd 1st & 2nd Bays West_2",220,228,232,2022-02-09,2022-02-17,2022-02-21,"Y","L3","beach","1",4,0,0,0,0,0,0,0,5,0,0,0,0,0,0,0,"1","0","1","0","0","0","0","0",2,-Inf,1,-Inf,"3",2,10,2,4,2
"2793","202122","Williamsons Beach Further West","BC","202122_Williamsons Beach Further West_1",141,159,159,2021-11-22,2021-12-10,2021-12-10,"N","L0","dune","0",0,0,0,0,0,0,0,5,0,0,0,0,0,0,0,5,"1","0","1","0","0","0","1","0",2,-Inf,2,-Inf,"0",1,18,0,0,0
"2794","202122","Cutlers Beach A20 N/West","BC","202122_Cutlers Beach A20 N/West _2",204,209,239,2022-01-24,2022-01-29,2022-02-28,"Y","L3","beach","1",0.5,0,0,0,0,0,0,0,1,0,0,0,0,0,0,0,"1","1","1","0","0","0","0","0",3,1,2,-Inf,"0",2,20,10,30,15
"2795","202122","Desal Beach - Powlett River","BC","202122_Desal Beach - Powlett River_1",141,148,159,2021-11-22,2021-11-29,2021-12-10,"N","L0","dune","1",0,0,0,0,0,0,0,0,0,0,0,0,0,0,0,0,"1","0","1","0","0","0","0","0",1,-Inf,1,-Inf,"1",1,12.5,2,11,5.5
"2796","202122","Desal Beach - Powlett River","BC","202122_Desal Beach - Powlett River_2",197,204,215,2022-01-17,2022-01-24,2022-02-04,"Y","L3","beach","1",1.5,0,2.5,0,2.5,0,0,2.5,2,0,4,0,4,0,0,5,"1","0","1","0","1","0","1","0",2,-Inf,1,-Inf,"1",2,12.5,7,11,5.5
"2797","202122","Desal Beach - Powlett River","BC","202122_Desal Beach - Powlett River_3",232,232,239,2022-02-21,2022-02-21,2022-02-28,"Y","L3","beach","1",3,0,2,0,2,0,1.5,0,5,0,3,0,3,0,3,0,"1","0","1","0","1","1","0","0",2,-Inf,2,-Inf,"0",2,3.5,2,7,3.5
"2798","202122","Harmers Haven - 1st Bay West of A21 Steps","BC","202122_Harmers Haven - 1st Bay West of A21 Steps_1",167,168,169,2021-12-18,2021-12-19,2021-12-20,"Y","L3","beach","1",0,0,0,0,0,0,2,0,0,0,0,0,0,0,2,0,"1","0","1","0","0","1","0","0",1,-Inf,2,-Inf,"0",1,1.5,2,1,0.5
"2799","202122","Harmers Haven - 1st Bay West of A21 Steps","BC","202122_Harmers Haven - 1st Bay West of A21 Steps_2",178,189,191,2021-12-29,2022-01-09,2022-01-11,"Y","L3","beach","1",6,0,1.5,0,1.5,0,0,0,12,0,3,0,3,0,0,0,"1","0","1","0","1","0","0","0",3,-Inf,2,-Inf,"0",2,12,3,2,1
"2800","202122","Harmers Haven - 1st Bay West of A21 Steps","BC","202122_Harmers Haven - 1st Bay West of A21 Steps_3",183,194,209,2022-01-03,2022-01-14,2022-01-29,"Y","L3","foredune/face","1",11,0,3,3,0,0,0,2,11,0,3,3,0,0,0,2,"1","0","1","1","0","0","1","0",3,-Inf,3,-Inf,"0",1,18.5,16,15,7.5
"2801","202122","Harmers Haven - 1st Bay West of A21 Steps","BC","202122_Harmers Haven - 1st Bay West of A21 Steps_4",202,202,209,2022-01-22,2022-01-22,2022-01-29,"Y","L3","beach","1",11,0,3,3,0,0,0,2,11,0,3,3,0,0,0,2,"1","0","1","1","0","0","1","0",3,-Inf,3,-Inf,"0",1,3.5,8,7,3.5
"2802","202122","Kilcunda Trestle Bridge Beach East","BC","202122_Kilcunda Trestle Bridge Beach East_1",204,225,225,2022-01-24,2022-02-14,2022-02-14,"Y","L3","dune","0",5,0,1,0,1,0,0,0,5,0,1,0,1,0,0,0,"1","0","1","0","1","0","0","0",3,-Inf,2,-Inf,"0",1,21,0,0,0
"2803","202122","Powlett River Mouth West Bank","BC","202122_Powlett River Mouth West Bank_2",147,160,164,2021-11-28,2021-12-11,2021-12-15,"Y","L3","estuary/spit","1",5.5,0,3,0.5,2.5,0,0,3,7,0,5,1,5,0,0,6,"1","0","1","1","1","0","1","0",3,-Inf,3,-Inf,"0",2,15,2,4,2
"2804","202122","Powlett River Mouth West Bank","BC","202122_Powlett River Mouth West Bank_3",171,174,180,2021-12-22,2021-12-25,2021-12-31,"Y","L3","estuary/spit","1",0,0,0,0,0,0,0,13,0,0,0,0,0,0,0,26,"1","0","1","0","0","0","1","0",3,-Inf,3,-Inf,"2",2,6,7,6,3
"2805","202122","Williamsons Beach West","BC","202122_Williamsons Beach West_1",141,141,148,2021-11-22,2021-11-22,2021-11-29,"N","L0","foredune/face","1",1,0,1,0,1,0,2.5,1,2,0,2,0,2,0,5,2,"1","1","1","0","1","1","1","0",3,2,2,-Inf,"1",2,3.5,2,7,3.5
"2806","202122","Williamsons Beach West","BC","202122_Williamsons Beach West_2",162,162,169,2021-12-13,2021-12-13,2021-12-20,"Y","L3","beach","1",3,0,3,0,3,0,0,0,6,0,6,0,6,0,0,0,"1","0","1","0","1","0","0","0",2,-Inf,2,-Inf,"0",2,3.5,3,7,3.5
"2807","202122","Williamsons Beach West","BC","202122_Williamsons Beach West_3",179,204,204,2021-12-30,2022-01-24,2022-01-24,"Y","L3","beach","0",9,0,0,0,0,0,0,0,9,0,0,0,0,0,0,0,"1","0","1","0","0","0","0","0",3,-Inf,2,-Inf,"0",1,25,1,0,0
"2808","202122","Inverloch - Screw Creek West","BC","202122_Inverloch - Screw Creek West_1",71,95,98,2021-09-13,2021-10-07,2021-10-10,"Y","L3","dune","1",0,0,0,0,0,0,0,0,0,0,0,0,0,0,0,0,"0","0","0","0","0","0","0","0",-Inf,-Inf,-Inf,-Inf,"1",1,25.5,2,3,1.5
"2809","202122","Inverloch - Screw Creek West","BC","202122_Inverloch - Screw Creek West_2",113,125,129,2021-10-25,2021-11-06,2021-11-10,"Y","L3","beach","1",6.33333333333333,0,0.333333333333333,0.333333333333333,0,0,0,1.66666666666667,11,0,1,1,0,0,0,3,"1","0","1","1","0","0","1","0",2,-Inf,3,-Inf,"0",3,14,2,4,2
"2810","202122","Coal Creek Estuary - 2nd Bay East","BC","202122_Coal Creek Estuary - 2nd Bay East_1",148,152,162,2021-11-29,2021-12-03,2021-12-13,"N","L0","beach","1",0.5,0,0,0,0,0,1,1,1,0,0,0,0,0,2,2,"1","0","1","0","0","1","1","0",2,-Inf,3,-Inf,"1",2,9,4,10,5
"2811","202122","Coal Creek Estuary - 2nd Bay East","BC","202122_Coal Creek Estuary - 2nd Bay East_2",179,197,211,2021-12-30,2022-01-17,2022-01-31,"N","L0","beach","1",1.5,0,1.5,0,1.5,0,8.5,0,2,0,3,0,3,0,10,0,"1","0","1","0","1","1","0","0",2,-Inf,2,-Inf,"2",2,25,14,14,7
"2812","202122","Coal Creek Estuary - 2nd Bay East","BC","202122_Coal Creek Estuary - 2nd Bay East_3",232,232,247,2022-02-21,2022-02-21,2022-03-08,"Y","L3","beach","1",0,0,0,0,0,0,3,1,0,0,0,0,0,0,3,1,"1","0","1","0","0","1","1","0",1,-Inf,1,-Inf,"0",1,7.5,4,15,7.5
"2813","202122","Wilsons Rd 2nd Bay West End","BC","202122_Wilsons Rd 2nd Bay West End_1",162,162,171,2021-12-13,2021-12-13,2021-12-22,"Y","L3","beach","1",0,0,0,0,0,0,0,0,0,0,0,0,0,0,0,0,"1","1","1","0","0","0","0","0",2,1,2,-Inf,"1",2,4.5,5,9,4.5
"2814","202122","Wilsons Rd 2nd Bay West End","BC","202122_Wilsons Rd 2nd Bay West End_2",190,202,202,2022-01-10,2022-01-22,2022-01-22,"Y","L3","beach","0",5,0,3,0,3,0,0,0,5,0,3,0,3,0,0,0,"1","0","1","0","1","0","0","0",1,-Inf,1,-Inf,"0",1,12,1,0,0
"2815","202122","Baxters 1 Sth - Wonthaggi","BC","202122_Baxters 1 Sth - Wonthaggi_1",204,204,211,2022-01-24,2022-01-24,2022-01-31,"N","L0","beach","1",0.5,0,0,0,0,0,1,3,1,0,0,0,0,0,2,3,"1","1","1","0","0","1","1","0",1,2,1,-Inf,"2",2,3.5,7,7,3.5
"2816","202122","San Remo - Town Back Beach","BC","202122_San Remo - Town Back Beach_1",106,107,115,2021-10-18,2021-10-19,2021-10-27,"Y","L3","beach","1",2,0,2,1,1,0,0,0,2,0,2,2,2,0,0,0,"1","0","1","1","1","0","0","0",1,-Inf,1,-Inf,"0",2,5,2,8,4
"2817","202122","San Remo - Town Back Beach","BC","202122_San Remo - Town Back Beach_2",153,177,177,2021-12-04,2021-12-28,2021-12-28,"Y","L3","beach","0",17,0,0,0,0,0,0,0,17,0,0,0,0,0,0,0,"1","0","0","0","0","0","0","0",3,-Inf,-Inf,-Inf,"0",1,24,1,0,0
"2818","202122","Williamsons Beach Further East","BC","202122_Williamsons Beach Further East_1",166,183,190,2021-12-17,2022-01-03,2022-01-10,"N","L0","foredune/face","1",5,0,0,0,0,0,0,13,5,0,0,0,0,0,0,13,"1","0","1","0","0","0","1","0",3,-Inf,3,-Inf,"1",1,20.5,8,7,3.5
"2819","202122","Williamsons Beach Further East","BC","202122_Williamsons Beach Further East_2",197,211,222,2022-01-17,2022-01-31,2022-02-11,"N","L0","beach","1",3.5,0,0.5,0,0.5,0,0,9.5,7,0,1,0,1,0,0,15,"1","0","1","0","1","0","1","0",3,-Inf,2,-Inf,"1",2,19.5,2,11,5.5
"2820","202122","Wilsons Rd Eastward 3rd drain","BC","202122_Wilsons Rd Eastward 3rd drain_1",163,164,165,2021-12-14,2021-12-15,2021-12-16,"Y","L3","beach","1",0,0,0.5,0.5,0,0,2,0.5,0,0,1,1,0,0,2,1,"0","0","1","1","0","1","1","0",-Inf,-Inf,-Inf,-Inf,"0",2,1.5,0,1,0.5
"2821","202122","Baxters North Wonthaggi","BC","202122_Baxters North Wonthaggi_1",183,197,211,2022-01-03,2022-01-17,2022-01-31,"N","L0","dune","1",1.5,0,0.5,0,0.5,0,0,6,3,0,1,0,1,0,0,12,"1","0","1","0","1","0","1","0",2,-Inf,2,-Inf,"0",2,21,14,14,7
"2822","202223","Coal Creek Estuary Mouth - Harmers Haven","BC","202223_Coal Creek Estuary Mouth - Harmers Haven_1",142,142,145,2022-11-23,2022-11-23,2022-11-26,"N","L1","estuary/spit","1",0.5,0,0.5,0,0.5,0,0,0,1,0,1,0,1,0,0,0,"1","0","1","0","1","0","0","0",3,-Inf,3,-Inf,"0",2,1.5,1,3,1.5
"2823","202223","Coal Creek Estuary Mouth - Harmers Haven","BC","202223_Coal Creek Estuary Mouth - Harmers Haven_2",210,210,210,2023-01-30,2023-01-30,2023-01-30,"Y","L3","estuary/spit","0",1,0,1,0,1,0,6,0,1,0,1,0,1,0,6,0,"1","0","1","0","1","1","0","0",2,-Inf,-Inf,-Inf,"2",1,0,0,0,0
"2824","202223","Cutlers Beach A20 S/East","BC","202223_Cutlers Beach A20 S/East_1",193,217,217,2023-01-13,2023-02-06,2023-02-06,"Y","L3","beach","0",0,0,0,0,0,0,5,0,0,0,0,0,0,0,5,0,"1","0","1","0","0","1","0","0",1,-Inf,2,-Inf,"0",1,24,0,0,0
"2825","202223","Powlett River West A16 Further West","BC","202223_Powlett River West A16 Further West_2",150,150,154,2022-12-01,2022-12-01,2022-12-05,"N","L0","foredune/face","1",0,0,0,0,0,0,0,0,0,0,0,0,0,0,0,0,"0","0","0","0","0","0","0","0",-Inf,-Inf,-Inf,-Inf,"0",1,2,2,4,2
"2826","202223","Powlett River West A16 Further West","BC","202223_Powlett River West A16 Further West_3",156,156,163,2022-12-07,2022-12-07,2022-12-14,"Y","L3","beach","1",0,0,0,0,0,0,2,1.5,0,0,0,0,0,0,3,3,"1","0","0","0","0","1","1","0",2,-Inf,-Inf,-Inf,"2",2,3.5,2,7,3.5
"2827","202223","Powlett River West A16 Further West","BC","202223_Powlett River West A16 Further West_4",172,203,203,2022-12-23,2023-01-23,2023-01-23,"N","L0","foredune/face","0",8,0,0,0,0,0,0,0,8,0,0,0,0,0,0,0,"1","0","1","0","0","0","0","0",3,-Inf,3,-Inf,"0",1,31,1,0,0
"2828","202223","Powlett River West Bank Dune","BC","202223_Powlett River West Bank Dune_1",72,97,100,2022-09-14,2022-10-09,2022-10-12,"N","L0","dune","1",0,0,0,0,0,0,3,0,0,0,0,0,0,0,3,0,"1","0","1","0","0","1","0","0",2,-Inf,2,-Inf,"0",1,26.5,1,3,1.5
"2829","202223","Powlett River West Bank Dune","BC","202223_Powlett River West Bank Dune_3",144,144,151,2022-11-25,2022-11-25,2022-12-02,"N","L0","dune","1",0,0,0,0,0,0,0,0,0,0,0,0,0,0,0,0,"1","0","0","0","0","0","0","0",1,-Inf,-Inf,-Inf,"2",1,3.5,2,7,3.5
"2830","202223","Cape Paterson - Pea Creek Estuary & Undertow Bay","BC","202223_Cape Paterson - Pea Creek Estuary & Undertow Bay_1",79,85,89,2022-09-21,2022-09-27,2022-10-01,"Y","L3","dune","1",0,0,0,0,0,0,0,0,0,0,0,0,0,0,0,0,"1","0","0","0","0","0","0","0",1,-Inf,-Inf,-Inf,"1",1,8,5,4,2
"2831","202223","Cape Paterson - Pea Creek Estuary & Undertow Bay","BC","202223_Cape Paterson - Pea Creek Estuary & Undertow Bay_2",101,105,107,2022-10-13,2022-10-17,2022-10-19,"Y","L3","beach","1",5,0,1,0,1,0,0,1.5,8,0,2,0,2,0,0,3,"1","0","1","0","1","0","1","0",3,-Inf,3,-Inf,"0",2,5,0,2,1
"2832","202223","Cape Paterson - Pea Creek Estuary & Undertow Bay","BC","202223_Cape Paterson - Pea Creek Estuary & Undertow Bay_3",138,142,144,2022-11-19,2022-11-23,2022-11-25,"Y","L3","beach","1",2,0,1.5,0,1.5,0,1.5,0.5,4,0,3,0,3,0,2,1,"1","0","1","0","1","1","1","0",1,-Inf,1,-Inf,"1",2,5,0,2,1
"2833","202223","Cape Paterson - Pea Creek Estuary & Undertow Bay","BC","202223_Cape Paterson - Pea Creek Estuary & Undertow Bay_4",168,179,181,2022-12-19,2022-12-30,2023-01-01,"Y","L3","estuary/spit","1",4,0,2,1,1,0,0,3.5,8,0,4,2,2,0,0,7,"1","0","1","1","1","0","1","0",3,-Inf,2,-Inf,"1",2,12,3,2,1
"2834","202223","Cape Paterson - Pea Creek Estuary & Undertow Bay","BC","202223_Cape Paterson - Pea Creek Estuary & Undertow Bay_5",183,213,213,2023-01-03,2023-02-02,2023-02-02,"Y","L3","estuary/spit","0",5,0,3,0,3,0,0,0,5,0,3,0,3,0,0,0,"1","0","1","0","1","0","0","0",2,-Inf,2,-Inf,"0",1,30,0,0,0
"2835","202223","The Oaks Bay - Cape Paterson","BC","202223_The Oaks Bay - Cape Paterson_1",107,137,137,2022-10-19,2022-11-18,2022-11-18,"Y","L3","foredune/face","0",1,0,0,0,0,0,1,1,1,0,0,0,0,0,1,1,"1","0","0","0","0","1","1","0",-Inf,-Inf,-Inf,-Inf,"1",1,30,0,0,0
"2836","202223","Cape Paterson - 2nd Surf Beach","BC","202223_Cape Paterson - 2nd Surf Beach_1",179,195,195,2022-12-30,2023-01-15,2023-01-15,"Y","L3","foredune/face","0",7,0,3,3,0,0,0,0,7,0,3,3,0,0,0,0,"1","0","1","1","0","0","0","0",3,-Inf,2,-Inf,"0",1,16,1,0,0
"2837","202223","Williamsons Beach Further West","BC","202223_Williamsons Beach Further West_1",137,137,144,2022-11-18,2022-11-18,2022-11-25,"N","L0","foredune/face","1",1,0,1,1,0,0,0,0,2,0,2,2,0,0,0,0,"1","0","1","1","0","0","0","0",1,-Inf,2,-Inf,"1",2,3.5,2,7,3.5
"2838","202223","Williamsons Beach Further West","BC","202223_Williamsons Beach Further West_2",155,182,182,2022-12-06,2023-01-02,2023-01-02,"N","L0","dune","0",0,0,0,0,0,0,0,0,0,0,0,0,0,0,0,0,"1","0","1","0","0","0","0","0",3,-Inf,3,-Inf,"0",1,27,1,0,0
"2839","202223","Baxters 3 Sth","BC","202223_Baxters 3 Sth_1",208,218,227,2023-01-28,2023-02-07,2023-02-16,"N","L0","beach","1",0,0,0,0,0,0,1,1,0,0,0,0,0,0,2,2,"1","0","1","0","0","1","1","0",2,-Inf,2,-Inf,"2",2,14.5,2,9,4.5
"2840","202223","Baxters 3 Sth","BC","202223_Baxters 3 Sth_2",240,256,271,2023-03-01,2023-03-17,2023-04-01,"N","L0","foredune/face","1",0,0,0,0,0,0,0,2,0,0,0,0,0,0,0,4,"1","0","0","0","0","0","1","0",1,-Inf,-Inf,-Inf,"1",2,23.5,5,15,7.5
"2841","202223","Baxters 4 Sth","BC","202223_Baxters 4 Sth_1",137,137,183,2022-11-18,2022-11-18,2023-01-03,"N","L0","foredune/face","1",0,0,0,0,0,0,0,1,0,0,0,0,0,0,0,1,"1","0","0","0","0","0","1","0",1,-Inf,-Inf,-Inf,"1",1,23,24,46,23
"2842","202223","Baxters 4 Sth","BC","202223_Baxters 4 Sth_2",190,208,218,2023-01-10,2023-01-28,2023-02-07,"N","L0","beach","1",0,0,0,0,0,0,0,1,0,0,0,0,0,0,0,2,"1","0","1","0","0","0","1","0",2,-Inf,2,-Inf,"3",2,23,4,10,5
"2843","202223","Cutlers Beach A20 N/West","BC","202223_Cutlers Beach A20 N/West _1",190,196,196,2023-01-10,2023-01-16,2023-01-16,"Y","L3","beach","0",6,0,2,0,2,0,0,0,6,0,2,0,2,0,0,0,"1","1","1","0","1","0","0","0",3,3,3,-Inf,"3",1,6,1,0,0
"2844","202223","Cutlers Beach A20 N/West","BC","202223_Cutlers Beach A20 N/West _2",227,245,255,2023-02-16,2023-03-06,2023-03-16,"Y","L3","foredune/face","1",0,0,0,0,0,0,1,0.5,0,0,0,0,0,0,2,1,"1","0","1","0","0","1","1","0",3,-Inf,2,-Inf,"0",2,23,3,10,5
"2845","202223","Desal Beach - Powlett River","BC","202223_Desal Beach - Powlett River_1",137,137,144,2022-11-18,2022-11-18,2022-11-25,"N","L0","beach","1",1.5,0,1,0.5,0.5,0,0,2,2,0,1,1,1,0,0,4,"1","0","1","1","1","0","1","0",1,-Inf,1,-Inf,"1",2,3.5,2,7,3.5
"2846","202223","Desal Beach - Powlett River","BC","202223_Desal Beach - Powlett River_2",150,151,155,2022-12-01,2022-12-02,2022-12-06,"Y","L3","beach","1",1.5,0,1,0.5,0.5,0,1,1,3,0,2,1,1,0,2,2,"1","0","1","1","1","1","1","0",2,-Inf,2,-Inf,"1",2,3,2,4,2
"2847","202223","Desal Beach - Powlett River","BC","202223_Desal Beach - Powlett River_3",168,170,179,2022-12-19,2022-12-21,2022-12-30,"Y","L3","beach","1",1,0,0.5,0.5,0.5,0,0,0,2,0,1,1,1,0,0,0,"1","0","1","1","1","0","0","0",1,-Inf,2,-Inf,"3",2,6.5,10,9,4.5
"2848","202223","Harmers Haven - 1st Bay West of A21 Steps","BC","202223_Harmers Haven - 1st Bay West of A21 Steps_1",168,168,181,2022-12-19,2022-12-19,2023-01-01,"Y","L3","beach","1",2,0,0,0,0,0,2,0,4,0,0,0,0,0,4,0,"1","0","1","0","0","1","0","0",3,-Inf,3,-Inf,"0",2,6.5,12,13,6.5
"2849","202223","Harmers Haven - 1st Bay West of A21 Steps","BC","202223_Harmers Haven - 1st Bay West of A21 Steps_2",205,230,230,2023-01-25,2023-02-19,2023-02-19,"Y","L3","beach","0",0,0,0,0,0,0,0,0,0,0,0,0,0,0,0,0,"1","0","1","0","0","0","0","0",2,-Inf,2,-Inf,"0",1,25,1,0,0
"2850","202223","Kilcunda Trestle Bridge Beach East","BC","202223_Kilcunda Trestle Bridge Beach East_1",63,78,84,2022-09-05,2022-09-20,2022-09-26,"N","L0","dune","1",2.5,0,0.5,0.5,0,0,1,0,5,0,1,1,0,0,2,0,"1","0","1","1","0","1","0","0",3,-Inf,3,-Inf,"2",2,18,7,6,3
"2851","202223","Kilcunda Trestle Bridge Beach East","BC","202223_Kilcunda Trestle Bridge Beach East_2",98,105,118,2022-10-10,2022-10-17,2022-10-30,"N","L0","dune","1",0.5,0,0.5,0,0.5,0,1,0,1,0,1,0,1,0,2,0,"1","0","1","0","1","1","0","0",2,-Inf,2,-Inf,"0",2,13.5,4,13,6.5
"2852","202223","Kilcunda Trestle Bridge Beach East","BC","202223_Kilcunda Trestle Bridge Beach East_3",179,199,204,2022-12-30,2023-01-19,2023-01-24,"N","L0","dune","1",3,0,6,0,6,0,0,0,3,0,6,0,6,0,0,0,"1","0","1","0","1","0","0","0",3,-Inf,3,-Inf,"3",1,22.5,6,5,2.5
"2853","202223","Kilcunda Trestle Bridge Beach East","BC","202223_Kilcunda Trestle Bridge Beach East_4",217,238,240,2023-02-06,2023-02-27,2023-03-01,"Y","L3","dune","1",0,0,0,0,0,0,0,0,0,0,0,0,0,0,0,0,"1","0","1","0","0","0","0","0",3,-Inf,2,-Inf,"2",2,22,0,2,1
"2854","202223","Powlett River Mouth West Bank","BC","202223_Powlett River Mouth West Bank_1",115,123,126,2022-10-27,2022-11-04,2022-11-07,"Y","L3","estuary/spit","1",8,0,4,0,4,0,1,0,8,0,4,0,4,0,1,0,"1","0","1","0","1","1","0","0",2,-Inf,-Inf,-Inf,"0",1,9.5,2,3,1.5
"2855","202223","Powlett River Mouth West Bank","BC","202223_Powlett River Mouth West Bank_2",197,204,210,2023-01-17,2023-01-24,2023-01-30,"Y","L3","estuary/spit","1",5,0,2,0,2,0,0,0,10,0,4,0,4,0,0,0,"1","0","1","0","1","0","0","0",3,-Inf,3,-Inf,"2",2,10,6,6,3
"2856","202223","Powlett River West A16- Paperbark trk - Kilcunda","BC","202223_Powlett River West A16- Paperbark trk - Kilcunda_1",154,154,163,2022-12-05,2022-12-05,2022-12-14,"Y","L3","beach","1",0,0,0,0,0,0,0,0,0,0,0,0,0,0,0,0,"0","0","0","0","0","0","0","0",-Inf,-Inf,-Inf,-Inf,"2",2,4.5,2,9,4.5
"2857","202223","Powlett River West A16- Paperbark trk - Kilcunda","BC","202223_Powlett River West A16- Paperbark trk - Kilcunda_2",175,175,182,2022-12-26,2022-12-26,2023-01-02,"N","L0","dune","1",0,0,0,0,0,0,0,0,0,0,0,0,0,0,0,0,"1","0","1","0","0","0","0","0",3,-Inf,2,-Inf,"3",2,3.5,8,7,3.5
"2858","202223","Powlett River West A16- Paperbark trk - Kilcunda","BC","202223_Powlett River West A16- Paperbark trk - Kilcunda_3",189,196,203,2023-01-09,2023-01-16,2023-01-23,"Y","L3","beach","1",1,0,0,0,0,0,0,0,1,0,0,0,0,0,0,0,"1","0","1","0","0","0","0","0",3,-Inf,2,-Inf,"0",1,10.5,8,7,3.5
"2859","202223","Williamsons Beach West","BC","202223_Williamsons Beach West_1",137,137,144,2022-11-18,2022-11-18,2022-11-25,"N","L0","beach","1",1.5,0,0,0,0,0,0,1.5,2,0,0,0,0,0,0,3,"1","0","1","0","0","0","1","0",1,-Inf,1,-Inf,"1",2,3.5,2,7,3.5
"2860","202223","Williamsons Beach West","BC","202223_Williamsons Beach West_2",151,155,168,2022-12-02,2022-12-06,2022-12-19,"Y","L3","beach","1",0,0,0,0,0,0,0,0,0,0,0,0,0,0,0,0,"1","1","1","0","0","0","0","0",3,2,1,-Inf,"3",1,10.5,4,13,6.5
"2861","202223","Williamsons Beach West","BC","202223_Williamsons Beach West_3",168,179,182,2022-12-19,2022-12-30,2023-01-02,"Y","L3","beach","1",2,0,1,1,0,0,1.5,4.5,4,0,2,2,0,0,3,9,"1","1","1","1","0","1","1","0",2,3,2,-Inf,"2",2,12.5,4,3,1.5
"2862","202223","Williamsons Beach West","BC","202223_Williamsons Beach West_4",196,221,221,2023-01-16,2023-02-10,2023-02-10,"Y","L3","beach","0",0,0,0,0,0,0,0,0,0,0,0,0,0,0,0,0,"1","0","0","0","0","0","0","0",2,-Inf,-Inf,-Inf,"0",1,25,0,0,0
"2863","202223","Sandy Waterhole Bay West end - George Bass Coastal Walk","BC","202223_Sandy Waterhole Bay West end_1",185,185,185,2023-01-05,2023-01-05,2023-01-05,"Y","L3","beach","0",12,0,0,0,0,0,4,0,12,0,0,0,0,0,4,0,"1","0","0","0","0","1","0","0",3,-Inf,-Inf,-Inf,"3",1,0,1,0,0
"2864","202223","Wreck Beach - Harmers Haven","BC","202223_Wreck Beach - Harmers Haven_1",137,137,142,2022-11-18,2022-11-18,2022-11-23,"N","L1","beach","1",2,0,1,0,1,0,0,0,3,0,2,0,2,0,0,0,"1","0","1","0","1","0","0","0",3,-Inf,3,-Inf,"1",2,2.5,2,5,2.5
"2865","202223","Wreck Beach - Harmers Haven","BC","202223_Wreck Beach - Harmers Haven_2",210,224,231,2023-01-30,2023-02-13,2023-02-20,"Y","L3","foredune/face","1",0.5,0,0,0,0,0,1.5,2,1,0,0,0,0,0,3,4,"1","0","1","0","0","1","1","0",3,-Inf,2,-Inf,"0",2,17.5,2,7,3.5
"2866","202223","Wreck Beach - Harmers Haven","BC","202223_Wreck Beach - Harmers Haven_3",245,245,249,2023-03-06,2023-03-06,2023-03-10,"Y","L3","foredune/face","1",1,0,0.5,0.5,0,0,0,0,2,0,1,1,0,0,0,0,"1","0","1","1","0","0","0","0",2,-Inf,1,-Inf,"0",2,2,0,4,2
"2867","202223","Coal Point 3rd Bay West 1st Pair","BC","202223_Coal Point 3rd Bay West 1st Pair_1",210,217,217,2023-01-30,2023-02-06,2023-02-06,"Y","L3","beach","0",0,0,0,0,0,0,2,0,0,0,0,0,0,0,2,0,"1","0","1","0","0","1","0","0",1,-Inf,2,-Inf,"0",1,7,0,0,0
"2868","202223","Inverloch - Screw Creek West","BC","202223_Inverloch - Screw Creek West_1",72,99,99,2022-09-14,2022-10-11,2022-10-11,"Y","L3","beach","0",5,0,1,1,0,0,0,0,5,0,1,1,0,0,0,0,"1","0","1","1","0","0","0","0",1,-Inf,1,-Inf,"0",1,27,0,0,0
"2869","202223","Inverloch - Screw Creek West","BC","202223_Inverloch - Screw Creek West_2",145,173,173,2022-11-26,2022-12-24,2022-12-24,"Y","L3","beach","0",10,0,5,0,5,0,0,5,10,0,5,0,5,0,0,5,"1","0","1","0","1","0","1","0",2,-Inf,1,-Inf,"1",1,28,1,0,0
"2870","202223","Baxters Beach A19 Wonthaggi Ocean Beach","BC","202223_Baxters Beach A19 Wonthaggi Ocean Beach_2",208,208,208,2023-01-28,2023-01-28,2023-01-28,"Y","L3","beach","0",0,0,0,0,0,0,0,0,0,0,0,0,0,0,0,0,"1","0","1","0","0","0","0","0",3,-Inf,3,-Inf,"3",1,0,1,0,0
"2871","202223","Coal Creek Estuary - 2nd Bay East","BC","202223_Coal Creek Estuary - 2nd Bay East_1",150,150,159,2022-12-01,2022-12-01,2022-12-10,"N","L0","beach","1",0.5,0,0.5,0.5,0,0,1.5,2,1,0,1,1,0,0,3,2,"1","0","1","1","0","1","1","0",1,-Inf,1,-Inf,"0",2,4.5,3,9,4.5
"2872","202223","Inverloch - Point Norman East","BC","202223_Inverloch - Point Norman East_1",70,71,72,2022-09-12,2022-09-13,2022-09-14,"Y","L3","beach","1",9.5,0,5,0,5,0,0.5,0.5,14,0,5,0,5,0,1,1,"1","0","1","0","1","1","1","0",2,-Inf,2,-Inf,"0",2,1.5,0,1,0.5
"2873","202223","Wilsons Rd 2nd Bay West End","BC","202223_Wilsons Rd 2nd Bay West End_1",150,160,168,2022-12-01,2022-12-11,2022-12-19,"N","L0","foredune/face","1",0,0,0,0,0,0,0,0,0,0,0,0,0,0,0,0,"1","0","0","0","0","0","0","0",1,-Inf,-Inf,-Inf,"1",1,14,3,8,4
"2874","202223","Wilsons Rd 2nd Bay West End","BC","202223_Wilsons Rd 2nd Bay West End_2",197,216,216,2023-01-17,2023-02-05,2023-02-05,"Y","L3","beach","0",3,0,3,2,1,0,0,2,3,0,3,2,1,0,0,2,"1","0","1","1","1","0","1","0",1,-Inf,1,-Inf,"0",1,19,1,0,0
"2875","202223","Baxters 1 Sth - Wonthaggi","BC","202223_Baxters 1 Sth - Wonthaggi_2",227,238,249,2023-02-16,2023-02-27,2023-03-10,"N","L0","beach","1",0,0,0,0,0,0,0,0,0,0,0,0,0,0,0,0,"0","0","0","0","0","0","0","0",-Inf,-Inf,-Inf,-Inf,"2",2,16.5,2,11,5.5
"2876","202223","San Remo - Town Back Beach","BC","202223_San Remo - Town Back Beach_1",143,168,168,2022-11-24,2022-12-19,2022-12-19,"Y","L3","beach","0",8,0,2,2,0,0,0,0,8,0,2,2,0,0,0,0,"1","0","1","1","0","0","0","0",-Inf,-Inf,-Inf,-Inf,"0",1,25,0,0,0
"2877","202223","Williamsons Beach Further East","BC","202223_Williamsons Beach Further East_1",204,204,224,2023-01-24,2023-01-24,2023-02-13,"N","L0","beach","1",0,0,0,0,0,0,0,2,0,0,0,0,0,0,0,3,"1","1","1","0","0","0","1","0",3,1,3,-Inf,"3",2,10,10,20,10
"2878","202223","Williamsons Beach Further East","BC","202223_Williamsons Beach Further East_2",238,249,256,2023-02-27,2023-03-10,2023-03-17,"N","L0","beach","1",0,0,0,0,0,0,0,7.5,0,0,0,0,0,0,0,11,"1","0","1","0","0","0","1","0",1,-Inf,1,-Inf,"3",2,14.5,3,7,3.5
"2879","202223","Wilsons Rd Eastward 3rd drain","BC","202223_Wilsons Rd Eastward 3rd drain",179,195,195,2022-12-30,2023-01-15,2023-01-15,"Y","L3","foredune/face","0",2,0,0,0,0,0,0,2,2,0,0,0,0,0,0,2,"1","0","1","0","0","0","1","0",2,-Inf,1,-Inf,"0",1,16,1,0,0
"2880","202223","Baxters 2 Sth","BC","202223_Baxters 2 Sth_1",208,208,227,2023-01-28,2023-01-28,2023-02-16,"N","L0","beach","1",0,0,0,0,0,0,0,0,0,0,0,0,0,0,0,0,"1","0","0","0","0","0","0","0",1,-Inf,-Inf,-Inf,"3",2,9.5,6,19,9.5
"2881","202223","Cutlers Rocks Flock Site- Sth End","BC","202223_Cutlers Rocks Flock Site- Sth End_1",196,218,218,2023-01-16,2023-02-07,2023-02-07,"Y","L3","beach","0",0,0,0,0,0,0,5,0,0,0,0,0,0,0,5,0,"1","0","1","0","0","1","0","0",2,-Inf,2,-Inf,"1",1,22,0,0,0
"2882","202223","Baxters North Wonthaggi","BC","202223_Baxters North Wonthaggi_1",204,204,204,2023-01-24,2023-01-24,2023-01-24,"N","L0","beach","0",0,0,0,0,0,0,0,0,0,0,0,0,0,0,0,0,"1","0","1","0","0","0","0","0",2,-Inf,2,-Inf,"2",1,0,1,0,0
"2883","202324","Coal Creek Estuary Mouth - Harmers Haven","BC","202324_Coal Creek Estuary Mouth - Harmers Haven_1",164,166,168,2023-12-15,2023-12-17,2023-12-19,"Y","L3","estuary/spit","1",0,0,0,0,0,0,0,0,0,0,0,0,0,0,0,0,"1","0","1","0","0","0","0","0",2,-Inf,2,-Inf,"1",2,3,1,2,1
"2884","202324","Coal Creek Estuary Mouth - Harmers Haven","BC","202324_Coal Creek Estuary Mouth - Harmers Haven_2",184,207,207,2024-01-04,2024-01-27,2024-01-27,"Y","L3","estuary/spit","0",6,0,5,2,3,0,1,0,6,0,5,2,3,0,1,0,"1","0","1","1","1","1","0","0",1,-Inf,1,-Inf,"1",1,23,1,0,0
"2885","202324","Powlett River West A16 Eastward","BC","202324_Powlett River West A16 Eastward_3",153,182,183,2023-12-04,2024-01-02,2024-01-03,"Y","L3","beach","1",0,0,0,0,0,0,0,4,0,0,0,0,0,0,0,4,"1","0","1","0","0","0","1","0",3,-Inf,2,-Inf,"2",1,29.5,2,1,0.5
"2886","202324","Powlett River West A16 Eastward","BC","202324_Powlett River West A16 Eastward_4",194,194,214,2024-01-14,2024-01-14,2024-02-03,"Y","L3","beach","1",1,0,1,0,1,0,0,0,2,0,2,0,2,0,0,0,"1","0","1","0","1","0","0","0",3,-Inf,3,-Inf,"3",2,10,17,20,10
"2887","202324","Powlett River West A16 Further West","BC","202324_Powlett River West A16 Further West_1",139,139,143,2023-11-20,2023-11-20,2023-11-24,"N","L0","dune","1",0.5,0,0.5,0,0.5,0,0.5,5.5,1,0,1,0,1,0,1,11,"1","0","1","0","1","1","1","0",3,-Inf,2,-Inf,"3",2,2,0,4,2
"2888","202324","Powlett River West A16 Further West","BC","202324_Powlett River West A16 Further West_2",162,171,172,2023-12-13,2023-12-22,2023-12-23,"N","L0","foredune/face","1",0,0,0,0,0,0,0,0,0,0,0,0,0,0,0,0,"1","0","1","0","0","0","0","0",3,-Inf,2,-Inf,"2",2,9.5,2,1,0.5
"2889","202324","Powlett River West A16 Further West","BC","202324_Powlett River West A16 Further West_3",172,172,180,2023-12-23,2023-12-23,2023-12-31,"Y","L3","foredune/face","1",2,0,0,0,0,0,0,0,4,0,0,0,0,0,0,0,"1","0","1","0","0","0","0","0",3,-Inf,2,-Inf,"0",2,4,9,8,4
"2890","202324","Powlett River West A16 Further West","BC","202324_Powlett River West A16 Further West_4",183,186,190,2024-01-03,2024-01-06,2024-01-10,"Y","L3","foredune/face","1",6.5,0,0,0,0,0,0,0,7,0,0,0,0,0,0,0,"1","0","1","0","0","0","0","0",3,-Inf,3,-Inf,"2",2,5,5,4,2
"2891","202324","Powlett River West A16 Further West","BC","202324_Powlett River West A16 Further West_5",195,195,210,2024-01-15,2024-01-15,2024-01-30,"Y","L3","foredune/face","1",6,0,0.5,0,0.5,0,0,2,12,0,1,0,1,0,0,4,"1","0","1","0","1","0","1","0",3,-Inf,3,-Inf,"3",2,7.5,15,15,7.5
"2892","202324","Powlett River West A16 Further West","BC","202324_Powlett River West A16 Further West_6",210,223,229,2024-01-30,2024-02-12,2024-02-18,"Y","L3","foredune/face","1",2,0,0,0,0,0,0,5,4,0,0,0,0,0,0,6,"1","0","1","0","0","0","1","0",2,-Inf,1,-Inf,"3",2,16,2,6,3
"2893","202324","Powlett River West A16 Further West","BC","202324_Powlett River West A16 Further West_7",236,236,244,2024-02-25,2024-02-25,2024-03-04,"Y","L3","beach","1",4,0,0,0,0,0,0,0,8,0,0,0,0,0,0,0,"1","0","1","0","0","0","0","0",3,-Inf,3,-Inf,"3",2,4,3,8,4
"2894","202324","Powlett River West Bank Dune","BC","202324_Powlett River West Bank Dune_1",71,71,73,2023-09-13,2023-09-13,2023-09-15,"N","L1","dune","1",0,0,0,0,0,0,0.5,0,0,0,0,0,0,0,1,0,"1","0","1","0","0","1","0","0",3,-Inf,2,-Inf,"2",2,1,0,2,1
"2895","202324","Powlett River West Bank Dune","BC","202324_Powlett River West Bank Dune_2",106,118,123,2023-10-18,2023-10-30,2023-11-04,"N","L1","dune","1",0,0,0,0,0,0,0,3.5,0,0,0,0,0,0,0,6,"1","0","1","0","0","0","1","0",1,-Inf,1,-Inf,"0",2,14.5,1,5,2.5
"2896","202324","Waterfall Creek - Harmers Haven","BC","202324_Waterfall Creek - Harmers Haven_1",154,154,156,2023-12-05,2023-12-05,2023-12-07,"N","L0","beach","1",1.5,0,0.5,0,0.5,0,0,0.5,2,0,1,0,1,0,0,1,"1","0","1","0","1","0","1","0",2,-Inf,2,-Inf,"2",2,1,0,2,1
"2897","202324","Waterfall Creek - Harmers Haven","BC","202324_Waterfall Creek - Harmers Haven_3",186,195,200,2024-01-06,2024-01-15,2024-01-20,"Y","L3","beach","1",4,0,1.5,0,1.5,0,1,0,6,0,3,0,3,0,2,0,"1","0","1","0","1","1","0","0",2,-Inf,2,-Inf,"2",2,11.5,6,5,2.5
"2898","202324","Cape Paterson - Pea Creek Estuary & Undertow Bay","BC","202324_Cape Paterson - Pea Creek Estuary & Undertow Bay_2",121,123,124,2023-11-02,2023-11-04,2023-11-05,"Y","L2","foredune/face","1",10.5,0,4.5,1.5,3,0,0,0,12,0,6,3,3,0,0,0,"1","0","1","1","1","0","0","0",3,-Inf,2,-Inf,"1",2,2.5,2,1,0.5
"2899","202324","Cape Paterson - Pea Creek Estuary & Undertow Bay","BC","202324_Cape Paterson - Pea Creek Estuary & Undertow Bay_3",162,193,193,2023-12-13,2024-01-13,2024-01-13,"Y","L3","estuary/spit","0",24,0,0,0,0,0,0,8,24,0,0,0,0,0,0,8,"1","0","1","0","0","0","1","0",3,-Inf,3,-Inf,"0",1,31,1,0,0
"2900","202324","The Oaks Bay - Cape Paterson","BC","202324_The Oaks Bay - Cape Paterson_1",156,163,168,2023-12-07,2023-12-14,2023-12-19,"Y","L3","beach","1",3.5,0,0,0,0,0,0,0,7,0,0,0,0,0,0,0,"1","0","1","0","0","0","0","0",2,-Inf,1,-Inf,"1",2,9.5,2,5,2.5
"2901","202324","Cape Paterson - 2nd Surf Beach","BC","202324_Cape Paterson - 2nd Surf Beach_1",161,187,187,2023-12-12,2024-01-07,2024-01-07,"Y","L3","beach","0",16,0,4,0,4,0,0,2,16,0,4,0,4,0,0,2,"1","0","1","0","1","0","1","0",3,-Inf,1,-Inf,"0",1,26,1,0,0
"2902","202324","Williamsons Beach Further West","BC","202324_Williamsons Beach Further West_2",225,247,247,2024-02-14,2024-03-07,2024-03-07,"Y","L2","foredune/face","0",0,0,0,0,0,0,0,0,0,0,0,0,0,0,0,0,"1","0","1","0","0","0","0","0",2,-Inf,2,-Inf,"3",1,22,0,0,0
"2903","202324","Baxters 3 Sth","BC","202324_Baxters 3 Sth_2",184,184,221,2024-01-04,2024-01-04,2024-02-10,"N","L0","foredune/face","1",0.333333333333333,0,0,0,0,0,0.666666666666667,3,1,0,0,0,0,0,1,9,"1","0","0","0","0","1","1","0",1,-Inf,-Inf,-Inf,"3",3,18.5,29,37,18.5
"2904","202324","Cutlers Beach A20 N/West","BC","202324_Cutlers Beach A20 N/West _1",207,207,221,2024-01-27,2024-01-27,2024-02-10,"N","L0","beach","1",0,0,0,0,0,0,0,5,0,0,0,0,0,0,0,5,"1","0","1","0","0","0","1","0",1,-Inf,1,-Inf,"1",1,7,6,14,7
"2905","202324","Cutlers Beach A20 N/West","BC","202324_Cutlers Beach A20 N/West _2",221,221,222,2024-02-10,2024-02-10,2024-02-11,"N","L0","beach","1",0,0,0,0,0,0,0,2.5,0,0,0,0,0,0,0,5,"1","0","1","0","0","0","1","0",1,-Inf,1,-Inf,"1",2,0.5,2,1,0.5
"2906","202324","Desal Beach - Powlett River","BC","202324_Desal Beach - Powlett River_1",138,139,141,2023-11-19,2023-11-20,2023-11-22,"Y","L3","foredune/face","1",0,0,0,0,0,0,0,0,0,0,0,0,0,0,0,0,"1","0","1","0","0","0","0","0",1,-Inf,1,-Inf,"0",2,2,0,2,1
"2907","202324","Desal Beach - Powlett River","BC","202324_Desal Beach - Powlett River_2",153,153,156,2023-12-04,2023-12-04,2023-12-07,"Y","L3","beach","1",2,0,2,2,0,0,2,5,2,0,2,2,0,0,2,5,"1","0","1","1","0","1","1","0",2,-Inf,2,-Inf,"1",1,1.5,0,3,1.5
"2908","202324","Harmers Haven - 1st Bay West of A21 Steps","BC","202324_Harmers Haven - 1st Bay West of A21 Steps_1",194,194,222,2024-01-14,2024-01-14,2024-02-11,"Y","L3","beach","1",2,0,1,1,0,0,0,0,2,0,1,1,0,0,0,0,"1","0","1","1","0","0","0","0",1,-Inf,1,-Inf,"0",1,14,20,28,14
"2909","202324","Powlett River Mouth West Bank","BC","202324_Powlett River Mouth West Bank_1",76,90,96,2023-09-18,2023-10-02,2023-10-08,"Y","L3","estuary/spit","1",0.5,0,1,0,1,0,0,6,1,0,2,0,2,0,0,12,"1","0","1","0","1","0","1","0",3,-Inf,3,-Inf,"2",2,17,2,6,3
"2910","202324","Powlett River Mouth West Bank","BC","202324_Powlett River Mouth West Bank_2",162,180,182,2023-12-13,2023-12-31,2024-01-02,"Y","L3","estuary/spit","1",6,0,1,1,0,0,0,10,9,0,1,1,0,0,0,20,"1","0","1","1","0","0","1","0",3,-Inf,3,-Inf,"0",2,19,3,2,1
"2911","202324","Powlett River Mouth West Bank","BC","202324_Powlett River Mouth West Bank_3",186,189,194,2024-01-06,2024-01-09,2024-01-14,"Y","L3","beach","1",7,0,2,1,1,0,0,0,10,0,4,2,2,0,0,0,"1","0","1","1","1","0","0","0",3,-Inf,3,-Inf,"0",2,5.5,6,5,2.5
"2912","202324","Powlett River Mouth West Bank","BC","202324_Powlett River Mouth West Bank_4",229,229,233,2024-02-18,2024-02-18,2024-02-22,"Y","L3","estuary/spit","1",2,0,2,1,1,0,0,2,2,0,2,2,2,0,0,4,"1","0","1","1","1","0","1","0",3,-Inf,2,-Inf,"3",2,2,1,4,2
"2913","202324","Powlett River West A16- Paperbark trk - Kilcunda","BC","202324_Powlett River West A16- Paperbark trk - Kilcunda_2",210,229,229,2024-01-30,2024-02-18,2024-02-18,"Y","L3","foredune/face","0",2,0,0,0,0,0,0,0,2,0,0,0,0,0,0,0,"1","0","0","0","0","0","0","0",-Inf,-Inf,-Inf,-Inf,"0",1,19,1,0,0
"2914","202324","Williamsons Beach West","BC","202324_Williamsons Beach West_1",115,120,122,2023-10-27,2023-11-01,2023-11-03,"Y","L3","foredune/face","1",2,0,2,2,0,0,2,4,2,0,2,2,0,0,2,4,"1","0","1","1","0","1","1","0",-Inf,-Inf,-Inf,-Inf,"0",1,6,0,2,1
"2915","202324","Williamsons Beach West","BC","202324_Williamsons Beach West_2",126,129,134,2023-11-07,2023-11-10,2023-11-15,"Y","L3","dune","1",2.5,0,0,0,0,0,0,0,5,0,0,0,0,0,0,0,"1","1","1","0","0","0","0","0",2,1,2,-Inf,"2",2,5.5,2,5,2.5
"2916","202324","Williamsons Beach West","BC","202324_Williamsons Beach West_3",178,202,213,2023-12-29,2024-01-22,2024-02-02,"Y","L3","beach","1",0,0,0,0,0,0,0,0,0,0,0,0,0,0,0,0,"1","0","0","0","0","0","0","0",2,-Inf,-Inf,-Inf,"2",1,29.5,8,11,5.5
"2917","202324","Williamsons Beach West","BC","202324_Williamsons Beach West_4",213,225,230,2024-02-02,2024-02-14,2024-02-19,"Y","L3","beach","1",3.5,0,2.5,0,2.5,0,0,0,6,0,4,0,4,0,0,0,"1","0","1","0","1","0","0","0",2,-Inf,2,-Inf,"2",2,14.5,2,5,2.5
"2918","202324","Coal Point 2nd Bay N/W - Harmers Haven","BC","202324_Coal Point 2nd Bay N/W - Harmers Haven_2",163,163,173,2023-12-14,2023-12-14,2023-12-24,"Y","L3","foredune/face","1",12,0,2,2,0,0,0,3,12,0,2,2,0,0,0,3,"1","0","1","1","0","0","1","0",3,-Inf,2,-Inf,"0",1,5,6,10,5
"2919","202324","Coal Point 2nd Bay N/W - Harmers Haven","BC","202324_Coal Point 2nd Bay N/W - Harmers Haven_3",181,181,203,2024-01-01,2024-01-01,2024-01-23,"Y","L3","foredune/face","1",4.5,0,1,0,1,0,0,2,8,0,2,0,2,0,0,4,"1","0","1","0","1","0","1","0",2,-Inf,2,-Inf,"0",2,11,23,22,11
"2920","202324","Sandy Waterholes Estuary & next Bay East - George Bass Coastal Walk","BC","202324_Sandy Waterholes Estuary & next Bay East - George Bass Coastal Walk_1",156,156,156,2023-12-07,2023-12-07,2023-12-07,"N","L1","foredune/face","0",2,0,0,0,0,0,2,0,2,0,0,0,0,0,2,0,"1","0","0","0","0","1","0","0",3,-Inf,-Inf,-Inf,"3",1,0,0,0,0
"2921","202324","Sandy Waterholes Estuary & next Bay East - George Bass Coastal Walk","BC","202324_Sandy Waterholes Estuary & next Bay East - George Bass Coastal Walk_2",207,211,237,2024-01-27,2024-01-31,2024-02-26,"Y","L3","foredune/face","1",4,0,0.5,0,0.5,0,0,3,6,0,1,0,1,0,0,5,"1","0","1","0","1","0","1","0",3,-Inf,2,-Inf,"1",2,17,8,26,13
"2922","202324","Sandy Waterholes Estuary & next Bay East - George Bass Coastal Walk","BC","202324_Sandy Waterholes Estuary & next Bay East - George Bass Coastal Walk_3",241,241,249,2024-03-01,2024-03-01,2024-03-09,"Y","L3","foredune/face","1",1,0,0,0,0,0,0,0,1,0,0,0,0,0,0,0,"1","0","0","0","0","0","0","0",3,-Inf,-Inf,-Inf,"3",1,4,3,8,4
"2923","202324","Coal Point 3rd Bay West 1st Pair","BC","202324_Coal Point 3rd Bay West 1st Pair_1",144,144,163,2023-11-25,2023-11-25,2023-12-14,"N","L0","beach","1",0,0,0,0,0,0,0,5,0,0,0,0,0,0,0,5,"1","1","0","0","0","0","1","0",1,1,-Inf,-Inf,"0",1,9.5,6,19,9.5
"2924","202324","Coal Point 3rd Bay West 2nd Pair","BC","202324_Coal Point 3rd Bay West 2nd Pair_1",181,181,203,2024-01-01,2024-01-01,2024-01-23,"Y","L3","beach","1",0,0,0,0,0,0,0.666666666666667,9.33333333333333,0,0,0,0,0,0,1,21,"1","0","1","0","0","1","1","0",3,-Inf,3,-Inf,"1",3,11,23,22,11
"2925","202324","Inverloch - Screw Creek West","BC","202324_Inverloch - Screw Creek West_1",56,83,83,2023-08-29,2023-09-25,2023-09-25,"Y","L3","beach","0",9,0,0,0,0,0,0,0,9,0,0,0,0,0,0,0,"1","0","1","0","0","0","0","0",2,-Inf,1,-Inf,"0",1,27,1,0,0
"2926","202324","Inverloch - Screw Creek West","BC","202324_Inverloch - Screw Creek West_2",112,119,120,2023-10-24,2023-10-31,2023-11-01,"Y","L3","beach","1",0,0,0,0,0,0,0,0,0,0,0,0,0,0,0,0,"1","0","1","0","0","0","0","0",1,-Inf,1,-Inf,"0",1,7.5,0,1,0.5
"2927","202324","Inverloch - Screw Creek West","BC","202324_Inverloch - Screw Creek West_3",137,155,157,2023-11-18,2023-12-06,2023-12-08,"Y","L3","beach","1",1,0,0,0,0,0,0,0.5,2,0,0,0,0,0,0,1,"1","0","1","0","0","0","1","0",2,-Inf,1,-Inf,"1",2,19,0,2,1
"2928","202324","Inverloch - Screw Creek West","BC","202324_Inverloch - Screw Creek West_4",168,177,179,2023-12-19,2023-12-28,2023-12-30,"Y","L3","beach","1",5.5,0,0.5,0,0.5,0,3.5,0,8,0,1,0,1,0,7,0,"1","0","1","0","1","1","0","0",2,-Inf,1,-Inf,"0",2,10,3,2,1
"2929","202324","Twin Reefs -Bunurong Coast Rd","BC","202324_Twin Reefs -Bunurong Coast Rd_1",177,190,190,2023-12-28,2024-01-10,2024-01-10,"Y","L3","beach","0",0,0,0,0,0,0,0,0,0,0,0,0,0,0,0,0,"1","0","0","0","0","0","0","0",3,-Inf,-Inf,-Inf,"0",1,13,1,0,0
"2930","202324","Baxters Beach A19 Wonthaggi Ocean Beach","BC","202324_Baxters Beach A19 Wonthaggi Ocean Beach_1",181,193,193,2024-01-01,2024-01-13,2024-01-13,"Y","L3","foredune/face","0",0,0,0,0,0,0,0,4,0,0,0,0,0,0,0,4,"1","0","1","0","0","0","1","0",2,-Inf,2,-Inf,"1",1,12,1,0,0
"2931","202324","San Remo - Town Back Beach","BC","202324_San Remo - Town Back Beach_1",82,113,113,2023-09-24,2023-10-25,2023-10-25,"Y","L3","beach","0",0,0,0,0,0,0,0,0,0,0,0,0,0,0,0,0,"1","0","1","0","0","0","0","0",1,-Inf,1,-Inf,"0",1,31,0,0,0
"2932","202324","San Remo - Town Back Beach","BC","202324_San Remo - Town Back Beach_2",156,160,164,2023-12-07,2023-12-11,2023-12-15,"Y","L3","beach","1",0.333333333333333,0,0,0,0,0,0,0,1,0,0,0,0,0,0,0,"1","0","1","0","0","0","0","0",3,-Inf,3,-Inf,"0",3,6,0,4,2
"2933","202324","Williamsons Beach Further East","BC","202324_Williamsons Beach Further East_1",153,153,178,2023-12-04,2023-12-04,2023-12-29,"N","L0","foredune/face","1",8,0,0.5,0,0.5,0,0,0,12,0,1,0,1,0,0,0,"1","0","1","0","1","0","0","0",3,-Inf,2,-Inf,"0",2,12.5,13,25,12.5
"2934","202324","Williamsons Beach Further East","BC","202324_Williamsons Beach Further East_2",193,205,241,2024-01-13,2024-01-25,2024-03-01,"N","L0","beach","1",0,0,0,0,0,0,1,0.5,0,0,0,0,0,0,2,1,"1","0","0","0","0","1","1","0",2,-Inf,-Inf,-Inf,"3",2,30,13,36,18
"2935","202324","Williamsons Beach Further East","BC","202324_Williamsons Beach Further East_3",241,241,255,2024-03-01,2024-03-01,2024-03-15,"Y","L3","beach","1",0,0,0,0,0,0,1,0.5,0,0,0,0,0,0,2,1,"1","0","0","0","0","1","1","0",1,-Inf,-Inf,-Inf,"3",2,7,5,14,7
"2936","202324","Wilsons Rd Eastward 3rd drain","BC","202324_Wilsons Rd Eastward 3rd drain_1",149,178,178,2023-11-30,2023-12-29,2023-12-29,"Y","L3","foredune/face","1",26,0,8,2,6,0,0,3,26,0,8,2,6,0,0,3,"1","0","1","1","1","0","1","0",3,-Inf,2,-Inf,"0",1,29,1,0,0
"2937","202324","Wilsons Rd Eastward 3rd drain","BC","202324_Wilsons Rd Eastward 3rd drain_2",189,197,199,2024-01-09,2024-01-17,2024-01-19,"Y","L3","beach","1",4,0,2,1,1,0,2,6,4,0,2,1,1,0,2,6,"1","0","1","1","1","1","1","0",1,-Inf,1,-Inf,"0",1,9,3,2,1
"2938","202324","Inverloch - Abbott St","BC","202324_Inverloch - Abbott St_2",192,199,201,2024-01-12,2024-01-19,2024-01-21,"Y","L3","beach","1",7.5,0,5.5,1.5,4,0,0,0,13,0,10,3,7,0,0,0,"1","0","1","1","1","0","0","0",2,-Inf,1,-Inf,"0",2,8,3,2,1
"2939","202324","Baxters North Wonthaggi","BC","202324_Baxters North Wonthaggi_1",150,150,178,2023-12-01,2023-12-01,2023-12-29,"N","L0","beach","1",2,0,0,0,0,0,0,1,4,0,0,0,0,0,0,2,"1","0","0","0","0","0","1","0",1,-Inf,-Inf,-Inf,"1",2,14,15,28,14
"2940","202324","Baxters North Wonthaggi","BC","202324_Baxters North Wonthaggi_2",193,193,205,2024-01-13,2024-01-13,2024-01-25,"N","L0","beach","1",0.5,0,1,0.5,0.5,0,0,9.5,1,0,2,1,1,0,0,19,"1","0","1","1","1","0","1","0",1,-Inf,1,-Inf,"2",2,6,13,12,6
"2941","202324","Baxters North Wonthaggi","BC","202324_Baxters North Wonthaggi_3",245,245,245,2024-03-05,2024-03-05,2024-03-05,"N","L0","beach","0",1,0,2,0,2,0,0,0,1,0,2,0,2,0,0,0,"1","0","1","0","1","0","0","0",-Inf,-Inf,-Inf,-Inf,"0",1,0,0,0,0
"2942","202324","Coal Creek Estuary - 1st Point East","BC","202324_Coal Creek Estuary - 1st Point East_1",182,195,200,2024-01-02,2024-01-15,2024-01-20,"Y","L3","beach","1",0,0,0,0,0,0,0,1,0,0,0,0,0,0,0,2,"1","0","1","0","0","0","1","0",3,-Inf,3,-Inf,"0",2,15.5,6,5,2.5
"2943","202425","Coal Creek Estuary Mouth - Harmers Haven","BC","202425_Coal Creek Estuary Mouth - Harmers Haven_1",152,156,162,2024-12-03,2024-12-07,2024-12-13,"Y","L3","estuary/spit","1",0,0,0,0,0,0,1.33333333333333,2.33333333333333,0,0,0,0,0,0,4,6,"1","0","1","0","0","1","1","0",2,-Inf,2,-Inf,"3",3,7,2,6,3
"2944","202425","Coal Creek Estuary Mouth - Harmers Haven","BC","202425_Coal Creek Estuary Mouth - Harmers Haven_2",168,171,177,2024-12-19,2024-12-22,2024-12-28,"Y","L3","estuary/spit","1",0,0,0,0,0,0,0,0,0,0,0,0,0,0,0,0,"1","0","1","0","0","0","0","0",2,-Inf,2,-Inf,"3",1,6,4,6,3
"2945","202425","Coal Creek Estuary Mouth - Harmers Haven","BC","202425_Coal Creek Estuary Mouth - Harmers Haven_3",184,189,192,2025-01-04,2025-01-09,2025-01-12,"Y","L3","estuary/spit","1",0.5,0,0,0,0,0,0.5,1,1,0,0,0,0,0,1,2,"1","0","1","0","0","1","1","0",3,-Inf,3,-Inf,"2",2,6.5,2,3,1.5
"2946","202425","Cutlers Beach A20 S/East","BC","202425_Cutlers Beach A20 S/East_1",195,204,207,2025-01-15,2025-01-24,2025-01-27,"Y","L3","beach","1",0,0,0,0,0,0,3,0,0,0,0,0,0,0,3,0,"1","0","1","0","0","1","0","0",2,-Inf,2,-Inf,"2",1,10.5,2,3,1.5
"2947","202425","Cutlers Beach A20 S/East","BC","202425_Cutlers Beach A20 S/East_2",222,247,247,2025-02-11,2025-03-08,2025-03-08,"Y","L3","beach","0",7,0,0,0,0,0,0,0,7,0,0,0,0,0,0,0,"1","1","1","0","0","0","0","0",3,2,2,-Inf,"0",1,25,1,0,0
"2948","202425","Powlett River West A16 Eastward","BC","202425_Powlett River West A16 Eastward_2",96,99,104,2024-10-08,2024-10-11,2024-10-16,"Y","L3","beach","1",0,0,0,0,0,0,0,2.5,0,0,0,0,0,0,0,5,"0","0","0","0","0","0","1","0",-Inf,-Inf,-Inf,-Inf,"0",2,5.5,2,5,2.5
"2949","202425","Powlett River West A16 Eastward","BC","202425_Powlett River West A16 Eastward_3",162,162,162,2024-12-13,2024-12-13,2024-12-13,"Y","L3","beach","0",0,0,0,0,0,0,0,1,0,0,0,0,0,0,0,1,"1","0","0","0","0","0","1","0",3,-Inf,-Inf,-Inf,"0",1,0,0,0,0
"2950","202425","Powlett River West A16 Further West","BC","202425_Powlett River West A16 Further West_1",161,180,190,2024-12-12,2024-12-31,2025-01-10,"Y","L3","foredune/face","1",1.5,0,1,1,0,0,0,6,3,0,2,2,0,0,0,12,"1","0","1","1","0","0","1","0",3,-Inf,3,-Inf,"0",2,24,2,10,5
"2951","202425","Powlett River West A16 Further West","BC","202425_Powlett River West A16 Further West_2",190,221,221,2025-01-10,2025-02-10,2025-02-10,"Y","L3","beach","0",2,0,0,0,0,0,0,0,2,0,0,0,0,0,0,0,"1","0","0","0","0","0","0","0",2,-Inf,-Inf,-Inf,"0",1,31,0,0,0
"2952","202425","Powlett River West Bank Dune","BC","202425_Powlett River West Bank Dune_1",76,81,88,2024-09-18,2024-09-23,2024-09-30,"Y","L2","dune","1",0,0,0,0,0,0,0,0,0,0,0,0,0,0,0,0,"1","0","0","0","0","0","0","0",3,-Inf,-Inf,-Inf,"0",2,8.5,8,7,3.5
"2953","202425","Waterfall Creek - Harmers Haven","BC","202425_Waterfall Creek - Harmers Haven_2",162,171,177,2024-12-13,2024-12-22,2024-12-28,"Y","L3","estuary/spit","1",4,0,0,0,0,0,0,0,4,0,0,0,0,0,0,0,"1","0","1","0","0","0","0","0",1,-Inf,2,-Inf,"0",1,12,4,6,3
"2954","202425","Waterfall Creek - Harmers Haven","BC","202425_Waterfall Creek - Harmers Haven_3",185,192,196,2025-01-05,2025-01-12,2025-01-16,"Y","L3","beach","1",3,0,2,0.5,1.5,0,1,1,4,0,3,1,3,0,1,2,"1","0","1","1","1","1","1","0",2,-Inf,2,-Inf,"0",2,9,1,4,2
"2955","202425","Waterfall Creek - Harmers Haven","BC","202425_Waterfall Creek - Harmers Haven_5",220,249,249,2025-02-09,2025-03-10,2025-03-10,"Y","L3","beach","0",3,0,2,0,2,0,0,0,3,0,2,0,2,0,0,0,"1","0","1","0","1","0","0","0",2,-Inf,2,-Inf,"0",1,29,0,0,0
"2956","202425","Cape Paterson - Pea Creek Estuary & Undertow Bay","BC","202425_Cape Paterson - Pea Creek Estuary & Undertow Bay_1",139,139,140,2024-11-20,2024-11-20,2024-11-21,"Y","L2","estuary/spit","1",1,0,5,2,3,0,1,0,1,0,5,2,3,0,1,0,"1","0","1","1","1","1","0","0",2,-Inf,2,-Inf,"3",1,0.5,0,1,0.5
"2957","202425","Cape Paterson - Pea Creek Estuary & Undertow Bay","BC","202425_Cape Paterson - Pea Creek Estuary & Undertow Bay_2",145,169,169,2024-11-26,2024-12-20,2024-12-20,"Y","L3","estuary/spit","0",2,0,2,0,2,0,0,0,2,0,2,0,2,0,0,0,"1","0","1","0","1","0","0","0",2,-Inf,2,-Inf,"0",1,24,0,0,0
"2958","202425","The Oaks Bay - Cape Paterson","BC","202425_The Oaks Bay - Cape Paterson_1",130,140,140,2024-11-11,2024-11-21,2024-11-21,"Y","L3","foredune/face","0",3,0,0,0,0,0,0,0,3,0,0,0,0,0,0,0,"1","0","0","0","0","0","0","0",2,-Inf,-Inf,-Inf,"0",1,10,0,0,0
"2959","202425","The Oaks Bay - Cape Paterson","BC","202425_The Oaks Bay - Cape Paterson_2",166,183,194,2024-12-17,2025-01-03,2025-01-14,"Y","L3","foredune/face","1",18,0,0,0,0,0,0,1,18,0,0,0,0,0,0,1,"1","0","0","0","0","0","1","0",2,-Inf,-Inf,-Inf,"0",1,22.5,4,11,5.5
"2960","202425","Cape Paterson - 2nd Surf Beach","BC","202425_Cape Paterson - 2nd Surf Beach_2",204,235,235,2025-01-24,2025-02-24,2025-02-24,"Y","L3","dune","0",10,0,5,3,2,0,3,11,10,0,5,3,2,0,3,11,"1","0","1","1","1","1","1","0",2,-Inf,1,-Inf,"1",1,31,0,0,0
"2961","202425","Williamsons Beach Further West","BC","202425_Williamsons Beach Further West_1",71,71,76,2024-09-13,2024-09-13,2024-09-18,"N","L0","foredune/face","1",0,0,0,0,0,0,0,0,0,0,0,0,0,0,0,0,"1","0","1","0","0","0","0","0",2,-Inf,2,-Inf,"3",2,2.5,2,5,2.5
"2962","202425","Williamsons Beach Further West","BC","202425_Williamsons Beach Further West_2",162,162,167,2024-12-13,2024-12-13,2024-12-18,"Y","L3","beach","1",0.5,0,0,0,0,0,0,2.5,1,0,0,0,0,0,0,5,"1","0","0","0","0","0","1","0",1,-Inf,-Inf,-Inf,"2",2,2.5,2,5,2.5
"2963","202425","Williamsons Beach Further West","BC","202425_Williamsons Beach Further West_3",194,198,209,2025-01-14,2025-01-18,2025-01-29,"N","L0","foredune/face","1",0,0,0,0,0,0,1,10.5,0,0,0,0,0,0,2,21,"1","0","1","0","0","1","1","0",1,-Inf,1,-Inf,"1",2,9.5,4,11,5.5
"2964","202425","Williamsons Beach Further West","BC","202425_Williamsons Beach Further West_4",218,225,233,2025-02-07,2025-02-14,2025-02-22,"Y","L3","beach","1",0,0,0,0,0,0,0,2,0,0,0,0,0,0,0,4,"1","0","1","0","0","0","1","0",2,-Inf,2,-Inf,"2",2,11,3,8,4
"2965","202425","Baxters 3 Sth","BC","202425_Baxters 3 Sth_1",208,208,231,2025-01-28,2025-01-28,2025-02-20,"N","L0","beach","1",0,0,0,0,0,0,0.333333333333333,6,0,0,0,0,0,0,1,15,"1","0","1","0","0","1","1","0",1,-Inf,1,-Inf,"3",3,11.5,6,23,11.5
"2966","202425","Cutlers Beach A20 N/West","BC","202425_Cutlers Beach A20 N/West _1",121,121,124,2024-11-02,2024-11-02,2024-11-05,"Y","L3","foredune/face","1",2,0,0.5,0,0.5,0,0,0,4,0,1,0,1,0,0,0,"1","0","1","0","1","0","0","0",3,-Inf,3,-Inf,"0",2,1.5,3,3,1.5
"2967","202425","Cutlers Beach A20 N/West","BC","202425_Cutlers Beach A20 N/West _2",182,200,200,2025-01-02,2025-01-20,2025-01-20,"Y","L3","dune","0",3,0,3,1,2,0,1,0,3,0,3,1,2,0,1,0,"1","0","1","1","1","1","0","0",3,-Inf,3,-Inf,"0",1,18,0,0,0
"2968","202425","Desal Beach - Powlett River","BC","202425_Desal Beach - Powlett River_1",155,162,167,2024-12-06,2024-12-13,2024-12-18,"Y","L2","foredune/face","1",3,0,1,0,1,0,0,0,3,0,1,0,1,0,0,0,"1","0","1","0","1","0","0","0",1,-Inf,-Inf,-Inf,"3",1,9.5,2,5,2.5
"2969","202425","Desal Beach - Powlett River","BC","202425_Desal Beach - Powlett River_2",173,173,180,2024-12-24,2024-12-24,2024-12-31,"Y","L2","foredune/face","1",0,0,0,0,0,0,0,0,0,0,0,0,0,0,0,0,"1","0","1","0","0","0","0","0",1,-Inf,1,-Inf,"3",2,3.5,4,7,3.5
"2970","202425","Desal Beach - Powlett River","BC","202425_Desal Beach - Powlett River_3",194,194,209,2025-01-14,2025-01-14,2025-01-29,"N","L0","foredune/face","1",1.33333333333333,0,0.333333333333333,0,0.333333333333333,0,0,2.33333333333333,3,0,1,0,1,0,0,7,"1","0","1","0","1","0","1","0",1,-Inf,1,-Inf,"3",3,7.5,4,15,7.5
"2971","202425","Desal Beach - Powlett River","BC","202425_Desal Beach - Powlett River_4",225,233,239,2025-02-14,2025-02-22,2025-02-28,"N","L0","beach","1",2.5,0,0.5,0.5,0,0,0,0,5,0,1,1,0,0,0,0,"1","0","1","1","0","0","0","0",2,-Inf,1,-Inf,"1",2,11,2,6,3
"2972","202425","Harmers Haven - 1st Bay West of A21 Steps","BC","202425_Harmers Haven - 1st Bay West of A21 Steps_1",158,158,165,2024-12-09,2024-12-09,2024-12-16,"Y","L3","beach","1",4.5,0,0.5,0,0.5,0,0,0,9,0,1,0,1,0,0,0,"1","0","1","0","1","0","0","0",3,-Inf,-Inf,-Inf,"1",2,3.5,2,7,3.5
"2973","202425","Harmers Haven - 1st Bay West of A21 Steps","BC","202425_Harmers Haven - 1st Bay West of A21 Steps_2",165,165,180,2024-12-16,2024-12-16,2024-12-31,"Y","L3","beach","1",3.66666666666667,0,0.666666666666667,0,0.666666666666667,0,0,0.666666666666667,9,0,1,0,1,0,0,2,"1","0","1","0","1","0","1","0",3,-Inf,3,-Inf,"0",3,7.5,6,15,7.5
"2974","202425","Harmers Haven - 1st Bay West of A21 Steps","BC","202425_Harmers Haven - 1st Bay West of A21 Steps_3",180,180,185,2024-12-31,2024-12-31,2025-01-05,"Y","L3","beach","1",2.5,0,2.5,1.5,1,0,0.5,0,3,0,4,3,1,0,1,0,"1","0","1","1","1","1","0","0",3,-Inf,3,-Inf,"3",2,2.5,2,5,2.5
"2975","202425","Kilcunda Trestle Bridge Beach East","BC","202425_Kilcunda Trestle Bridge Beach East_2",130,136,139,2024-11-11,2024-11-17,2024-11-20,"Y","L2","dune","1",0,0,0,0,0,0,0,0,0,0,0,0,0,0,0,0,"1","0","1","0","0","0","0","0",2,-Inf,1,-Inf,"1",1,7.5,1,3,1.5
"2976","202425","Kilcunda Trestle Bridge Beach East","BC","202425_Kilcunda Trestle Bridge Beach East_3",153,179,179,2024-12-04,2024-12-30,2024-12-30,"Y","L2","dune","0",2,0,0,0,0,0,0,0,2,0,0,0,0,0,0,0,"1","0","0","0","0","0","0","0",1,-Inf,-Inf,-Inf,"0",1,26,0,0,0
"2977","202425","Powlett River Mouth West Bank","BC","202425_Powlett River Mouth West Bank_1",197,204,209,2025-01-17,2025-01-24,2025-01-29,"Y","L3","estuary/spit","1",0,0,0,0,0,0,0,0,0,0,0,0,0,0,0,0,"1","0","0","0","0","0","0","0",3,-Inf,-Inf,-Inf,"2",2,9.5,2,5,2.5
"2978","202425","Powlett River West A16- Paperbark trk - Kilcunda","BC","202425_Powlett River West A16- Paperbark trk - Kilcunda_1",151,176,176,2024-12-02,2024-12-27,2024-12-27,"Y","L3","beach","0",0,0,0,0,0,0,0,0,0,0,0,0,0,0,0,0,"0","0","0","0","0","0","0","0",-Inf,-Inf,-Inf,-Inf,"1",1,25,0,0,0
"2979","202425","Williamsons Beach West","BC","202425_Williamsons Beach West_1",76,76,82,2024-09-18,2024-09-18,2024-09-24,"N","L0","foredune/face","1",0,0,0,0,0,0,0,0,0,0,0,0,0,0,0,0,"1","1","1","0","0","0","0","0",2,1,2,-Inf,"3",2,3,4,6,3
"2980","202425","Williamsons Beach West","BC","202425_Williamsons Beach West_2",90,91,97,2024-10-02,2024-10-03,2024-10-09,"Y","L2","foredune/face","1",0.5,0,0.5,0.5,0,0,0,0,1,0,1,1,0,0,0,0,"1","0","1","1","0","0","0","0",2,-Inf,2,-Inf,"1",2,4,4,6,3
"2981","202425","Williamsons Beach West","BC","202425_Williamsons Beach West_3",155,158,162,2024-12-06,2024-12-09,2024-12-13,"Y","L3","foredune/face","1",0,0,0,0,0,0,0,5,0,0,0,0,0,0,0,10,"1","0","1","0","0","0","1","0",2,-Inf,2,-Inf,"3",2,5,0,4,2
"2982","202425","Coal Point 2nd Bay N/W - Harmers Haven","BC","202425_Coal Point 2nd Bay N/W - Harmers Haven_1",180,180,185,2024-12-31,2024-12-31,2025-01-05,"Y","L2","foredune/face","1",1,0,0.5,0.5,0,0,0,0,1,0,1,1,0,0,0,0,"1","0","1","1","0","0","0","0",3,-Inf,3,-Inf,"3",2,2.5,2,5,2.5
"2983","202425","Wreck Beach - Harmers Haven","BC","202425_Wreck Beach - Harmers Haven_1",145,145,152,2024-11-26,2024-11-26,2024-12-03,"Y","L3","beach","1",2.5,0,1,0,1,0,0.5,0,4,0,2,0,2,0,1,0,"1","0","1","0","1","1","0","0",2,-Inf,2,-Inf,"2",2,3.5,2,7,3.5
"2984","202425","Wreck Beach - Harmers Haven","BC","202425_Wreck Beach - Harmers Haven_4",203,209,212,2025-01-23,2025-01-29,2025-02-01,"Y","L3","dune","1",1,0,0,0,0,0,0,9,1,0,0,0,0,0,0,9,"1","0","1","0","0","0","1","0",2,-Inf,2,-Inf,"2",1,7.5,1,3,1.5
"2985","202425","Twin Reefs -Bunurong Coast Rd","BC","202425_Twin Reefs - Bunurong Coast Rd_3",211,238,238,2025-01-31,2025-02-27,2025-02-27,"Y","L3","beach","0",0,0,0,0,0,0,0,0,0,0,0,0,0,0,0,0,"1","0","0","0","0","0","0","0",3,-Inf,-Inf,-Inf,"0",1,27,0,0,0
"2986","202425","Baxters Beach A19 Wonthaggi Ocean Beach","BC","202425_Baxters Beach A19 Wonthaggi Ocean Beach_1",188,188,198,2025-01-08,2025-01-08,2025-01-18,"N","L0","beach","1",2.5,0,1,1,0,0,0,1.5,3,0,2,2,0,0,0,3,"1","0","1","1","0","0","1","0",3,-Inf,2,-Inf,"2",2,5,3,10,5
"2987","202425","Baxters Beach A19 Wonthaggi Ocean Beach","BC","202425_Baxters Beach A19 Wonthaggi Ocean Beach_2",208,208,216,2025-01-28,2025-01-28,2025-02-05,"N","L0","beach","1",0,0,0,0,0,0,0,4,0,0,0,0,0,0,0,8,"0","0","0","0","0","0","1","0",-Inf,-Inf,-Inf,-Inf,"2",2,4,2,8,4
"2988","202425","Williamsons Beach A18 East - Wonthaggi","BC","202425_Williamsons Beach A18 East - Wonthaggi_1",124,125,129,2024-11-05,2024-11-06,2024-11-10,"Y","L3","beach","1",8,0,1,0,1,0,0,3,14,0,1,0,1,0,0,6,"1","0","1","0","1","0","1","0",3,-Inf,3,-Inf,"0",2,3,2,4,2
"2989","202425","Williamsons Beach A18 East - Wonthaggi","BC","202425_Williamsons Beach A18 East - Wonthaggi_1",209,209,216,2025-01-29,2025-01-29,2025-02-05,"N","L0","foredune/face","1",3,0,2,0,2,0,0,3,4,0,2,0,2,0,0,6,"1","0","1","0","1","0","1","0",3,-Inf,3,-Inf,"2",2,3.5,2,7,3.5
"2990","202425","Williamsons Beach A18 East - Wonthaggi","BC","202425_Williamsons Beach A18 East - Wonthaggi_2",224,236,242,2025-02-13,2025-02-25,2025-03-03,"Y","L3","beach","1",1.5,0,4.5,0,4.5,0,0,3,3,0,9,0,9,0,0,6,"1","0","1","0","1","0","1","0",2,-Inf,2,-Inf,"2",2,15,2,6,3
"2991","202425","Wilsons Rd 2nd Bay West End","BC","202425_Wilsons Rd 2nd Bay West End_1",166,166,168,2024-12-17,2024-12-17,2024-12-19,"N","L0","beach","1",0,0,0,0,0,0,0,0,0,0,0,0,0,0,0,0,"1","0","1","0","0","0","0","0",1,-Inf,1,-Inf,"1",2,1,0,2,1
"2992","202425","Wilsons Rd 2nd Bay West End","BC","202425_Wilsons Rd 2nd Bay West End_2",184,204,204,2025-01-04,2025-01-24,2025-01-24,"Y","L3","beach","0",0,0,0,0,0,0,0,0,0,0,0,0,0,0,0,0,"1","0","0","0","0","0","0","0",1,-Inf,-Inf,-Inf,"0",1,20,0,0,0
"2993","202425","Williamsons Beach Further East","BC","202425_Williamsons Beach Further East_1",155,155,160,2024-12-06,2024-12-06,2024-12-11,"N","L0","beach","1",0,0,0,0,0,0,0,0,0,0,0,0,0,0,0,0,"1","0","0","0","0","0","0","0",1,-Inf,-Inf,-Inf,"3",2,2.5,2,5,2.5
"2994","202425","Williamsons Beach Further East","BC","202425_Williamsons Beach Further East_2",168,168,181,2024-12-19,2024-12-19,2025-01-01,"N","L0","foredune/face","1",0,0,0,0,0,0,0,3,0,0,0,0,0,0,0,6,"1","0","0","0","0","0","1","0",1,-Inf,-Inf,-Inf,"1",2,6.5,6,13,6.5
"2995","202425","Williamsons Beach Further East","BC","202425_Williamsons Beach Further East_3",181,181,188,2025-01-01,2025-01-01,2025-01-08,"N","L0","beach","1",1,0,0,0,0,0,0,0,2,0,0,0,0,0,0,0,"1","0","0","0","0","0","0","0",1,-Inf,-Inf,-Inf,"1",2,3.5,2,7,3.5
"2996","202425","Williamsons Beach Further East","BC","202425_Williamsons Beach Further East_4",203,216,216,2025-01-23,2025-02-05,2025-02-05,"N","L0","beach","0",1,0,2,0,2,0,0,0,1,0,2,0,2,0,0,0,"1","0","1","0","1","0","0","0",1,-Inf,2,-Inf,"2",1,13,0,0,0
"2997","202425","Baxters 2 Sth","BC","202425_Baxters 2 Sth_1",97,97,97,2024-10-09,2024-10-09,2024-10-09,"N","L0","beach","1",0,0,0,0,0,0,0,2,0,0,0,0,0,0,0,2,"0","0","0","0","0","0","1","0",-Inf,-Inf,-Inf,-Inf,"1",1,0,0,0,0
"2998","202425","Baxters 2 Sth","BC","202425_Baxters 2 Sth_2",172,172,184,2024-12-23,2024-12-23,2025-01-04,"N","L0","beach","1",0,1,0,0,0,0,0,0,0,1,0,0,0,0,0,0,"1","1","0","0","0","0","0","0",1,-Inf,-Inf,-Inf,"3",1,6,5,12,6
"2999","202425","Cutlers Rocks Flock Site- Sth End","BC","202425_Cutlers Rocks Flock Site- Sth End_1",142,142,160,2024-11-23,2024-11-23,2024-12-11,"N","L0","beach","1",0,0,0,0,0,0,1.5,0,0,0,0,0,0,0,3,0,"0","1","0","0","0","1","0","0",-Inf,1,-Inf,-Inf,"0",2,9,6,18,9
"3000","202425","Cutlers Rocks Flock Site- Sth End","BC","202425_Cutlers Rocks Flock Site- Sth End_2",160,160,167,2024-12-11,2024-12-11,2024-12-18,"N","L0","beach","1",0,0,0,0,0,0,0,0,0,0,0,0,0,0,0,0,"0","0","0","0","0","0","0","0",-Inf,-Inf,-Inf,-Inf,"0",2,3.5,2,7,3.5
"3001","202425","Inverloch - Abbott St","BC","202425_Inverloch - Abbott St_1",153,173,177,2024-12-04,2024-12-24,2024-12-28,"Y","L3","dune","1",8,0,6,4,2,0,0,0,12,0,7,5,4,0,0,0,"1","0","1","1","1","0","0","0",2,-Inf,1,-Inf,"0",2,22,3,4,2
"3002","202425","Baxters North Wonthaggi","BC","202425_Baxters North Wonthaggi_1",160,172,181,2024-12-11,2024-12-23,2025-01-01,"N","L0","foredune/face","1",1,0,1.5,0.5,1,0,0,3,2,0,3,1,2,0,0,6,"1","0","1","1","1","0","1","0",1,-Inf,1,-Inf,"2",2,16.5,4,9,4.5
"3003","202425","Baxters North Wonthaggi","BC","202425_Baxters North Wonthaggi_2",188,216,228,2025-01-08,2025-02-05,2025-02-17,"N","L0","beach","1",0.5,0,1,0,1,0,0,4.5,1,0,2,0,2,0,0,5,"1","0","1","0","1","0","1","0",2,-Inf,2,-Inf,"1",2,34,4,12,6
"3004","202425","Baxters North Wonthaggi","BC","202425_Baxters North Wonthaggi_3",228,228,239,2025-02-17,2025-02-17,2025-02-28,"N","L0","beach","1",0,0,0,0,0,0,0,2.5,0,0,0,0,0,0,0,5,"1","0","1","0","0","0","1","0",3,-Inf,3,-Inf,"1",2,5.5,2,11,5.5
